"id","eixo","subeixo","modalidade","fonte","subfonte","ano_selecao","uf","municipio","regiao","codigo","grupo_modalidade","vlr_portaria_ogu","vlr_portaria_fin","vlr_portaria_total","status_selecao","tipo_financiamento","origem_dado","num_portaria","link_portaria"
S-1,Cidades Sustentáveis e Resilientes,Esgotamento Sanitário,Esgotamento Sanitário,FIN,FGTS,2025,SC,LAJES,Sul,"56000000686/2025",Seleção Normal,,28555358.2,28555358.2,enquadrada,Setor Público,Novo PAC - Seleção,"1.425, de 2025",https://in.gov.br/web/dou/-/portaria-mcid-n-1.425-de-10-de-dezembro-de-2025-674489067
S-2,Cidades Sustentáveis e Resilientes,Esgotamento Sanitário,Esgotamento Sanitário,FIN,FGTS,2025,BA,SALVADOR,Nordeste,"56000000563/2025",Seleção Normal,,35130080.92,35130080.92,enquadrada,Setor Privado,Novo PAC - Seleção,"1.425, de 2025",https://in.gov.br/web/dou/-/portaria-mcid-n-1.425-de-10-de-dezembro-de-2025-674489067
S-3,Cidades Sustentáveis e Resilientes,Esgotamento Sanitário,Esgotamento Sanitário,FIN,FGTS,2025,BA,JAGUARARI,Nordeste,"56000000601/2025",Seleção Normal,,29657922.79,29657922.79,enquadrada,Setor Privado,Novo PAC - Seleção,"1.425, de 2025",https://in.gov.br/web/dou/-/portaria-mcid-n-1.425-de-10-de-dezembro-de-2025-674489067
S-4,Cidades Sustentáveis e Resilientes,Esgotamento Sanitário,Esgotamento Sanitário,FIN,FGTS,2025,BA,ITAPICURU,Nordeste,"56000000669/2025",Seleção Normal,,35940485,35940485,enquadrada,Setor Privado,Novo PAC - Seleção,"1.425, de 2025",https://in.gov.br/web/dou/-/portaria-mcid-n-1.425-de-10-de-dezembro-de-2025-674489067
S-5,Cidades Sustentáveis e Resilientes,Esgotamento Sanitário,Esgotamento Sanitário,FIN,FGTS,2025,BA,SALVADOR,Nordeste,"56000000911/2025",Seleção Normal,,76963437.59,76963437.59,enquadrada,Setor Privado,Novo PAC - Seleção,"1.425, de 2025",https://in.gov.br/web/dou/-/portaria-mcid-n-1.425-de-10-de-dezembro-de-2025-674489067
S-6,Cidades Sustentáveis e Resilientes,Esgotamento Sanitário,Esgotamento Sanitário,FIN,FGTS,2025,BA,IBIRATAIA,Nordeste,"56000001219/2025",Seleção Normal,,91304589.95,91304589.95,enquadrada,Setor Privado,Novo PAC - Seleção,"1.425, de 2025",https://in.gov.br/web/dou/-/portaria-mcid-n-1.425-de-10-de-dezembro-de-2025-674489067
S-7,Cidades Sustentáveis e Resilientes,Esgotamento Sanitário,Esgotamento Sanitário,FIN,FGTS,2025,BA,ITUBERA,Nordeste,"56000001330/2025",Seleção Normal,,133650435.7,133650435.7,enquadrada,Setor Privado,Novo PAC - Seleção,"1.425, de 2025",https://in.gov.br/web/dou/-/portaria-mcid-n-1.425-de-10-de-dezembro-de-2025-674489067
S-8,Cidades Sustentáveis e Resilientes,Esgotamento Sanitário,Esgotamento Sanitário,FIN,FGTS,2025,BA,FEIRA DE SANTANA,Nordeste,"56000000622/2025",Seleção Normal,,365000000,365000000,enquadrada,Setor Privado,Novo PAC - Seleção,"1.425, de 2025",https://in.gov.br/web/dou/-/portaria-mcid-n-1.425-de-10-de-dezembro-de-2025-674489067
S-9,Cidades Sustentáveis e Resilientes,Esgotamento Sanitário,Esgotamento Sanitário,FIN,FGTS,2025,BA,MATA DE SAO JOAO,Nordeste,"56000008233/2025",Seleção Normal,,89186425.26,89186425.26,enquadrada,Setor Privado,Novo PAC - Seleção,"1.425, de 2025",https://in.gov.br/web/dou/-/portaria-mcid-n-1.425-de-10-de-dezembro-de-2025-674489067
S-10,Cidades Sustentáveis e Resilientes,Esgotamento Sanitário,Esgotamento Sanitário,FIN,FGTS,2025,GO,CATALAO,Centro-Oeste,"56000001438/2025",Seleção Normal,,8000000,8000000,enquadrada,Setor Público,Novo PAC - Seleção,"1.425, de 2025",https://in.gov.br/web/dou/-/portaria-mcid-n-1.425-de-10-de-dezembro-de-2025-674489067
S-11,Cidades Sustentáveis e Resilientes,Esgotamento Sanitário,Esgotamento Sanitário,FIN,FGTS,2025,MG,UBERLÂNDIA,Sudeste,"56000000464/2025",Seleção Normal,,1012358.46,1012358.46,enquadrada,Setor Público,Novo PAC - Seleção,"1.425, de 2025",https://in.gov.br/web/dou/-/portaria-mcid-n-1.425-de-10-de-dezembro-de-2025-674489067
S-12,Cidades Sustentáveis e Resilientes,Esgotamento Sanitário,Esgotamento Sanitário,FIN,FGTS,2025,MG,OLIVEIRA,Sudeste,"56000001645/2025",Seleção Normal,,674301.74,674301.74,enquadrada,Setor Público,Novo PAC - Seleção,"1.425, de 2025",https://in.gov.br/web/dou/-/portaria-mcid-n-1.425-de-10-de-dezembro-de-2025-674489067
S-13,Cidades Sustentáveis e Resilientes,Esgotamento Sanitário,Esgotamento Sanitário,FIN,FGTS,2025,MT,IPIRANGA DO NORTE,Centro-Oeste,"56000000409/2025",Seleção Normal,,27705870.26,27705870.26,enquadrada,Setor Público,Novo PAC - Seleção,"1.425, de 2025",https://in.gov.br/web/dou/-/portaria-mcid-n-1.425-de-10-de-dezembro-de-2025-674489067
S-14,Cidades Sustentáveis e Resilientes,Esgotamento Sanitário,Esgotamento Sanitário,FIN,FGTS,2025,RJ,MANGARATIBA,Sudeste,"56000000727/2025",Seleção Normal,,46118261,46118261,enquadrada,Setor Privado,Novo PAC - Seleção,"1.425, de 2025",https://in.gov.br/web/dou/-/portaria-mcid-n-1.425-de-10-de-dezembro-de-2025-674489067
S-15,Cidades Sustentáveis e Resilientes,Esgotamento Sanitário,Esgotamento Sanitário,FIN,FGTS,2025,RJ,MANGARATIBA,Sudeste,"56000001488/2025",Seleção Normal,,93974051.87,93974051.87,enquadrada,Setor Privado,Novo PAC - Seleção,"1.425, de 2025",https://in.gov.br/web/dou/-/portaria-mcid-n-1.425-de-10-de-dezembro-de-2025-674489067
S-16,Cidades Sustentáveis e Resilientes,Esgotamento Sanitário,Esgotamento Sanitário,FIN,FGTS,2025,SP,VALINHOS,Sudeste,"56000000084/2025",Seleção Normal,,108688877.67,108688877.67,enquadrada,Setor Público,Novo PAC - Seleção,"1.425, de 2025",https://in.gov.br/web/dou/-/portaria-mcid-n-1.425-de-10-de-dezembro-de-2025-674489067
S-17,Cidades Sustentáveis e Resilientes,Esgotamento Sanitário,Esgotamento Sanitário,FIN,FGTS,2025,SP,ITU,Sudeste,"56000000960/2025",Seleção Normal,,57260148.3,57260148.3,enquadrada,Setor Público,Novo PAC - Seleção,"1.425, de 2025",https://in.gov.br/web/dou/-/portaria-mcid-n-1.425-de-10-de-dezembro-de-2025-674489067
S-18,Cidades Sustentáveis e Resilientes,Resíduos Sólidos,Resíduos Sólidos,OGU,OGU,2025,AP,TARTARUGALZINHO,Norte,"56000008460/2025",Seleção Normal,15000000,,15000000,selecionada,Setor Público,Novo PAC - Seleção,"1.488, de 2025",https://in.gov.br/web/dou/-/portaria-mcid-n-1.488-de-24-de-dezembro-de-2025-678071129
S-19,Cidades Sustentáveis e Resilientes,Resíduos Sólidos,Resíduos Sólidos,OGU,OGU,2025,MA,ESTADO DO MA,Nordeste,"56000008394/2025",Seleção Normal,15200000,,15200000,selecionada,Setor Público,Novo PAC - Seleção,"1.488, de 2025",https://in.gov.br/web/dou/-/portaria-mcid-n-1.488-de-24-de-dezembro-de-2025-678071129
S-20,Cidades Sustentáveis e Resilientes,Resíduos Sólidos,Resíduos Sólidos,OGU,OGU,2025,MS,NAVIRAI,Centro-Oeste,"56000008362/2025",Seleção Normal,2356867,,2356867,selecionada,Setor Público,Novo PAC - Seleção,"1.488, de 2025",https://in.gov.br/web/dou/-/portaria-mcid-n-1.488-de-24-de-dezembro-de-2025-678071129
S-21,Cidades Sustentáveis e Resilientes,Resíduos Sólidos,Resíduos Sólidos,OGU,OGU,2025,PA,BREVES,Norte,"56000008542/2025",Seleção Normal,1467979,,1467979,selecionada,Setor Público,Novo PAC - Seleção,"1.488, de 2025",https://in.gov.br/web/dou/-/portaria-mcid-n-1.488-de-24-de-dezembro-de-2025-678071129
S-22,Cidades Sustentáveis e Resilientes,Mobilidade Urbana Sustentável,Renovação de Frota,FIN,FGTS,2025,MG,JUIZ DE FORA,Sudeste,carta consulta 152/2025,Seleção Normal,,34093600,34093600,selecionada,Setor Privado,Novo PAC - Seleção,"1.175, de 2025",https://www.in.gov.br/web/dou/-/portaria-mcid-n-1.175-de-7-de-outubro-de-2025-661309113
S-23,Cidades Sustentáveis e Resilientes,Mobilidade Urbana Sustentável,Renovação de Frota,FIN,FGTS,2025,MG,BELO HORIZONTE,Sudeste,carta consulta 156/2025,Seleção Normal,,75278000,75278000,selecionada,Setor Privado,Novo PAC - Seleção,"1.174, de 2025",https://www.in.gov.br/web/dou/-/portaria-mcid-n-1.174-de-7-de-outubro-de-2025-661322785
S-24,Cidades Sustentáveis e Resilientes,Mobilidade Urbana Sustentável,Renovação de Frota,FIN,FGTS,2025,SC,FLORIANOPOLIS,Sul,carta consulta 160/2025,Seleção Normal,,8265000,8265000,selecionada,Setor Privado,Novo PAC - Seleção,"1.266, de 2025",https://www.in.gov.br/en/web/dou/-/portaria-mcid-n-1.266-de-3-de-novembro-de-2025-667087974
S-25,Cidades Sustentáveis e Resilientes,Mobilidade Urbana Sustentável,Renovação de Frota,FIN,FGTS,2025,SC,FLORIANOPOLIS,Sul,carta consulta 164/2025,Seleção Normal,,10212500,10212500,selecionada,Setor Privado,Novo PAC - Seleção,"1.269, de 2025",https://www.in.gov.br/en/web/dou/-/portaria-mcid-n-1.269-de-3-de-novembro-de-2025-667110102
S-26,Cidades Sustentáveis e Resilientes,Mobilidade Urbana Sustentável,Renovação de Frota,FIN,FGTS,2025,SP,FRANCISCO MORATO,Sudeste,carta consulta 168/2025,Seleção Normal,,28500000,28500000,selecionada,Setor Privado,Novo PAC - Seleção,"1.309, de 2025",https://www.in.gov.br/web/dou/-/portaria-mcid-n-1.309-de-13-de-novembro-de-2025-669544261
S-27,Cidades Sustentáveis e Resilientes,Mobilidade Urbana Sustentável,Renovação de Frota,FIN,FGTS,2025,DF,BRASILIA,Centro-Oeste,carta consulta 182/2025,Seleção Normal,,139400000,139400000,selecionada,Setor Privado,Novo PAC - Seleção,"1.333, de 2025",https://www.in.gov.br/web/dou/-/portaria-mcid-n-1.333-de-19-de-novembro-de-2025-670237131
S-28,Cidades Sustentáveis e Resilientes,Resíduos Sólidos,Resíduos Sólidos,OGU,OGU,2025,PA,SAO CAETANO DE ODIVELAS,Norte,"56000008462/2025",Seleção Normal,4872938,,4872938,selecionada,Setor Público,Novo PAC - Seleção,"1.488, de 2025",https://in.gov.br/web/dou/-/portaria-mcid-n-1.488-de-24-de-dezembro-de-2025-678071129
S-29,Cidades Sustentáveis e Resilientes,Resíduos Sólidos,Resíduos Sólidos,OGU,OGU,2025,PE,TACARATU,Nordeste,"56000008540/2025",Seleção Normal,2522149,,2522149,selecionada,Setor Público,Novo PAC - Seleção,"1.488, de 2025",https://in.gov.br/web/dou/-/portaria-mcid-n-1.488-de-24-de-dezembro-de-2025-678071129
S-30,Cidades Sustentáveis e Resilientes,Resíduos Sólidos,Resíduos Sólidos,OGU,OGU,2025,RJ,SILVA JARDIM,Sudeste,"56000008465/2025",Seleção Normal,3376755,,3376755,selecionada,Setor Público,Novo PAC - Seleção,"1.488, de 2025",https://in.gov.br/web/dou/-/portaria-mcid-n-1.488-de-24-de-dezembro-de-2025-678071129
S-31,Cidades Sustentáveis e Resilientes,Resíduos Sólidos,Resíduos Sólidos,OGU,OGU,2025,RS,RIO GRANDE,Sul,"56000008385/2025",Seleção Normal,8000000,,8000000,selecionada,Setor Público,Novo PAC - Seleção,"1.488, de 2025",https://in.gov.br/web/dou/-/portaria-mcid-n-1.488-de-24-de-dezembro-de-2025-678071129
S-32,Cidades Sustentáveis e Resilientes,Resíduos Sólidos,Resíduos Sólidos,OGU,OGU,2025,SE,NOSSA SENHORA DO SOCORRO,Nordeste,"56000008354/2025",Seleção Normal,8422483,,8422483,selecionada,Setor Público,Novo PAC - Seleção,"1.488, de 2025",https://in.gov.br/web/dou/-/portaria-mcid-n-1.488-de-24-de-dezembro-de-2025-678071129
S-33,Cidades Sustentáveis e Resilientes,Resíduos Sólidos,Resíduos Sólidos,OGU,OGU,2025,SP,MOGI GUACU,Sudeste,"56000008397/2025",Seleção Normal,2906185,,2906185,selecionada,Setor Público,Novo PAC - Seleção,"1.488, de 2025",https://in.gov.br/web/dou/-/portaria-mcid-n-1.488-de-24-de-dezembro-de-2025-678071129
S-34,Cidades Sustentáveis e Resilientes,Esgotamento Sanitário,Esgotamento Sanitário,FIN,FGTS,2025,MT,CACERES,Centro-Oeste,"56000008273/2025",Seleção Normal,,72247225.88,72247225.88,enquadrada,Setor Público,Novo PAC - Seleção,"1.426, de 2025",https://www.in.gov.br/en/web/dou/-/portaria-mcid-n-1.426-de-10-de-dezembro-de-2025-674494218
S-35,Cidades Sustentáveis e Resilientes,Esgotamento Sanitário,Esgotamento Sanitário,OGU,OGU,2024,SP,SANTA ADELIA,Sudeste,"56000000513/2023",Seleção Normal,1804198.55,0,1804198.55,selecionada,,Novo PAC - Seleção,"769, de 2024",https://www.in.gov.br/en/web/dou/-/portaria-mcid-n-769-de-26-de-julho-de-2024-574546917
S-36,Cidades Sustentáveis e Resilientes,Esgotamento Sanitário,Esgotamento Sanitário,OGU,OGU,2024,SE,ARACAJU,Nordeste,"56000000197/2023",Seleção Normal,83140579.37,0,83140579.37,selecionada,,Novo PAC - Seleção,"769, de 2024",https://www.in.gov.br/en/web/dou/-/portaria-mcid-n-769-de-26-de-julho-de-2024-574546917
S-37,Cidades Sustentáveis e Resilientes,Esgotamento Sanitário,Esgotamento Sanitário,OGU,OGU,2024,MS,BELA VISTA,Centro-Oeste,"56000000230/2023",Seleção Normal,3500000,0,3500000,selecionada,,Novo PAC - Seleção,"769, de 2024",https://www.in.gov.br/en/web/dou/-/portaria-mcid-n-769-de-26-de-julho-de-2024-574546917
S-38,Cidades Sustentáveis e Resilientes,Esgotamento Sanitário,Esgotamento Sanitário,OGU,OGU,2024,RJ,MENDES,Sudeste,"56000000391/2023",Seleção Normal,29217403.35,0,29217403.35,selecionada,,Novo PAC - Seleção,"769, de 2024",https://www.in.gov.br/en/web/dou/-/portaria-mcid-n-769-de-26-de-julho-de-2024-574546917
S-39,Cidades Sustentáveis e Resilientes,Esgotamento Sanitário,Esgotamento Sanitário,OGU,OGU,2024,SP,BROTAS,Sudeste,"56000002513/2023",Seleção Normal,16458516.42,0,16458516.42,selecionada,,Novo PAC - Seleção,"769, de 2024",https://www.in.gov.br/en/web/dou/-/portaria-mcid-n-769-de-26-de-julho-de-2024-574546917
S-40,Cidades Sustentáveis e Resilientes,Esgotamento Sanitário,Esgotamento Sanitário,OGU,OGU,2024,BA,BREJOLANDIA,Nordeste,"56000000612/2023",Seleção Normal,18993884.62,0,18993884.62,selecionada,,Novo PAC - Seleção,"769, de 2024",https://www.in.gov.br/en/web/dou/-/portaria-mcid-n-769-de-26-de-julho-de-2024-574546917
S-41,Cidades Sustentáveis e Resilientes,Esgotamento Sanitário,Esgotamento Sanitário,OGU,OGU,2024,SC,CAPINZAL,Sul,"56000000857/2023",Seleção Normal,7113685.34,0,7113685.34,selecionada,,Novo PAC - Seleção,"769, de 2024",https://www.in.gov.br/en/web/dou/-/portaria-mcid-n-769-de-26-de-julho-de-2024-574546917
S-42,Cidades Sustentáveis e Resilientes,Esgotamento Sanitário,Esgotamento Sanitário,OGU,OGU,2024,MG,UBAPORANGA,Sudeste,"56000000951/2023",Seleção Normal,25887158.08,0,25887158.08,selecionada,,Novo PAC - Seleção,"769, de 2024",https://www.in.gov.br/en/web/dou/-/portaria-mcid-n-769-de-26-de-julho-de-2024-574546917
S-43,Cidades Sustentáveis e Resilientes,Esgotamento Sanitário,Esgotamento Sanitário,OGU,OGU,2024,SC,BRUNOPOLIS,Sul,"56000001502/2023",Seleção Normal,5066310.75,0,5066310.75,selecionada,,Novo PAC - Seleção,"769, de 2024",https://www.in.gov.br/en/web/dou/-/portaria-mcid-n-769-de-26-de-julho-de-2024-574546917
S-44,Cidades Sustentáveis e Resilientes,Esgotamento Sanitário,Esgotamento Sanitário,OGU,OGU,2024,MG,IAPU,Sudeste,"56000002061/2023",Seleção Normal,6146402.39,0,6146402.39,selecionada,,Novo PAC - Seleção,"769, de 2024",https://www.in.gov.br/en/web/dou/-/portaria-mcid-n-769-de-26-de-julho-de-2024-574546917
S-45,Cidades Sustentáveis e Resilientes,Esgotamento Sanitário,Esgotamento Sanitário,OGU,OGU,2024,RN,CRUZETA,Nordeste,"56000002160/2023",Seleção Normal,15609671.94,0,15609671.94,selecionada,,Novo PAC - Seleção,"769, de 2024",https://www.in.gov.br/en/web/dou/-/portaria-mcid-n-769-de-26-de-julho-de-2024-574546917
S-46,Cidades Sustentáveis e Resilientes,Esgotamento Sanitário,Esgotamento Sanitário,OGU,OGU,2024,MG,SAO JOAO DO MANHUACU,Sudeste,"56000002538/2023",Seleção Normal,14283488.61,0,14283488.61,selecionada,,Novo PAC - Seleção,"769, de 2024",https://www.in.gov.br/en/web/dou/-/portaria-mcid-n-769-de-26-de-julho-de-2024-574546917
S-47,Cidades Sustentáveis e Resilientes,Esgotamento Sanitário,Esgotamento Sanitário,OGU,OGU,2024,TO,PAU D'ARCO,Norte,"56000002658/2023",Seleção Normal,10403922.6,0,10403922.6,selecionada,,Novo PAC - Seleção,"769, de 2024",https://www.in.gov.br/en/web/dou/-/portaria-mcid-n-769-de-26-de-julho-de-2024-574546917
S-48,Cidades Sustentáveis e Resilientes,Mobilidade Urbana Sustentável,Renovação de Frota,FIN,FGTS,2026,RS,Porto Alegre,Sul,carta consulta 03/2026,Seleção Normal,0,13300000,13300000,selecionada,Setor Privado,Novo PAC - Seleção,"92, de 2026",https://www.in.gov.br/web/dou/-/portaria-mcid-n-92-de-27-de-janeiro-de-2026-684174490
S-49,Cidades Sustentáveis e Resilientes,Mobilidade Urbana Sustentável,Renovação de Frota,FIN,FGTS,2026,MG,Belo Horizonte,Sudeste,carta consulta 09/2026,Seleção Normal,0,17340000,17340000,selecionada,Setor Privado,Novo PAC - Seleção,"162, de 2026",https://www.in.gov.br/web/dou/-/portaria-mcid-n-168-de-20-de-fevereiro-de-2026-688408409
S-50,Cidades Sustentáveis e Resilientes,Mobilidade Urbana Sustentável,Renovação de Frota,FIN,FGTS,2026,PE,"Itamaracá, Araçoiaba, Itapissuma, Igarassu, Abreu e Lima, Paulista, Olinda e Recife",Nordeste,carta consulta 02/2026,Seleção Normal,0,9600000,9600000,selecionada,Setor Privado,Novo PAC - Seleção,"164, de 2026",https://www.in.gov.br/web/dou/-/portaria-mcid-n-164-de-20-de-fevereiro-de-2026-688419404
S-51,Cidades Sustentáveis e Resilientes,Prevenção a Desastres,Drenagem Urbana,OGU,OGU,2025,AL,MARAGOGI,Nordeste,"56000002108/2025",Seleção Normal,18143734.46,0,18143734.46,selecionada,,Novo PAC - Seleção,"1.083, de 2025",https://www.in.gov.br/en/web/dou/-/portaria-mcid-n-1.083-de-18-de-setembro-de-2025-657673658
S-52,Cidades Sustentáveis e Resilientes,Prevenção a Desastres,Drenagem Urbana,OGU,OGU,2025,AM,ITACOATIARA,Norte,"56000002348/2025",Seleção Normal,10000000,0,10000000,selecionada,,Novo PAC - Seleção,"1.083, de 2025",https://www.in.gov.br/en/web/dou/-/portaria-mcid-n-1.083-de-18-de-setembro-de-2025-657673658
S-53,Cidades Sustentáveis e Resilientes,Prevenção a Desastres,Drenagem Urbana,OGU,OGU,2025,BA,ESTADO DA BAHIA,Nordeste,"56000001616/2025",Seleção Normal,146677138.2,0,146677138.2,selecionada,,Novo PAC - Seleção,"1.083, de 2025",https://www.in.gov.br/en/web/dou/-/portaria-mcid-n-1.083-de-18-de-setembro-de-2025-657673658
S-54,Cidades Sustentáveis e Resilientes,Prevenção a Desastres,Drenagem Urbana,OGU,OGU,2025,BA,JUAZEIRO,Nordeste,"56000000534/2025",Seleção Normal,44825566.8,0,44825566.8,selecionada,,Novo PAC - Seleção,"1.083, de 2025",https://www.in.gov.br/en/web/dou/-/portaria-mcid-n-1.083-de-18-de-setembro-de-2025-657673658
S-55,Cidades Sustentáveis e Resilientes,Prevenção a Desastres,Drenagem Urbana,OGU,OGU,2025,CE,CRATEUS,Nordeste,"56000001400/2025",Seleção Normal,70183126.52,0,70183126.52,selecionada,,Novo PAC - Seleção,"1.083, de 2025",https://www.in.gov.br/en/web/dou/-/portaria-mcid-n-1.083-de-18-de-setembro-de-2025-657673658
S-56,Cidades Sustentáveis e Resilientes,Prevenção a Desastres,Drenagem Urbana,OGU,OGU,2025,CE,MORADA NOVA,Nordeste,"56000002257/2025",Seleção Normal,11410871.01,0,11410871.01,selecionada,,Novo PAC - Seleção,"1.083, de 2025",https://www.in.gov.br/en/web/dou/-/portaria-mcid-n-1.083-de-18-de-setembro-de-2025-657673658
S-57,Cidades Sustentáveis e Resilientes,Prevenção a Desastres,Drenagem Urbana,OGU,OGU,2025,GO,ANAPOLIS,Centro-Oeste,"56000000991/2025",Seleção Normal,30000000,0,30000000,selecionada,,Novo PAC - Seleção,"1.083, de 2025",https://www.in.gov.br/en/web/dou/-/portaria-mcid-n-1.083-de-18-de-setembro-de-2025-657673658
S-58,Cidades Sustentáveis e Resilientes,Prevenção a Desastres,Drenagem Urbana,OGU,OGU,2025,MA,BACABAL,Nordeste,"56000001634/2025",Seleção Normal,26000000,0,26000000,selecionada,,Novo PAC - Seleção,"1.083, de 2025",https://www.in.gov.br/en/web/dou/-/portaria-mcid-n-1.083-de-18-de-setembro-de-2025-657673658
S-59,Cidades Sustentáveis e Resilientes,Prevenção a Desastres,Drenagem Urbana,OGU,OGU,2025,MA,TIMON,Nordeste,"56000000015/2025",Seleção Normal,50000000,0,50000000,selecionada,,Novo PAC - Seleção,"1.083, de 2025",https://www.in.gov.br/en/web/dou/-/portaria-mcid-n-1.083-de-18-de-setembro-de-2025-657673658
S-60,Cidades Sustentáveis e Resilientes,Prevenção a Desastres,Drenagem Urbana,OGU,OGU,2025,MG,IBIRITE,Sudeste,"56000002137/2025",Seleção Normal,10441138.63,0,10441138.63,selecionada,,Novo PAC - Seleção,"1.083, de 2025",https://www.in.gov.br/en/web/dou/-/portaria-mcid-n-1.083-de-18-de-setembro-de-2025-657673658
S-61,Cidades Sustentáveis e Resilientes,Prevenção a Desastres,Drenagem Urbana,OGU,OGU,2025,MT,CONFRESA,Centro-Oeste,"56000001505/2025",Seleção Normal,23893182.63,0,23893182.63,selecionada,,Novo PAC - Seleção,"1.083, de 2025",https://www.in.gov.br/en/web/dou/-/portaria-mcid-n-1.083-de-18-de-setembro-de-2025-657673658
S-62,Cidades Sustentáveis e Resilientes,Prevenção a Desastres,Drenagem Urbana,OGU,OGU,2025,PA,ALMEIRIM,Norte,"56000000904/2025",Seleção Normal,20000000,0,20000000,selecionada,,Novo PAC - Seleção,"1.083, de 2025",https://www.in.gov.br/en/web/dou/-/portaria-mcid-n-1.083-de-18-de-setembro-de-2025-657673658
S-63,Cidades Sustentáveis e Resilientes,Prevenção a Desastres,Drenagem Urbana,OGU,OGU,2025,PA,BRAGANCA,Norte,"56000000416/2025",Seleção Normal,61000000,0,61000000,selecionada,,Novo PAC - Seleção,"1.083, de 2025",https://www.in.gov.br/en/web/dou/-/portaria-mcid-n-1.083-de-18-de-setembro-de-2025-657673658
S-64,Cidades Sustentáveis e Resilientes,Prevenção a Desastres,Drenagem Urbana,OGU,OGU,2025,PA,CURUA,Norte,"56000000789/2025",Seleção Normal,10000000,0,10000000,selecionada,,Novo PAC - Seleção,"1.083, de 2025",https://www.in.gov.br/en/web/dou/-/portaria-mcid-n-1.083-de-18-de-setembro-de-2025-657673658
S-65,Cidades Sustentáveis e Resilientes,Prevenção a Desastres,Drenagem Urbana,OGU,OGU,2025,PA,MONTE ALEGRE,Norte,"56000000012/2025",Seleção Normal,18000000,0,18000000,selecionada,,Novo PAC - Seleção,"1.083, de 2025",https://www.in.gov.br/en/web/dou/-/portaria-mcid-n-1.083-de-18-de-setembro-de-2025-657673658
S-66,Cidades Sustentáveis e Resilientes,Prevenção a Desastres,Drenagem Urbana,OGU,OGU,2025,PA,PARAGOMINAS,Norte,"56000000753/2025",Seleção Normal,60000000,0,60000000,selecionada,,Novo PAC - Seleção,"1.083, de 2025",https://www.in.gov.br/en/web/dou/-/portaria-mcid-n-1.083-de-18-de-setembro-de-2025-657673658
S-67,Cidades Sustentáveis e Resilientes,Prevenção a Desastres,Drenagem Urbana,OGU,OGU,2025,PA,VIGIA,Norte,"56000000849/2025",Seleção Normal,15000000,0,15000000,selecionada,,Novo PAC - Seleção,"1.083, de 2025",https://www.in.gov.br/en/web/dou/-/portaria-mcid-n-1.083-de-18-de-setembro-de-2025-657673658
S-68,Cidades Sustentáveis e Resilientes,Prevenção a Desastres,Drenagem Urbana,OGU,OGU,2025,PB,CAMPINA GRANDE,Nordeste,"56000001430/2025",Seleção Normal,46350000,0,46350000,selecionada,,Novo PAC - Seleção,"1.083, de 2025",https://www.in.gov.br/en/web/dou/-/portaria-mcid-n-1.083-de-18-de-setembro-de-2025-657673658
S-69,Cidades Sustentáveis e Resilientes,Prevenção a Desastres,Drenagem Urbana,OGU,OGU,2025,PE,LIMOEIRO,Nordeste,"56000000498/2025",Seleção Normal,14486788.88,0,14486788.88,selecionada,,Novo PAC - Seleção,"1.083, de 2025",https://www.in.gov.br/en/web/dou/-/portaria-mcid-n-1.083-de-18-de-setembro-de-2025-657673658
S-70,Cidades Sustentáveis e Resilientes,Prevenção a Desastres,Drenagem Urbana,OGU,OGU,2025,PE,CABO DE SANTO AGOSTINHO,Nordeste,"56000001511/2025",Seleção Normal,24900000,0,24900000,selecionada,,Novo PAC - Seleção,"1.083, de 2025",https://www.in.gov.br/en/web/dou/-/portaria-mcid-n-1.083-de-18-de-setembro-de-2025-657673658
S-71,Cidades Sustentáveis e Resilientes,Prevenção a Desastres,Drenagem Urbana,OGU,OGU,2025,PR,FRANCISCO BELTRAO,Sul,"56000001229/2025",Seleção Normal,14000000,0,14000000,selecionada,,Novo PAC - Seleção,"1.083, de 2025",https://www.in.gov.br/en/web/dou/-/portaria-mcid-n-1.083-de-18-de-setembro-de-2025-657673658
S-72,Cidades Sustentáveis e Resilientes,Prevenção a Desastres,Drenagem Urbana,OGU,OGU,2025,RJ,DUQUE DE CAXIAS,Sudeste,"56000000490/2025",Seleção Normal,49530868.3,0,49530868.3,selecionada,,Novo PAC - Seleção,"1.083, de 2025",https://www.in.gov.br/en/web/dou/-/portaria-mcid-n-1.083-de-18-de-setembro-de-2025-657673658
S-73,Cidades Sustentáveis e Resilientes,Prevenção a Desastres,Drenagem Urbana,OGU,OGU,2025,RJ,SAO JOAO DE MERITI,Sudeste,"56000000756/2025",Seleção Normal,50000000,0,50000000,selecionada,,Novo PAC - Seleção,"1.083, de 2025",https://www.in.gov.br/en/web/dou/-/portaria-mcid-n-1.083-de-18-de-setembro-de-2025-657673658
S-74,Cidades Sustentáveis e Resilientes,Prevenção a Desastres,Drenagem Urbana,OGU,OGU,2025,RR,PACARAIMA,Norte,"56000000898/2025",Seleção Normal,12234332.86,0,12234332.86,selecionada,,Novo PAC - Seleção,"1.083, de 2025",https://www.in.gov.br/en/web/dou/-/portaria-mcid-n-1.083-de-18-de-setembro-de-2025-657673658
S-75,Cidades Sustentáveis e Resilientes,Prevenção a Desastres,Drenagem Urbana,OGU,OGU,2025,RS,GUAIBA,Sul,"56000001510/2025",Seleção Normal,39677560.61,0,39677560.61,selecionada,,Novo PAC - Seleção,"1.083, de 2025",https://www.in.gov.br/en/web/dou/-/portaria-mcid-n-1.083-de-18-de-setembro-de-2025-657673658
S-76,Cidades Sustentáveis e Resilientes,Prevenção a Desastres,Drenagem Urbana,OGU,OGU,2025,RS,SAO LOURENCO DO SUL,Sul,"56000001518/2025",Seleção Normal,37774425,0,37774425,selecionada,,Novo PAC - Seleção,"1.083, de 2025",https://www.in.gov.br/en/web/dou/-/portaria-mcid-n-1.083-de-18-de-setembro-de-2025-657673658
S-77,Cidades Sustentáveis e Resilientes,Prevenção a Desastres,Drenagem Urbana,OGU,OGU,2025,SC,BALNEARIO CAMBORIU,Sul,"56000000878/2025",Seleção Normal,29679584.38,0,29679584.38,selecionada,,Novo PAC - Seleção,"1.083, de 2025",https://www.in.gov.br/en/web/dou/-/portaria-mcid-n-1.083-de-18-de-setembro-de-2025-657673658
S-78,Cidades Sustentáveis e Resilientes,Prevenção a Desastres,Drenagem Urbana,OGU,OGU,2025,SC,JOINVILLE,Sul,"56000000616/2025",Seleção Normal,80000000,0,80000000,selecionada,,Novo PAC - Seleção,"1.083, de 2025",https://www.in.gov.br/en/web/dou/-/portaria-mcid-n-1.083-de-18-de-setembro-de-2025-657673658
S-79,Cidades Sustentáveis e Resilientes,Prevenção a Desastres,Drenagem Urbana,OGU,OGU,2025,SP,BOTUCATU,Sudeste,"56000002254/2025",Seleção Normal,71710000,0,71710000,selecionada,,Novo PAC - Seleção,"1.083, de 2025",https://www.in.gov.br/en/web/dou/-/portaria-mcid-n-1.083-de-18-de-setembro-de-2025-657673658
S-80,Cidades Sustentáveis e Resilientes,Prevenção a Desastres,Drenagem Urbana,OGU,OGU,2025,SP,GUARULHOS,Sudeste,"56000000771/2025",Seleção Normal,46000000,0,46000000,selecionada,,Novo PAC - Seleção,"1.083, de 2025",https://www.in.gov.br/en/web/dou/-/portaria-mcid-n-1.083-de-18-de-setembro-de-2025-657673658
S-81,Cidades Sustentáveis e Resilientes,Prevenção a Desastres,Drenagem Urbana,OGU,OGU,2025,SP,OSASCO,Sudeste,"56000002099/2025",Seleção Normal,49770353.13,0,49770353.13,selecionada,,Novo PAC - Seleção,"1.083, de 2025",https://www.in.gov.br/en/web/dou/-/portaria-mcid-n-1.083-de-18-de-setembro-de-2025-657673658
S-82,Cidades Sustentáveis e Resilientes,Prevenção a Desastres,Contenção de Encostas,OGU,OGU,2025,GO,ANAPOLIS,Centro-Oeste,"56000000994/2025",Seleção Normal,4050000,0,4050000,selecionada,,Novo PAC - Seleção,"1.075, de 2025",https://www.in.gov.br/en/web/dou/-/portaria-n-1.075-de-17-de-setembro-de-2025-657769071
S-83,Cidades Sustentáveis e Resilientes,Prevenção a Desastres,Contenção de Encostas,OGU,OGU,2025,AL,MARECHAL DEODORO,Nordeste,"56000002287/2025",Seleção Normal,12000000,0,12000000,selecionada,,Novo PAC - Seleção,"1.075, de 2025",https://www.in.gov.br/en/web/dou/-/portaria-n-1.075-de-17-de-setembro-de-2025-657769071
S-84,Cidades Sustentáveis e Resilientes,Prevenção a Desastres,Contenção de Encostas,OGU,OGU,2025,BA,CAMACARI,Nordeste,"56000001679/2025",Seleção Normal,15314992.6,0,15314992.6,selecionada,,Novo PAC - Seleção,"1.075, de 2025",https://www.in.gov.br/en/web/dou/-/portaria-n-1.075-de-17-de-setembro-de-2025-657769071
S-85,Cidades Sustentáveis e Resilientes,Prevenção a Desastres,Contenção de Encostas,OGU,OGU,2025,BA,JACOBINA,Nordeste,"56000000410/2025",Seleção Normal,3374634.01,0,3374634.01,selecionada,,Novo PAC - Seleção,"1.075, de 2025",https://www.in.gov.br/en/web/dou/-/portaria-n-1.075-de-17-de-setembro-de-2025-657769071
S-86,Cidades Sustentáveis e Resilientes,Prevenção a Desastres,Contenção de Encostas,OGU,OGU,2025,CE,PACOTI,Nordeste,"56000002182/2025",Seleção Normal,9236274.12,0,9236274.12,selecionada,,Novo PAC - Seleção,"1.075, de 2025",https://www.in.gov.br/en/web/dou/-/portaria-n-1.075-de-17-de-setembro-de-2025-657769071
S-87,Cidades Sustentáveis e Resilientes,Prevenção a Desastres,Contenção de Encostas,OGU,OGU,2025,PB,JOAO PESSOA,Nordeste,"56000000784/2025",Seleção Normal,6331841.15,0,6331841.15,selecionada,,Novo PAC - Seleção,"1.075, de 2025",https://www.in.gov.br/en/web/dou/-/portaria-n-1.075-de-17-de-setembro-de-2025-657769071
S-88,Cidades Sustentáveis e Resilientes,Prevenção a Desastres,Contenção de Encostas,OGU,OGU,2025,PE,JABOATAO DOS GUARARAPES,Nordeste,"56000000740/2025",Seleção Normal,38344235.71,0,38344235.71,selecionada,,Novo PAC - Seleção,"1.075, de 2025",https://www.in.gov.br/en/web/dou/-/portaria-n-1.075-de-17-de-setembro-de-2025-657769071
S-89,Cidades Sustentáveis e Resilientes,Prevenção a Desastres,Contenção de Encostas,OGU,OGU,2025,PE,SAO VICENTE FERRER,Nordeste,"56000000452/2025",Seleção Normal,684450,0,684450,selecionada,,Novo PAC - Seleção,"1.075, de 2025",https://www.in.gov.br/en/web/dou/-/portaria-n-1.075-de-17-de-setembro-de-2025-657769071
S-90,Cidades Sustentáveis e Resilientes,Prevenção a Desastres,Contenção de Encostas,OGU,OGU,2025,AM,MANAUS,Norte,"56000002385/2025",Seleção Normal,4072331.45,0,4072331.45,selecionada,,Novo PAC - Seleção,"1.075, de 2025",https://www.in.gov.br/en/web/dou/-/portaria-n-1.075-de-17-de-setembro-de-2025-657769071
S-91,Cidades Sustentáveis e Resilientes,Prevenção a Desastres,Contenção de Encostas,OGU,OGU,2025,PA,SANTAREM,Norte,"56000002232/2025",Seleção Normal,38000000,0,38000000,selecionada,,Novo PAC - Seleção,"1.075, de 2025",https://www.in.gov.br/en/web/dou/-/portaria-n-1.075-de-17-de-setembro-de-2025-657769071
S-92,Cidades Sustentáveis e Resilientes,Prevenção a Desastres,Contenção de Encostas,OGU,OGU,2025,ES,NOVA VENECIA,Sudeste,"56000000737/2025",Seleção Normal,1987096.09,0,1987096.09,selecionada,,Novo PAC - Seleção,"1.075, de 2025",https://www.in.gov.br/en/web/dou/-/portaria-n-1.075-de-17-de-setembro-de-2025-657769071
S-93,Cidades Sustentáveis e Resilientes,Prevenção a Desastres,Contenção de Encostas,OGU,OGU,2025,ES,VIANA,Sudeste,"56000000127/2025",Seleção Normal,5152690.36,0,5152690.36,selecionada,,Novo PAC - Seleção,"1.075, de 2025",https://www.in.gov.br/en/web/dou/-/portaria-n-1.075-de-17-de-setembro-de-2025-657769071
S-94,Cidades Sustentáveis e Resilientes,Prevenção a Desastres,Contenção de Encostas,OGU,OGU,2025,MG,BELO HORIZONTE,Sudeste,"56000001111/2025",Seleção Normal,7485839,0,7485839,selecionada,,Novo PAC - Seleção,"1.075, de 2025",https://www.in.gov.br/en/web/dou/-/portaria-n-1.075-de-17-de-setembro-de-2025-657769071
S-95,Cidades Sustentáveis e Resilientes,Prevenção a Desastres,Contenção de Encostas,OGU,OGU,2025,MG,MURIAE,Sudeste,"56000001471/2025",Seleção Normal,26365149.49,0,26365149.49,selecionada,,Novo PAC - Seleção,"1.075, de 2025",https://www.in.gov.br/en/web/dou/-/portaria-n-1.075-de-17-de-setembro-de-2025-657769071
S-96,Cidades Sustentáveis e Resilientes,Prevenção a Desastres,Contenção de Encostas,OGU,OGU,2025,RJ,ANGRA DOS REIS,Sudeste,"56000001250/2025",Seleção Normal,39618023.3,0,39618023.3,selecionada,,Novo PAC - Seleção,"1.075, de 2025",https://www.in.gov.br/en/web/dou/-/portaria-n-1.075-de-17-de-setembro-de-2025-657769071
S-97,Cidades Sustentáveis e Resilientes,Prevenção a Desastres,Contenção de Encostas,OGU,OGU,2025,RJ,NOVA FRIBURGO,Sudeste,"56000000981/2025",Seleção Normal,13302000,0,13302000,selecionada,,Novo PAC - Seleção,"1.075, de 2025",https://www.in.gov.br/en/web/dou/-/portaria-n-1.075-de-17-de-setembro-de-2025-657769071
S-98,Cidades Sustentáveis e Resilientes,Prevenção a Desastres,Contenção de Encostas,OGU,OGU,2025,SP,DIADEMA,Sudeste,"56000000943/2025",Seleção Normal,9559219.76,0,9559219.76,selecionada,,Novo PAC - Seleção,"1.075, de 2025",https://www.in.gov.br/en/web/dou/-/portaria-n-1.075-de-17-de-setembro-de-2025-657769071
S-99,Cidades Sustentáveis e Resilientes,Prevenção a Desastres,Contenção de Encostas,OGU,OGU,2025,SP,GUARULHOS,Sudeste,"56000000532/2025",Seleção Normal,21105000,0,21105000,selecionada,,Novo PAC - Seleção,"1.075, de 2025",https://www.in.gov.br/en/web/dou/-/portaria-n-1.075-de-17-de-setembro-de-2025-657769071
S-100,Cidades Sustentáveis e Resilientes,Prevenção a Desastres,Contenção de Encostas,OGU,OGU,2025,SP,JUNDIAI,Sudeste,"56000000701/2025",Seleção Normal,16035757.19,0,16035757.19,selecionada,,Novo PAC - Seleção,"1.075, de 2025",https://www.in.gov.br/en/web/dou/-/portaria-n-1.075-de-17-de-setembro-de-2025-657769071
S-101,Cidades Sustentáveis e Resilientes,Prevenção a Desastres,Contenção de Encostas,OGU,OGU,2025,SP,SAO BERNARDO DO CAMPO,Sudeste,"56000000300/2025",Seleção Normal,17025937.55,0,17025937.55,selecionada,,Novo PAC - Seleção,"1.075, de 2025",https://www.in.gov.br/en/web/dou/-/portaria-n-1.075-de-17-de-setembro-de-2025-657769071
S-102,Cidades Sustentáveis e Resilientes,Prevenção a Desastres,Contenção de Encostas,OGU,OGU,2025,PR,COLOMBO,Sul,"56000001575/2025",Seleção Normal,5349510.37,0,5349510.37,selecionada,,Novo PAC - Seleção,"1.075, de 2025",https://www.in.gov.br/en/web/dou/-/portaria-n-1.075-de-17-de-setembro-de-2025-657769071
S-103,Cidades Sustentáveis e Resilientes,Prevenção a Desastres,Contenção de Encostas,OGU,OGU,2025,RS,CAXIAS DO SUL,Sul,"56000000824/2025",Seleção Normal,1233478.35,0,1233478.35,selecionada,,Novo PAC - Seleção,"1.075, de 2025",https://www.in.gov.br/en/web/dou/-/portaria-n-1.075-de-17-de-setembro-de-2025-657769071
S-104,Cidades Sustentáveis e Resilientes,Prevenção a Desastres,Contenção de Encostas,OGU,OGU,2025,SC,BALNEARIO CAMBORIU,Sul,"56000000458/2025",Seleção Normal,726411.24,0,726411.24,selecionada,,Novo PAC - Seleção,"1.075, de 2025",https://www.in.gov.br/en/web/dou/-/portaria-n-1.075-de-17-de-setembro-de-2025-657769071
S-105,Cidades Sustentáveis e Resilientes,Prevenção a Desastres,Contenção de Encostas,OGU,OGU,2025,SC,SAO JOAQUIM,Sul,"56000000628/2025",Seleção Normal,1142857.14,0,1142857.14,selecionada,,Novo PAC - Seleção,"1.075, de 2025",https://www.in.gov.br/en/web/dou/-/portaria-n-1.075-de-17-de-setembro-de-2025-657769071
S-106,Cidades Sustentáveis e Resilientes,Periferia Viva,Regularização Fundiária,OGU,OGU,2024,MA,VIANA,Nordeste,"56000005742/2023",Seleção Normal,750000,0,750000,selecionada,,Novo PAC - Seleção,"450, de 2024",https://www.in.gov.br/web/dou/-/portaria-mcid-n-450-de-7-de-maio-de-2024-558553649
S-107,Cidades Sustentáveis e Resilientes,Esgotamento Sanitário,Esgotamento Sanitário,OGU,OGU,2024,BA,TUCANO,Nordeste,"56000002732/2023",Seleção Normal,95274100.12,0,95274100.12,selecionada,,Novo PAC - Seleção,"769, de 2024",https://www.in.gov.br/en/web/dou/-/portaria-mcid-n-769-de-26-de-julho-de-2024-574546917
S-108,Cidades Sustentáveis e Resilientes,Periferia Viva,Regularização Fundiária,OGU,OGU,2024,RJ,PARACAMBI,Sudeste,"56000002882/2023",Seleção Normal,600000,0,600000,selecionada,,Novo PAC - Seleção,"450, de 2024",https://www.in.gov.br/web/dou/-/portaria-mcid-n-450-de-7-de-maio-de-2024-558553649
S-109,Cidades Sustentáveis e Resilientes,Mobilidade Urbana Sustentável,Renovação de Frota,FIN,FGTS,2024,CE,SOBRAL,Nordeste,"56000000157/2023",Seleção Normal,0,20000000,20000000,selecionada,Setor Público,Novo PAC - Seleção,"445, de 2024",https://www.in.gov.br/web/dou/-/portaria-mcid-n-445-de-7-de-maio-de-2024-558553015
S-110,Cidades Sustentáveis e Resilientes,Mobilidade Urbana Sustentável,Renovação de Frota,FIN,FGTS,2024,BA,ALAGOINHAS,Nordeste,"56000001154/2023",Seleção Normal,0,35000000,35000000,selecionada,Setor Público,Novo PAC - Seleção,"445, de 2024",https://www.in.gov.br/web/dou/-/portaria-mcid-n-445-de-7-de-maio-de-2024-558553015
S-111,Cidades Sustentáveis e Resilientes,Mobilidade Urbana Sustentável,Renovação de Frota,FIN,FGTS,2024,RJ,PETROPOLIS,Sudeste,"56000001508/2023",Seleção Normal,0,241834923.75,241834923.75,selecionada,Setor Público,Novo PAC - Seleção,"445, de 2024",https://www.in.gov.br/web/dou/-/portaria-mcid-n-445-de-7-de-maio-de-2024-558553015
S-112,Cidades Sustentáveis e Resilientes,Mobilidade Urbana Sustentável,Renovação de Frota,FIN,FGTS,2024,PR,FOZ DO IGUACU,Sul,"56000002001/2023",Seleção Normal,0,7605000,7605000,selecionada,Setor Público,Novo PAC - Seleção,"445, de 2024",https://www.in.gov.br/web/dou/-/portaria-mcid-n-445-de-7-de-maio-de-2024-558553015
S-113,Cidades Sustentáveis e Resilientes,Mobilidade Urbana Sustentável,Renovação de Frota,FIN,FGTS,2024,RJ,MACAE,Sudeste,"56000002450/2023",Seleção Normal,0,95340000,95340000,selecionada,Setor Público,Novo PAC - Seleção,"445, de 2024",https://www.in.gov.br/web/dou/-/portaria-mcid-n-445-de-7-de-maio-de-2024-558553015
S-114,Cidades Sustentáveis e Resilientes,Mobilidade Urbana Sustentável,Renovação de Frota,FIN,FGTS,2024,SC,JOINVILLE,Sul,"56000003304/2023",Seleção Normal,0,50000000,50000000,selecionada,Setor Público,Novo PAC - Seleção,"445, de 2024",https://www.in.gov.br/web/dou/-/portaria-mcid-n-445-de-7-de-maio-de-2024-558553015
S-115,Cidades Sustentáveis e Resilientes,Mobilidade Urbana Sustentável,Renovação de Frota,FIN,FGTS,2024,RJ,ANGRA DOS REIS,Sudeste,"56000003542/2023",Seleção Normal,0,2400000,2400000,selecionada,Setor Público,Novo PAC - Seleção,"445, de 2024",https://www.in.gov.br/web/dou/-/portaria-mcid-n-445-de-7-de-maio-de-2024-558553015
S-116,Cidades Sustentáveis e Resilientes,Mobilidade Urbana Sustentável,Renovação de Frota,FIN,FGTS,2024,MT,RONDONOPOLIS,Centro-Oeste,"56000003809/2023",Seleção Normal,0,38500000,38500000,selecionada,Setor Público,Novo PAC - Seleção,"445, de 2024",https://www.in.gov.br/web/dou/-/portaria-mcid-n-445-de-7-de-maio-de-2024-558553015
S-117,Cidades Sustentáveis e Resilientes,Mobilidade Urbana Sustentável,Renovação de Frota,FIN,FGTS,2024,AP,MACAPA,Norte,"56000004709/2023",Seleção Normal,0,271764454.4,271764454.4,selecionada,Setor Público,Novo PAC - Seleção,"445, de 2024",https://www.in.gov.br/web/dou/-/portaria-mcid-n-445-de-7-de-maio-de-2024-558553015
S-118,Cidades Sustentáveis e Resilientes,Mobilidade Urbana Sustentável,Renovação de Frota,FIN,FGTS,2024,PI,TERESINA,Nordeste,"56000004870/2023",Seleção Normal,0,95340000,95340000,selecionada,Setor Público,Novo PAC - Seleção,"445, de 2024",https://www.in.gov.br/web/dou/-/portaria-mcid-n-445-de-7-de-maio-de-2024-558553015
S-119,Cidades Sustentáveis e Resilientes,Mobilidade Urbana Sustentável,Renovação de Frota,FIN,FGTS,2024,BA,VITORIA DA CONQUISTA,Nordeste,"56000005650/2023",Seleção Normal,0,95340000,95340000,selecionada,Setor Público,Novo PAC - Seleção,"445, de 2024",https://www.in.gov.br/web/dou/-/portaria-mcid-n-445-de-7-de-maio-de-2024-558553015
S-120,Cidades Sustentáveis e Resilientes,Mobilidade Urbana Sustentável,Renovação de Frota,FIN,FGTS,2024,RJ,CABO FRIO,Sudeste,"56000005957/2023",Seleção Normal,0,95340000,95340000,selecionada,Setor Público,Novo PAC - Seleção,"445, de 2024",https://www.in.gov.br/web/dou/-/portaria-mcid-n-445-de-7-de-maio-de-2024-558553015
S-121,Cidades Sustentáveis e Resilientes,Esgotamento Sanitário,Esgotamento Sanitário,OGU,OGU,2024,ES,ITAGUACU,Sudeste,"56000005230/2023",Seleção Normal,1467288.69,0,1467288.69,selecionada,,Novo PAC - Seleção,"769, de 2024",https://www.in.gov.br/en/web/dou/-/portaria-mcid-n-769-de-26-de-julho-de-2024-574546917
S-122,Cidades Sustentáveis e Resilientes,Mobilidade Urbana Sustentável,Renovação de Frota,FIN,FGTS,2024,SC,CHAPECO,Sul,"56000006418/2023",Seleção Normal,0,40324000,40324000,selecionada,Setor Público,Novo PAC - Seleção,"445, de 2024",https://www.in.gov.br/web/dou/-/portaria-mcid-n-445-de-7-de-maio-de-2024-558553015
S-123,Cidades Sustentáveis e Resilientes,Mobilidade Urbana Sustentável,Renovação de Frota,FIN,FGTS,2024,SP,SANTANA DE PARNAIBA,Sudeste,"56000007028/2023",Seleção Normal,0,5000000,5000000,selecionada,Setor Público,Novo PAC - Seleção,"445, de 2024",https://www.in.gov.br/web/dou/-/portaria-mcid-n-445-de-7-de-maio-de-2024-558553015
S-124,Cidades Sustentáveis e Resilientes,Periferia Viva,Urbanização de Favelas,OGU,OGU,2024,SP,DIADEMA,Sudeste,"56000000449/2023",Seleção Normal,197971221,0,197971221,selecionada,,Novo PAC - Seleção,"449, de 2024",https://www.in.gov.br/web/dou/-/portaria-mcid-n-449-de-7-de-maio-de-2024-558553094
S-125,Cidades Sustentáveis e Resilientes,Periferia Viva,Urbanização de Favelas,OGU,OGU,2024,CE,FORTALEZA,Nordeste,"56000000542/2023",Seleção Normal,69092515,0,69092515,selecionada,,Novo PAC - Seleção,"449, de 2024",https://www.in.gov.br/web/dou/-/portaria-mcid-n-449-de-7-de-maio-de-2024-558553094
S-126,Cidades Sustentáveis e Resilientes,Periferia Viva,Urbanização de Favelas,OGU,OGU,2024,RN,NATAL,Nordeste,"56000001789/2023",Seleção Normal,34718600,0,34718600,selecionada,,Novo PAC - Seleção,"449, de 2024",https://www.in.gov.br/web/dou/-/portaria-mcid-n-449-de-7-de-maio-de-2024-558553094
S-127,Cidades Sustentáveis e Resilientes,Periferia Viva,Urbanização de Favelas,OGU,OGU,2024,SE,ARACAJU,Nordeste,"56000002123/2023",Seleção Normal,23804982,0,23804982,selecionada,,Novo PAC - Seleção,"449, de 2024",https://www.in.gov.br/web/dou/-/portaria-mcid-n-449-de-7-de-maio-de-2024-558553094
S-128,Cidades Sustentáveis e Resilientes,Periferia Viva,Urbanização de Favelas,OGU,OGU,2024,MA,SAO LUIS,Nordeste,"56000002539/2023",Seleção Normal,150100000,0,150100000,selecionada,,Novo PAC - Seleção,"449, de 2024",https://www.in.gov.br/web/dou/-/portaria-mcid-n-449-de-7-de-maio-de-2024-558553094
S-129,Cidades Sustentáveis e Resilientes,Periferia Viva,Urbanização de Favelas,OGU,OGU,2024,SP,MAUA,Sudeste,"56000002962/2023",Seleção Normal,159745250,0,159745250,selecionada,,Novo PAC - Seleção,"449, de 2024",https://www.in.gov.br/web/dou/-/portaria-mcid-n-449-de-7-de-maio-de-2024-558553094
S-130,Cidades Sustentáveis e Resilientes,Periferia Viva,Urbanização de Favelas,OGU,OGU,2024,SP,SAO VICENTE,Sudeste,"56000004062/2023",Seleção Normal,49625000,0,49625000,selecionada,,Novo PAC - Seleção,"449, de 2024",https://www.in.gov.br/web/dou/-/portaria-mcid-n-449-de-7-de-maio-de-2024-558553094
S-131,Cidades Sustentáveis e Resilientes,Periferia Viva,Urbanização de Favelas,OGU,OGU,2024,PA,"BELEM, ANANINDEUA",Norte,"56000004919/2023",Seleção Normal,200000000,0,200000000,selecionada,,Novo PAC - Seleção,"449, de 2024",https://www.in.gov.br/web/dou/-/portaria-mcid-n-449-de-7-de-maio-de-2024-558553094
S-132,Cidades Sustentáveis e Resilientes,Periferia Viva,Urbanização de Favelas,OGU,OGU,2024,SE,SAO CRISTOVAO,Nordeste,"56000005503/2023",Seleção Normal,30000000,0,30000000,selecionada,,Novo PAC - Seleção,"449, de 2024",https://www.in.gov.br/web/dou/-/portaria-mcid-n-449-de-7-de-maio-de-2024-558553094
S-133,Cidades Sustentáveis e Resilientes,Esgotamento Sanitário,Esgotamento Sanitário,OGU,OGU,2024,AM,APUI,Norte,"56000002503/2023",Seleção Normal,28547601.97,0,28547601.97,selecionada,,Novo PAC - Seleção,"769, de 2024",https://www.in.gov.br/en/web/dou/-/portaria-mcid-n-769-de-26-de-julho-de-2024-574546917
S-134,Cidades Sustentáveis e Resilientes,Esgotamento Sanitário,Esgotamento Sanitário,OGU,OGU,2024,PI,AGRICOLANDIA,Nordeste,"56000005823/2023",Seleção Normal,8098172.67,0,8098172.67,selecionada,,Novo PAC - Seleção,"769, de 2024",https://www.in.gov.br/en/web/dou/-/portaria-mcid-n-769-de-26-de-julho-de-2024-574546917
S-135,Cidades Sustentáveis e Resilientes,Periferia Viva,Urbanização de Favelas,FIN,FGTS,2025,PB,JOAO PESSOA,Nordeste,"56000002532/2025",Seleção Normal,0,94772045.48,94772045.48,enquadrada,Setor Privado,Novo PAC - Seleção,"825, de 2025",https://www.in.gov.br/web/dou/-/portaria-mcid-n-825-de-24-de-julho-de-2025-644423269
S-136,Cidades Sustentáveis e Resilientes,Esgotamento Sanitário,Esgotamento Sanitário,OGU,OGU,2024,RS,SAO LEOPOLDO,Sul,"56000002971/2023",Seleção Normal,75687613.14,0,75687613.14,selecionada,,Novo PAC - Seleção,"769, de 2024",https://www.in.gov.br/en/web/dou/-/portaria-mcid-n-769-de-26-de-julho-de-2024-574546917
S-137,Cidades Sustentáveis e Resilientes,Esgotamento Sanitário,Esgotamento Sanitário,OGU,OGU,2024,PA,GURUPA,Norte,"56000003093/2023",Seleção Normal,4584759.3,0,4584759.3,selecionada,,Novo PAC - Seleção,"769, de 2024",https://www.in.gov.br/en/web/dou/-/portaria-mcid-n-769-de-26-de-julho-de-2024-574546917
S-138,Cidades Sustentáveis e Resilientes,Esgotamento Sanitário,Esgotamento Sanitário,OGU,OGU,2024,SP,SOROCABA,Sudeste,"56000003303/2023",Seleção Normal,1000000,0,1000000,selecionada,,Novo PAC - Seleção,"769, de 2024",https://www.in.gov.br/en/web/dou/-/portaria-mcid-n-769-de-26-de-julho-de-2024-574546917
S-139,Cidades Sustentáveis e Resilientes,Esgotamento Sanitário,Esgotamento Sanitário,OGU,OGU,2024,SC,TIJUCAS,Sul,"56000003400/2023",Seleção Normal,6822836.06,0,6822836.06,selecionada,,Novo PAC - Seleção,"769, de 2024",https://www.in.gov.br/en/web/dou/-/portaria-mcid-n-769-de-26-de-julho-de-2024-574546917
S-140,Cidades Sustentáveis e Resilientes,Esgotamento Sanitário,Esgotamento Sanitário,OGU,OGU,2024,PA,CURRALINHO,Norte,"56000003440/2023",Seleção Normal,5289562.3,0,5289562.3,selecionada,,Novo PAC - Seleção,"769, de 2024",https://www.in.gov.br/en/web/dou/-/portaria-mcid-n-769-de-26-de-julho-de-2024-574546917
S-141,Cidades Sustentáveis e Resilientes,Esgotamento Sanitário,Esgotamento Sanitário,OGU,OGU,2024,PA,SOURE,Norte,"56000003488/2023",Seleção Normal,9598066.5,0,9598066.5,selecionada,,Novo PAC - Seleção,"769, de 2024",https://www.in.gov.br/en/web/dou/-/portaria-mcid-n-769-de-26-de-julho-de-2024-574546917
S-142,Cidades Sustentáveis e Resilientes,Esgotamento Sanitário,Esgotamento Sanitário,OGU,OGU,2024,RJ,PORTO REAL,Sudeste,"56000003610/2023",Seleção Normal,6186025.33,0,6186025.33,selecionada,,Novo PAC - Seleção,"769, de 2024",https://www.in.gov.br/en/web/dou/-/portaria-mcid-n-769-de-26-de-julho-de-2024-574546917
S-143,Cidades Sustentáveis e Resilientes,Esgotamento Sanitário,Esgotamento Sanitário,OGU,OGU,2024,AC,CRUZEIRO DO SUL,Norte,"56000003704/2023",Seleção Normal,1860080.46,0,1860080.46,selecionada,,Novo PAC - Seleção,"769, de 2024",https://www.in.gov.br/en/web/dou/-/portaria-mcid-n-769-de-26-de-julho-de-2024-574546917
S-144,Cidades Sustentáveis e Resilientes,Esgotamento Sanitário,Esgotamento Sanitário,OGU,OGU,2024,PE,CAMOCIM DE SAO FELIX,Nordeste,"56000003956/2023",Seleção Normal,2519280.15,0,2519280.15,selecionada,,Novo PAC - Seleção,"769, de 2024",https://www.in.gov.br/en/web/dou/-/portaria-mcid-n-769-de-26-de-julho-de-2024-574546917
S-145,Cidades Sustentáveis e Resilientes,Esgotamento Sanitário,Esgotamento Sanitário,OGU,OGU,2024,MT,RONDONOPOLIS,Centro-Oeste,"56000004309/2023",Seleção Normal,28274211.46,0,28274211.46,selecionada,,Novo PAC - Seleção,"769, de 2024",https://www.in.gov.br/en/web/dou/-/portaria-mcid-n-769-de-26-de-julho-de-2024-574546917
S-146,Cidades Sustentáveis e Resilientes,Esgotamento Sanitário,Esgotamento Sanitário,OGU,OGU,2024,AC,ACRELANDIA,Norte,"56000004370/2023",Seleção Normal,452465.28,0,452465.28,selecionada,,Novo PAC - Seleção,"769, de 2024",https://www.in.gov.br/en/web/dou/-/portaria-mcid-n-769-de-26-de-julho-de-2024-574546917
S-147,Cidades Sustentáveis e Resilientes,Esgotamento Sanitário,Esgotamento Sanitário,OGU,OGU,2024,PE,CORTES,Nordeste,"56000004481/2023",Seleção Normal,11313390.94,0,11313390.94,selecionada,,Novo PAC - Seleção,"769, de 2024",https://www.in.gov.br/en/web/dou/-/portaria-mcid-n-769-de-26-de-julho-de-2024-574546917
S-148,Cidades Sustentáveis e Resilientes,Esgotamento Sanitário,Esgotamento Sanitário,OGU,OGU,2024,MG,NEPOMUCENO,Sudeste,"56000004760/2023",Seleção Normal,25000000,0,25000000,selecionada,,Novo PAC - Seleção,"769, de 2024",https://www.in.gov.br/en/web/dou/-/portaria-mcid-n-769-de-26-de-julho-de-2024-574546917
S-149,Cidades Sustentáveis e Resilientes,Esgotamento Sanitário,Esgotamento Sanitário,FIN,FGTS,2024,BA,INHAMBUPE,Nordeste,"56000000597/2023",Seleção Normal,0,82827908.65,82827908.65,selecionada,Setor Público,Novo PAC - Seleção,"769, de 2024",https://www.in.gov.br/en/web/dou/-/portaria-mcid-n-769-de-26-de-julho-de-2024-574546917
S-150,Cidades Sustentáveis e Resilientes,Resíduos Sólidos,Resíduos Sólidos,OGU,OGU,2024,PI,FLORIANO,Nordeste,"56000005198/2023",Seleção Normal,658497,0,658497,selecionada,,Novo PAC - Seleção,"1.119, de 2024",https://www.in.gov.br/en/web/dou/-/portaria-mcid-n-1.119-de-7-de-outubro-de-2024-596577847
S-151,Cidades Sustentáveis e Resilientes,Esgotamento Sanitário,Esgotamento Sanitário,OGU,OGU,2024,RO,CACOAL,Norte,"56000005020/2023",Seleção Normal,79015852.8,0,79015852.8,selecionada,,Novo PAC - Seleção,"769, de 2024",https://www.in.gov.br/en/web/dou/-/portaria-mcid-n-769-de-26-de-julho-de-2024-574546917
S-152,Cidades Sustentáveis e Resilientes,Esgotamento Sanitário,Esgotamento Sanitário,OGU,OGU,2024,PI,NOVA SANTA RITA,Nordeste,"56000005971/2023",Seleção Normal,10523601.2,0,10523601.2,selecionada,,Novo PAC - Seleção,"769, de 2024",https://www.in.gov.br/en/web/dou/-/portaria-mcid-n-769-de-26-de-julho-de-2024-574546917
S-153,Cidades Sustentáveis e Resilientes,Esgotamento Sanitário,Esgotamento Sanitário,OGU,OGU,2024,PI,ELESBAO VELOSO,Nordeste,"56000006059/2023",Seleção Normal,14123330.12,0,14123330.12,selecionada,,Novo PAC - Seleção,"769, de 2024",https://www.in.gov.br/en/web/dou/-/portaria-mcid-n-769-de-26-de-julho-de-2024-574546917
S-154,Cidades Sustentáveis e Resilientes,Esgotamento Sanitário,Esgotamento Sanitário,OGU,OGU,2024,PI,ELISEU MARTINS,Nordeste,"56000006135/2023",Seleção Normal,10261132.87,0,10261132.87,selecionada,,Novo PAC - Seleção,"769, de 2024",https://www.in.gov.br/en/web/dou/-/portaria-mcid-n-769-de-26-de-julho-de-2024-574546917
S-155,Cidades Sustentáveis e Resilientes,Esgotamento Sanitário,Esgotamento Sanitário,OGU,OGU,2024,PI,SANTO INACIO DO PIAUI,Nordeste,"56000006414/2023",Seleção Normal,8110505.86,0,8110505.86,selecionada,,Novo PAC - Seleção,"769, de 2024",https://www.in.gov.br/en/web/dou/-/portaria-mcid-n-769-de-26-de-julho-de-2024-574546917
S-156,Cidades Sustentáveis e Resilientes,Esgotamento Sanitário,Esgotamento Sanitário,OGU,OGU,2024,PI,SAO JOSE DO PIAUI,Nordeste,"56000006457/2023",Seleção Normal,5603197.77,0,5603197.77,selecionada,,Novo PAC - Seleção,"769, de 2024",https://www.in.gov.br/en/web/dou/-/portaria-mcid-n-769-de-26-de-julho-de-2024-574546917
S-157,Cidades Sustentáveis e Resilientes,Esgotamento Sanitário,Esgotamento Sanitário,OGU,OGU,2024,AL,BOCA DA MATA,Nordeste,"56000006667/2023",Seleção Normal,25254639.47,0,25254639.47,selecionada,,Novo PAC - Seleção,"769, de 2024",https://www.in.gov.br/en/web/dou/-/portaria-mcid-n-769-de-26-de-julho-de-2024-574546917
S-158,Cidades Sustentáveis e Resilientes,Esgotamento Sanitário,Esgotamento Sanitário,OGU,OGU,2024,PI,MIGUEL ALVES,Nordeste,"56000006956/2023",Seleção Normal,11011100,0,11011100,selecionada,,Novo PAC - Seleção,"769, de 2024",https://www.in.gov.br/en/web/dou/-/portaria-mcid-n-769-de-26-de-julho-de-2024-574546917
S-159,Cidades Sustentáveis e Resilientes,Esgotamento Sanitário,Esgotamento Sanitário,FIN,FGTS,2024,RO,CACOAL,Norte,"56000000247/2023",Seleção Normal,0,19191320.54,19191320.54,selecionada,Setor Público,Novo PAC - Seleção,"769, de 2024",https://www.in.gov.br/en/web/dou/-/portaria-mcid-n-769-de-26-de-julho-de-2024-574546917
S-160,Cidades Sustentáveis e Resilientes,Esgotamento Sanitário,Esgotamento Sanitário,FIN,FGTS,2024,MS,MARACAJU,Centro-Oeste,"56000000952/2023",Seleção Normal,0,9539099.87,9539099.87,selecionada,Setor Público,Novo PAC - Seleção,"769, de 2024",https://www.in.gov.br/en/web/dou/-/portaria-mcid-n-769-de-26-de-julho-de-2024-574546917
S-161,Cidades Sustentáveis e Resilientes,Esgotamento Sanitário,Esgotamento Sanitário,FIN,FGTS,2024,DF,BRASILIA,Centro-Oeste,"56000002072/2023",Seleção Normal,0,24220877.19,24220877.19,selecionada,Setor Público,Novo PAC - Seleção,"769, de 2024",https://www.in.gov.br/en/web/dou/-/portaria-mcid-n-769-de-26-de-julho-de-2024-574546917
S-162,Cidades Sustentáveis e Resilientes,Esgotamento Sanitário,Esgotamento Sanitário,FIN,FGTS,2024,MG,SENHORA DE OLIVEIRA,Sudeste,"56000000168/2023",Seleção Normal,0,22163208.8,22163208.8,selecionada,Setor Público,Novo PAC - Seleção,"769, de 2024",https://www.in.gov.br/en/web/dou/-/portaria-mcid-n-769-de-26-de-julho-de-2024-574546917
S-163,Cidades Sustentáveis e Resilientes,Esgotamento Sanitário,Esgotamento Sanitário,FIN,FGTS,2024,RO,COLORADO DO OESTE,Norte,"56000000382/2023",Seleção Normal,0,166849245.57,166849245.57,selecionada,Setor Público,Novo PAC - Seleção,"769, de 2024",https://www.in.gov.br/en/web/dou/-/portaria-mcid-n-769-de-26-de-julho-de-2024-574546917
S-164,Cidades Sustentáveis e Resilientes,Esgotamento Sanitário,Esgotamento Sanitário,FIN,FGTS,2024,RS,CAXIAS DO SUL,Sul,"56000000406/2023",Seleção Normal,0,12822135.27,12822135.27,selecionada,Setor Público,Novo PAC - Seleção,"769, de 2024",https://www.in.gov.br/en/web/dou/-/portaria-mcid-n-769-de-26-de-julho-de-2024-574546917
S-165,Cidades Sustentáveis e Resilientes,Esgotamento Sanitário,Esgotamento Sanitário,FIN,FGTS,2024,PR,SAO MANOEL DO PARANA,Sul,"56000000694/2023",Seleção Normal,0,6500000,6500000,selecionada,Setor Público,Novo PAC - Seleção,"769, de 2024",https://www.in.gov.br/en/web/dou/-/portaria-mcid-n-769-de-26-de-julho-de-2024-574546917
S-166,Cidades Sustentáveis e Resilientes,Esgotamento Sanitário,Esgotamento Sanitário,FIN,FGTS,2024,RS,NOVO HAMBURGO,Sul,"56000000759/2023",Seleção Normal,0,141561166.24,141561166.24,selecionada,Setor Público,Novo PAC - Seleção,"769, de 2024",https://www.in.gov.br/en/web/dou/-/portaria-mcid-n-769-de-26-de-julho-de-2024-574546917
S-167,Cidades Sustentáveis e Resilientes,Esgotamento Sanitário,Esgotamento Sanitário,FIN,FGTS,2024,MT,LUCAS DO RIO VERDE,Centro-Oeste,"56000000937/2023",Seleção Normal,0,21138622.57,21138622.57,selecionada,Setor Público,Novo PAC - Seleção,"769, de 2024",https://www.in.gov.br/en/web/dou/-/portaria-mcid-n-769-de-26-de-julho-de-2024-574546917
S-168,Cidades Sustentáveis e Resilientes,Esgotamento Sanitário,Esgotamento Sanitário,FIN,FGTS,2024,PR,NOVA CANTU,Sul,"56000006461/2023",Seleção Normal,0,50000000,50000000,selecionada,Setor Público,Novo PAC - Seleção,"769, de 2024",https://www.in.gov.br/en/web/dou/-/portaria-mcid-n-769-de-26-de-julho-de-2024-574546917
S-169,Cidades Sustentáveis e Resilientes,Esgotamento Sanitário,Esgotamento Sanitário,FIN,FGTS,2024,AC,RIO BRANCO,Norte,"56000001584/2023",Seleção Normal,0,42453254.72,42453254.72,selecionada,Setor Público,Novo PAC - Seleção,"769, de 2024",https://www.in.gov.br/en/web/dou/-/portaria-mcid-n-769-de-26-de-julho-de-2024-574546917
S-170,Cidades Sustentáveis e Resilientes,Resíduos Sólidos,Resíduos Sólidos,OGU,OGU,2024,ES,CACHOEIRO DE ITAPEMIRIM,Sudeste,"56000000845/2023",Seleção Normal,601773,0,601773,selecionada,,Novo PAC - Seleção,"1.119, de 2024",https://www.in.gov.br/en/web/dou/-/portaria-mcid-n-1.119-de-7-de-outubro-de-2024-596577847
S-171,Cidades Sustentáveis e Resilientes,Resíduos Sólidos,Resíduos Sólidos,OGU,OGU,2024,CE,"ALTO SANTO, PALHANO, TABULEIRO DO NORTE, JAGUARUANA, ITAICABA",Nordeste,"56000000724/2023",Seleção Normal,3183327,0,3183327,selecionada,,Novo PAC - Seleção,"1.119, de 2024",https://www.in.gov.br/en/web/dou/-/portaria-mcid-n-1.119-de-7-de-outubro-de-2024-596577847
S-172,Cidades Sustentáveis e Resilientes,Resíduos Sólidos,Resíduos Sólidos,OGU,OGU,2024,CE,ARACATI,Nordeste,"56000001010/2023",Seleção Normal,2411519,0,2411519,selecionada,,Novo PAC - Seleção,"1.119, de 2024",https://www.in.gov.br/en/web/dou/-/portaria-mcid-n-1.119-de-7-de-outubro-de-2024-596577847
S-173,Cidades Sustentáveis e Resilientes,Resíduos Sólidos,Resíduos Sólidos,OGU,OGU,2024,SP,"AMPARO, AGUAS DE LINDOIA, LINDOIA, MORUNGABA, MONTE ALEGRE DO SUL, PINHALZINHO, PEDRA BELA, SERRA NEGRA, SOCORRO, TOLEDO(MG), VARGEM, PEDREIRA E TUIUTI.",Sudeste,"56000001360/2023",Seleção Normal,46014509,0,46014509,selecionada,,Novo PAC - Seleção,"1.119, de 2024",https://www.in.gov.br/en/web/dou/-/portaria-mcid-n-1.119-de-7-de-outubro-de-2024-596577847
S-174,Cidades Sustentáveis e Resilientes,Resíduos Sólidos,Resíduos Sólidos,OGU,OGU,2024,PA,"XINGUARA, SAPUCAIA, RIO MARIA E AGUA AZUL",Norte,"56000002227/2023",Seleção Normal,2864327,0,2864327,selecionada,,Novo PAC - Seleção,"1.119, de 2024",https://www.in.gov.br/en/web/dou/-/portaria-mcid-n-1.119-de-7-de-outubro-de-2024-596577847
S-175,Cidades Sustentáveis e Resilientes,Resíduos Sólidos,Resíduos Sólidos,OGU,OGU,2024,PA,BREU BRANCO,Norte,"56000002360/2023",Seleção Normal,7000000,0,7000000,selecionada,,Novo PAC - Seleção,"1.119, de 2024",https://www.in.gov.br/en/web/dou/-/portaria-mcid-n-1.119-de-7-de-outubro-de-2024-596577847
S-176,Cidades Sustentáveis e Resilientes,Resíduos Sólidos,Resíduos Sólidos,OGU,OGU,2024,PA,ABAETETUBA,Norte,"56000002826/2023",Seleção Normal,6648403,0,6648403,selecionada,,Novo PAC - Seleção,"1.119, de 2024",https://www.in.gov.br/en/web/dou/-/portaria-mcid-n-1.119-de-7-de-outubro-de-2024-596577847
S-177,Cidades Sustentáveis e Resilientes,Resíduos Sólidos,Resíduos Sólidos,OGU,OGU,2024,PE,SERRA TALHADA,Nordeste,"56000003005/2023",Seleção Normal,1000000,0,1000000,selecionada,,Novo PAC - Seleção,"1.119, de 2024",https://www.in.gov.br/en/web/dou/-/portaria-mcid-n-1.119-de-7-de-outubro-de-2024-596577847
S-178,Cidades Sustentáveis e Resilientes,Prevenção a Desastres,Drenagem Urbana,OGU,OGU,2024,SP,PIRASSUNUNGA,Sudeste,"56000001086/2023",Seleção Normal,21599505,0,21599505,selecionada,,Novo PAC - Seleção,"765, de 2024",https://www.in.gov.br/en/web/dou/-/portaria-mcid-n-765-de-25-de-julho-de-2024-574546514
S-179,Cidades Sustentáveis e Resilientes,Resíduos Sólidos,Resíduos Sólidos,OGU,OGU,2024,BA,SANTO ESTEVAO,Nordeste,"56000004112/2023",Seleção Normal,20947683,0,20947683,selecionada,,Novo PAC - Seleção,"1.119, de 2024",https://www.in.gov.br/en/web/dou/-/portaria-mcid-n-1.119-de-7-de-outubro-de-2024-596577847
S-180,Cidades Sustentáveis e Resilientes,Resíduos Sólidos,Resíduos Sólidos,OGU,OGU,2024,MS,PONTA PORA,Centro-Oeste,"56000004635/2023",Seleção Normal,3641130,0,3641130,selecionada,,Novo PAC - Seleção,"1.119, de 2024",https://www.in.gov.br/en/web/dou/-/portaria-mcid-n-1.119-de-7-de-outubro-de-2024-596577847
S-181,Cidades Sustentáveis e Resilientes,Resíduos Sólidos,Resíduos Sólidos,OGU,OGU,2024,RN,"AFONSO BEZERRA, ALTO DO RODRIGUES, ANGICOS, AREIA BRANCA, ASSU, BARAUNA, CARNAUBAIS, FERNANDO PEDROZA, GROSSOS, GUAMARE, IPANGUACU, ITAJA, LAJES, MACAU, PARAU, PEDRA PRETA, PEDRO AVELINO, PENDÊNCIAS, PORTO DO
MANGUE, SAO RAFAEL, SERRA DO MEL E TIBAU.",Nordeste,"56000005270/2023",Seleção Normal,13042764,0,13042764,selecionada,,Novo PAC - Seleção,"1.119, de 2024",https://www.in.gov.br/en/web/dou/-/portaria-mcid-n-1.119-de-7-de-outubro-de-2024-596577847
S-182,Cidades Sustentáveis e Resilientes,Resíduos Sólidos,Resíduos Sólidos,OGU,OGU,2024,BA,IRARA,Nordeste,"56000005560/2023",Seleção Normal,3092557,0,3092557,selecionada,,Novo PAC - Seleção,"1.119, de 2024",https://www.in.gov.br/en/web/dou/-/portaria-mcid-n-1.119-de-7-de-outubro-de-2024-596577847
S-183,Cidades Sustentáveis e Resilientes,Resíduos Sólidos,Resíduos Sólidos,OGU,OGU,2024,PE,GARANHUNS,Nordeste,"56000006145/2023",Seleção Normal,1998753,0,1998753,selecionada,,Novo PAC - Seleção,"1.119, de 2024",https://www.in.gov.br/en/web/dou/-/portaria-mcid-n-1.119-de-7-de-outubro-de-2024-596577847
S-184,Cidades Sustentáveis e Resilientes,Resíduos Sólidos,Resíduos Sólidos,OGU,OGU,2024,CE,VARZEA ALEGRE,Nordeste,"56000006393/2023",Seleção Normal,1723259,0,1723259,selecionada,,Novo PAC - Seleção,"1.119, de 2024",https://www.in.gov.br/en/web/dou/-/portaria-mcid-n-1.119-de-7-de-outubro-de-2024-596577847
S-185,Cidades Sustentáveis e Resilientes,Resíduos Sólidos,Resíduos Sólidos,OGU,OGU,2024,RN,"ALEXANDRIA, CORONEL JOAO PESSOA, JOSE DA PENHA, LUCRECIA, LUIS GOMES, MARCELINO VIEIRA, PORTALEGRE, RIACHO DA CRUZ, SERRINHA DOS PINTOS, VENHA-VER, VICOSA, MARTINS, SAO FRANCISCO DO OESTE, AGUA NOVA, ENCANTO, MAJOR SALES, PARANA, FRUTUOSO GOMES, CARAUBAS, ALMINO AFONSO, PAU DOS FERROS, RIACHO DE SANTANA, SAO MIGUEL.",Nordeste,"56000006764/2023",Seleção Normal,8225999,0,8225999,selecionada,,Novo PAC - Seleção,"1.119, de 2024",https://www.in.gov.br/en/web/dou/-/portaria-mcid-n-1.119-de-7-de-outubro-de-2024-596577847
S-186,Cidades Sustentáveis e Resilientes,Resíduos Sólidos,Resíduos Sólidos,OGU,OGU,2024,CE,MARANGUAPE,Nordeste,"56000007041/2023",Seleção Normal,270000,0,270000,selecionada,,Novo PAC - Seleção,"1.119, de 2024",https://www.in.gov.br/en/web/dou/-/portaria-mcid-n-1.119-de-7-de-outubro-de-2024-596577847
S-187,Cidades Sustentáveis e Resilientes,Prevenção a Desastres,Drenagem Urbana,OGU,OGU,2024,BA,SALVADOR,Nordeste,"56000003100/2023",Seleção Normal,41757866,0,41757866,selecionada,,Novo PAC - Seleção,"765, de 2024",https://www.in.gov.br/en/web/dou/-/portaria-mcid-n-765-de-25-de-julho-de-2024-574546514
S-188,Cidades Sustentáveis e Resilientes,Prevenção a Desastres,Drenagem Urbana,OGU,OGU,2024,MG,CORONEL FABRICIANO,Sudeste,"56000000299/2023",Seleção Normal,2874605,0,2874605,selecionada,,Novo PAC - Seleção,"765, de 2024",https://www.in.gov.br/en/web/dou/-/portaria-mcid-n-765-de-25-de-julho-de-2024-574546514
S-189,Cidades Sustentáveis e Resilientes,Prevenção a Desastres,Drenagem Urbana,OGU,OGU,2024,MG,MURIAE,Sudeste,"56000000685/2023",Seleção Normal,11096100,0,11096100,selecionada,,Novo PAC - Seleção,"765, de 2024",https://www.in.gov.br/en/web/dou/-/portaria-mcid-n-765-de-25-de-julho-de-2024-574546514
S-190,Cidades Sustentáveis e Resilientes,Prevenção a Desastres,Drenagem Urbana,OGU,OGU,2024,SP,SAO JOAO DA BOA VISTA,Sudeste,"56000000928/2023",Seleção Normal,43328139,0,43328139,selecionada,,Novo PAC - Seleção,"765, de 2024",https://www.in.gov.br/en/web/dou/-/portaria-mcid-n-765-de-25-de-julho-de-2024-574546514
S-191,Cidades Sustentáveis e Resilientes,Prevenção a Desastres,Drenagem Urbana,OGU,OGU,2024,SP,SAO JOAO DA BOA VISTA,Sudeste,"56000001172/2023",Seleção Normal,14857370,0,14857370,selecionada,,Novo PAC - Seleção,"765, de 2024",https://www.in.gov.br/en/web/dou/-/portaria-mcid-n-765-de-25-de-julho-de-2024-574546514
S-192,Cidades Sustentáveis e Resilientes,Prevenção a Desastres,Drenagem Urbana,OGU,OGU,2024,SP,DIADEMA,Sudeste,"56000004186/2023",Seleção Normal,2979680,0,2979680,selecionada,,Novo PAC - Seleção,"765, de 2024",https://www.in.gov.br/en/web/dou/-/portaria-mcid-n-765-de-25-de-julho-de-2024-574546514
S-193,Cidades Sustentáveis e Resilientes,Prevenção a Desastres,Drenagem Urbana,OGU,OGU,2024,PE,RECIFE,Nordeste,"56000001603/2023",Seleção Normal,40000000,0,40000000,selecionada,,Novo PAC - Seleção,"765, de 2024",https://www.in.gov.br/en/web/dou/-/portaria-mcid-n-765-de-25-de-julho-de-2024-574546514
S-194,Cidades Sustentáveis e Resilientes,Prevenção a Desastres,Drenagem Urbana,OGU,OGU,2024,PI,PARNAIBA,Nordeste,"56000001737/2023",Seleção Normal,99714443,0,99714443,selecionada,,Novo PAC - Seleção,"765, de 2024",https://www.in.gov.br/en/web/dou/-/portaria-mcid-n-765-de-25-de-julho-de-2024-574546514
S-195,Cidades Sustentáveis e Resilientes,Prevenção a Desastres,Drenagem Urbana,OGU,OGU,2024,AL,MACEIO,Nordeste,"56000001860/2023",Seleção Normal,1068479,0,1068479,selecionada,,Novo PAC - Seleção,"765, de 2024",https://www.in.gov.br/en/web/dou/-/portaria-mcid-n-765-de-25-de-julho-de-2024-574546514
S-196,Cidades Sustentáveis e Resilientes,Prevenção a Desastres,Drenagem Urbana,OGU,OGU,2024,PA,ANANINDEUA,Norte,"56000002041/2023",Seleção Normal,90950267,0,90950267,selecionada,,Novo PAC - Seleção,"765, de 2024",https://www.in.gov.br/en/web/dou/-/portaria-mcid-n-765-de-25-de-julho-de-2024-574546514
S-197,Cidades Sustentáveis e Resilientes,Prevenção a Desastres,Drenagem Urbana,OGU,OGU,2024,SP,DIADEMA,Sudeste,"56000002259/2023",Seleção Normal,17473116,0,17473116,selecionada,,Novo PAC - Seleção,"765, de 2024",https://www.in.gov.br/en/web/dou/-/portaria-mcid-n-765-de-25-de-julho-de-2024-574546514
S-198,Cidades Sustentáveis e Resilientes,Prevenção a Desastres,Drenagem Urbana,OGU,OGU,2024,MG,BETIM,Sudeste,"56000002453/2023",Seleção Normal,4605000,0,4605000,selecionada,,Novo PAC - Seleção,"765, de 2024",https://www.in.gov.br/en/web/dou/-/portaria-mcid-n-765-de-25-de-julho-de-2024-574546514
S-199,Cidades Sustentáveis e Resilientes,Prevenção a Desastres,Drenagem Urbana,OGU,OGU,2024,ES,APIACA,Sudeste,"56000002697/2023",Seleção Normal,5210000,0,5210000,selecionada,,Novo PAC - Seleção,"765, de 2024",https://www.in.gov.br/en/web/dou/-/portaria-mcid-n-765-de-25-de-julho-de-2024-574546514
S-200,Cidades Sustentáveis e Resilientes,Prevenção a Desastres,Drenagem Urbana,OGU,OGU,2024,BA,IBICARAI,Nordeste,"56000003219/2023",Seleção Normal,100685,0,100685,selecionada,,Novo PAC - Seleção,"765, de 2024",https://www.in.gov.br/en/web/dou/-/portaria-mcid-n-765-de-25-de-julho-de-2024-574546514
S-201,Cidades Sustentáveis e Resilientes,Prevenção a Desastres,Drenagem Urbana,OGU,OGU,2024,PR,RIO BRANCO DO SUL,Sul,"56000003453/2023",Seleção Normal,3253350,0,3253350,selecionada,,Novo PAC - Seleção,"765, de 2024",https://www.in.gov.br/en/web/dou/-/portaria-mcid-n-765-de-25-de-julho-de-2024-574546514
S-202,Cidades Sustentáveis e Resilientes,Prevenção a Desastres,Drenagem Urbana,OGU,OGU,2024,PE,BELO JARDIM,Nordeste,"56000003683/2023",Seleção Normal,1143026,0,1143026,selecionada,,Novo PAC - Seleção,"765, de 2024",https://www.in.gov.br/en/web/dou/-/portaria-mcid-n-765-de-25-de-julho-de-2024-574546514
S-203,Cidades Sustentáveis e Resilientes,Prevenção a Desastres,Drenagem Urbana,OGU,OGU,2024,SC,BLUMENAU,Sul,"56000003792/2023",Seleção Normal,5415000,0,5415000,selecionada,,Novo PAC - Seleção,"765, de 2024",https://www.in.gov.br/en/web/dou/-/portaria-mcid-n-765-de-25-de-julho-de-2024-574546514
S-204,Cidades Sustentáveis e Resilientes,Prevenção a Desastres,Drenagem Urbana,OGU,OGU,2024,MG,JUIZ DE FORA,Sudeste,"56000003986/2023",Seleção Normal,356488225,0,356488225,selecionada,,Novo PAC - Seleção,"765, de 2024",https://www.in.gov.br/en/web/dou/-/portaria-mcid-n-765-de-25-de-julho-de-2024-574546514
S-205,Cidades Sustentáveis e Resilientes,Prevenção a Desastres,Drenagem Urbana,OGU,OGU,2024,RJ,SAO GONCALO,Sudeste,"56000004281/2023",Seleção Normal,155942870,0,155942870,selecionada,,Novo PAC - Seleção,"765, de 2024",https://www.in.gov.br/en/web/dou/-/portaria-mcid-n-765-de-25-de-julho-de-2024-574546514
S-206,Cidades Sustentáveis e Resilientes,Prevenção a Desastres,Drenagem Urbana,OGU,OGU,2024,AL,PILAR,Nordeste,"56000004397/2023",Seleção Normal,10220609,0,10220609,selecionada,,Novo PAC - Seleção,"765, de 2024",https://www.in.gov.br/en/web/dou/-/portaria-mcid-n-765-de-25-de-julho-de-2024-574546514
S-207,Cidades Sustentáveis e Resilientes,Prevenção a Desastres,Drenagem Urbana,OGU,OGU,2024,GO,GOIANIA,Centro-Oeste,"56000004517/2023",Seleção Normal,29965012,0,29965012,selecionada,,Novo PAC - Seleção,"765, de 2024",https://www.in.gov.br/en/web/dou/-/portaria-mcid-n-765-de-25-de-julho-de-2024-574546514
S-208,Cidades Sustentáveis e Resilientes,Prevenção a Desastres,Drenagem Urbana,OGU,OGU,2024,RJ,SAO JOAO DE MERITI,Sudeste,"56000004843/2023",Seleção Normal,979718,0,979718,selecionada,,Novo PAC - Seleção,"765, de 2024",https://www.in.gov.br/en/web/dou/-/portaria-mcid-n-765-de-25-de-julho-de-2024-574546514
S-209,Cidades Sustentáveis e Resilientes,Prevenção a Desastres,Drenagem Urbana,OGU,OGU,2024,RJ,SAO JOAO DE MERITI,Sudeste,"56000005113/2023",Seleção Normal,1216705,0,1216705,selecionada,,Novo PAC - Seleção,"765, de 2024",https://www.in.gov.br/en/web/dou/-/portaria-mcid-n-765-de-25-de-julho-de-2024-574546514
S-210,Cidades Sustentáveis e Resilientes,Prevenção a Desastres,Drenagem Urbana,OGU,OGU,2024,BA,ITABUNA,Nordeste,"56000005226/2023",Seleção Normal,1583256,0,1583256,selecionada,,Novo PAC - Seleção,"765, de 2024",https://www.in.gov.br/en/web/dou/-/portaria-mcid-n-765-de-25-de-julho-de-2024-574546514
S-211,Cidades Sustentáveis e Resilientes,Prevenção a Desastres,Drenagem Urbana,OGU,OGU,2024,SP,FRANCISCO MORATO,Sudeste,"56000005405/2023",Seleção Normal,152503,0,152503,selecionada,,Novo PAC - Seleção,"765, de 2024",https://www.in.gov.br/en/web/dou/-/portaria-mcid-n-765-de-25-de-julho-de-2024-574546514
S-212,Cidades Sustentáveis e Resilientes,Prevenção a Desastres,Drenagem Urbana,OGU,OGU,2024,RO,JARU,Norte,"56000005475/2023",Seleção Normal,1000000,0,1000000,selecionada,,Novo PAC - Seleção,"765, de 2024",https://www.in.gov.br/en/web/dou/-/portaria-mcid-n-765-de-25-de-julho-de-2024-574546514
S-213,Cidades Sustentáveis e Resilientes,Prevenção a Desastres,Drenagem Urbana,OGU,OGU,2024,SC,JOINVILLE,Sul,"56000005630/2023",Seleção Normal,2250000,0,2250000,selecionada,,Novo PAC - Seleção,"765, de 2024",https://www.in.gov.br/en/web/dou/-/portaria-mcid-n-765-de-25-de-julho-de-2024-574546514
S-214,Cidades Sustentáveis e Resilientes,Prevenção a Desastres,Drenagem Urbana,OGU,OGU,2024,PE,CANHOTINHO,Nordeste,"56000005680/2023",Seleção Normal,12615000,0,12615000,selecionada,,Novo PAC - Seleção,"765, de 2024",https://www.in.gov.br/en/web/dou/-/portaria-mcid-n-765-de-25-de-julho-de-2024-574546514
S-215,Cidades Sustentáveis e Resilientes,Prevenção a Desastres,Drenagem Urbana,OGU,OGU,2024,PR,FOZ DO IGUACU,Sul,"56000005775/2023",Seleção Normal,1841240,0,1841240,selecionada,,Novo PAC - Seleção,"765, de 2024",https://www.in.gov.br/en/web/dou/-/portaria-mcid-n-765-de-25-de-julho-de-2024-574546514
S-216,Cidades Sustentáveis e Resilientes,Prevenção a Desastres,Drenagem Urbana,OGU,OGU,2024,SE,SAO CRISTOVAO,Nordeste,"56000006100/2023",Seleção Normal,27835600,0,27835600,selecionada,,Novo PAC - Seleção,"765, de 2024",https://www.in.gov.br/en/web/dou/-/portaria-mcid-n-765-de-25-de-julho-de-2024-574546514
S-217,Cidades Sustentáveis e Resilientes,Prevenção a Desastres,Drenagem Urbana,OGU,OGU,2024,PE,CABROBO,Nordeste,"56000006423/2023",Seleção Normal,110000,0,110000,selecionada,,Novo PAC - Seleção,"765, de 2024",https://www.in.gov.br/en/web/dou/-/portaria-mcid-n-765-de-25-de-julho-de-2024-574546514
S-218,Cidades Sustentáveis e Resilientes,Prevenção a Desastres,Drenagem Urbana,OGU,OGU,2024,AM,LABREA,Norte,"56000006633/2023",Seleção Normal,989735,0,989735,selecionada,,Novo PAC - Seleção,"765, de 2024",https://www.in.gov.br/en/web/dou/-/portaria-mcid-n-765-de-25-de-julho-de-2024-574546514
S-219,Cidades Sustentáveis e Resilientes,Prevenção a Desastres,Drenagem Urbana,OGU,OGU,2024,RO,ROLIM DE MOURA,Norte,"56000006659/2023",Seleção Normal,2761150,0,2761150,selecionada,,Novo PAC - Seleção,"765, de 2024",https://www.in.gov.br/en/web/dou/-/portaria-mcid-n-765-de-25-de-julho-de-2024-574546514
S-220,Cidades Sustentáveis e Resilientes,Prevenção a Desastres,Drenagem Urbana,OGU,OGU,2024,RJ,PETROPOLIS,Sudeste,"56000006768/2023",Seleção Normal,100000000,0,100000000,selecionada,,Novo PAC - Seleção,"765, de 2024",https://www.in.gov.br/en/web/dou/-/portaria-mcid-n-765-de-25-de-julho-de-2024-574546514
S-221,Cidades Sustentáveis e Resilientes,Prevenção a Desastres,Contenção de Encostas,OGU,OGU,2024,BA,SALVADOR,Nordeste,"56000000324/2023",Seleção Normal,24756161.03,0,24756161.03,selecionada,,Novo PAC - Seleção,"451, de 2024",https://www.in.gov.br/web/dou/-/portaria-mcid-n-451-de-7-de-maio-de-2024-558538861
S-222,Cidades Sustentáveis e Resilientes,Prevenção a Desastres,Contenção de Encostas,OGU,OGU,2024,SP,GUARULHOS,Sudeste,"56000000488/2023",Seleção Normal,4941210.69,0,4941210.69,selecionada,,Novo PAC - Seleção,"451, de 2024",https://www.in.gov.br/web/dou/-/portaria-mcid-n-451-de-7-de-maio-de-2024-558538861
S-223,Cidades Sustentáveis e Resilientes,Periferia Viva,Regularização Fundiária,OGU,OGU,2024,BA,SANTO ESTEVAO,Nordeste,"56000001382/2023",Seleção Normal,400000,0,400000,selecionada,,Novo PAC - Seleção,"450, de 2024",https://www.in.gov.br/web/dou/-/portaria-mcid-n-450-de-7-de-maio-de-2024-558553649
S-224,Cidades Sustentáveis e Resilientes,Periferia Viva,Regularização Fundiária,OGU,OGU,2024,SP,JUNDIAI,Sudeste,"56000000336/2023",Seleção Normal,1735871.1,0,1735871.1,selecionada,,Novo PAC - Seleção,"450, de 2024",https://www.in.gov.br/web/dou/-/portaria-mcid-n-450-de-7-de-maio-de-2024-558553649
S-225,Cidades Sustentáveis e Resilientes,Periferia Viva,Regularização Fundiária,OGU,OGU,2024,RS,CANOAS,Sul,"56000000428/2023",Seleção Normal,424882.94,0,424882.94,selecionada,,Novo PAC - Seleção,"450, de 2024",https://www.in.gov.br/web/dou/-/portaria-mcid-n-450-de-7-de-maio-de-2024-558553649
S-226,Cidades Sustentáveis e Resilientes,Mobilidade Urbana Sustentável,Renovação de Frota,FIN,FGTS,2025,RS,PORTO ALEGRE,Sul,carta consulta 209/2026,Seleção Normal,,12635000,12635000,selecionada,Setor Privado,Novo PAC - Seleção,"92, de 2025",
S-227,Cidades Sustentáveis e Resilientes,Periferia Viva,Regularização Fundiária,OGU,OGU,2024,PE,ABREU E LIMA,Nordeste,"56000000477/2023",Seleção Normal,2260800,0,2260800,selecionada,,Novo PAC - Seleção,"450, de 2024",https://www.in.gov.br/web/dou/-/portaria-mcid-n-450-de-7-de-maio-de-2024-558553649
S-228,Cidades Sustentáveis e Resilientes,Periferia Viva,Regularização Fundiária,OGU,OGU,2024,CE,FORTALEZA,Nordeste,"56000000625/2023",Seleção Normal,2850021,0,2850021,selecionada,,Novo PAC - Seleção,"450, de 2024",https://www.in.gov.br/web/dou/-/portaria-mcid-n-450-de-7-de-maio-de-2024-558553649
S-229,Cidades Sustentáveis e Resilientes,Periferia Viva,Regularização Fundiária,OGU,OGU,2024,PE,MORENO,Nordeste,"56000000686/2023",Seleção Normal,700000,0,700000,selecionada,,Novo PAC - Seleção,"450, de 2024",https://www.in.gov.br/web/dou/-/portaria-mcid-n-450-de-7-de-maio-de-2024-558553649
S-230,Cidades Sustentáveis e Resilientes,Periferia Viva,Regularização Fundiária,OGU,OGU,2024,CE,SOBRAL,Nordeste,"56000000796/2023",Seleção Normal,2000000,0,2000000,selecionada,,Novo PAC - Seleção,"450, de 2024",https://www.in.gov.br/web/dou/-/portaria-mcid-n-450-de-7-de-maio-de-2024-558553649
S-231,Cidades Sustentáveis e Resilientes,Periferia Viva,Regularização Fundiária,OGU,OGU,2024,PE,JABOATAO DOS GUARARAPES,Nordeste,"56000000848/2023",Seleção Normal,1190000,0,1190000,selecionada,,Novo PAC - Seleção,"450, de 2024",https://www.in.gov.br/web/dou/-/portaria-mcid-n-450-de-7-de-maio-de-2024-558553649
S-232,Cidades Sustentáveis e Resilientes,Periferia Viva,Regularização Fundiária,OGU,OGU,2024,GO,NOVO GAMA,Centro-Oeste,"56000001015/2023",Seleção Normal,1000000,0,1000000,selecionada,,Novo PAC - Seleção,"450, de 2024",https://www.in.gov.br/web/dou/-/portaria-mcid-n-450-de-7-de-maio-de-2024-558553649
S-233,Cidades Sustentáveis e Resilientes,Periferia Viva,Regularização Fundiária,OGU,OGU,2024,PE,JABOATAO DOS GUARARAPES,Nordeste,"56000001059/2023",Seleção Normal,818127,0,818127,selecionada,,Novo PAC - Seleção,"450, de 2024",https://www.in.gov.br/web/dou/-/portaria-mcid-n-450-de-7-de-maio-de-2024-558553649
S-234,Cidades Sustentáveis e Resilientes,Periferia Viva,Regularização Fundiária,OGU,OGU,2024,RS,GUAIBA,Sul,"56000001755/2023",Seleção Normal,1000000,0,1000000,selecionada,,Novo PAC - Seleção,"450, de 2024",https://www.in.gov.br/web/dou/-/portaria-mcid-n-450-de-7-de-maio-de-2024-558553649
S-235,Cidades Sustentáveis e Resilientes,Periferia Viva,Regularização Fundiária,OGU,OGU,2024,PA,BARCARENA,Norte,"56000001190/2023",Seleção Normal,1000000,0,1000000,selecionada,,Novo PAC - Seleção,"450, de 2024",https://www.in.gov.br/web/dou/-/portaria-mcid-n-450-de-7-de-maio-de-2024-558553649
S-236,Cidades Sustentáveis e Resilientes,Periferia Viva,Regularização Fundiária,OGU,OGU,2024,SP,ARUJA,Sudeste,"56000001254/2023",Seleção Normal,500000,0,500000,selecionada,,Novo PAC - Seleção,"450, de 2024",https://www.in.gov.br/web/dou/-/portaria-mcid-n-450-de-7-de-maio-de-2024-558553649
S-237,Cidades Sustentáveis e Resilientes,Periferia Viva,Regularização Fundiária,OGU,OGU,2024,SP,JACAREI,Sudeste,"56000001337/2023",Seleção Normal,2000000,0,2000000,selecionada,,Novo PAC - Seleção,"450, de 2024",https://www.in.gov.br/web/dou/-/portaria-mcid-n-450-de-7-de-maio-de-2024-558553649
S-238,Cidades Sustentáveis e Resilientes,Periferia Viva,Regularização Fundiária,OGU,OGU,2024,SP,SANTO ANDRE,Sudeste,"56000001450/2023",Seleção Normal,404000,0,404000,selecionada,,Novo PAC - Seleção,"450, de 2024",https://www.in.gov.br/web/dou/-/portaria-mcid-n-450-de-7-de-maio-de-2024-558553649
S-239,Cidades Sustentáveis e Resilientes,Periferia Viva,Regularização Fundiária,OGU,OGU,2024,SP,PIRACICABA,Sudeste,"56000003662/2023",Seleção Normal,1334832,0,1334832,selecionada,,Novo PAC - Seleção,"450, de 2024",https://www.in.gov.br/web/dou/-/portaria-mcid-n-450-de-7-de-maio-de-2024-558553649
S-240,Cidades Sustentáveis e Resilientes,Periferia Viva,Regularização Fundiária,OGU,OGU,2024,SP,CUBATAO,Sudeste,"56000001628/2023",Seleção Normal,400000,0,400000,selecionada,,Novo PAC - Seleção,"450, de 2024",https://www.in.gov.br/web/dou/-/portaria-mcid-n-450-de-7-de-maio-de-2024-558553649
S-241,Cidades Sustentáveis e Resilientes,Periferia Viva,Regularização Fundiária,OGU,OGU,2024,SP,RIBEIRAO PRETO,Sudeste,"56000002516/2023",Seleção Normal,630000,0,630000,selecionada,,Novo PAC - Seleção,"450, de 2024",https://www.in.gov.br/web/dou/-/portaria-mcid-n-450-de-7-de-maio-de-2024-558553649
S-242,Cidades Sustentáveis e Resilientes,Periferia Viva,Regularização Fundiária,OGU,OGU,2024,MG,BELO HORIZONTE,Sudeste,"56000001721/2023",Seleção Normal,2065000,0,2065000,selecionada,,Novo PAC - Seleção,"450, de 2024",https://www.in.gov.br/web/dou/-/portaria-mcid-n-450-de-7-de-maio-de-2024-558553649
S-243,Cidades Sustentáveis e Resilientes,Periferia Viva,Regularização Fundiária,OGU,OGU,2024,BA,SALVADOR,Nordeste,"56000001822/2023",Seleção Normal,1000000,0,1000000,selecionada,,Novo PAC - Seleção,"450, de 2024",https://www.in.gov.br/web/dou/-/portaria-mcid-n-450-de-7-de-maio-de-2024-558553649
S-244,Cidades Sustentáveis e Resilientes,Periferia Viva,Regularização Fundiária,OGU,OGU,2024,SE,ITABAIANA,Nordeste,"56000001890/2023",Seleção Normal,1000000,0,1000000,selecionada,,Novo PAC - Seleção,"450, de 2024",https://www.in.gov.br/web/dou/-/portaria-mcid-n-450-de-7-de-maio-de-2024-558553649
S-245,Cidades Sustentáveis e Resilientes,Periferia Viva,Regularização Fundiária,OGU,OGU,2024,SE,NOSSA SENHORA DO SOCORRO,Nordeste,"56000001977/2023",Seleção Normal,1000000,0,1000000,selecionada,,Novo PAC - Seleção,"450, de 2024",https://www.in.gov.br/web/dou/-/portaria-mcid-n-450-de-7-de-maio-de-2024-558553649
S-246,Cidades Sustentáveis e Resilientes,Periferia Viva,Regularização Fundiária,OGU,OGU,2024,SP,GUARULHOS,Sudeste,"56000002079/2023",Seleção Normal,635145.12,0,635145.12,selecionada,,Novo PAC - Seleção,"450, de 2024",https://www.in.gov.br/web/dou/-/portaria-mcid-n-450-de-7-de-maio-de-2024-558553649
S-247,Cidades Sustentáveis e Resilientes,Periferia Viva,Regularização Fundiária,OGU,OGU,2024,SP,GUARULHOS,Sudeste,"56000002254/2023",Seleção Normal,2399589.83,0,2399589.83,selecionada,,Novo PAC - Seleção,"450, de 2024",https://www.in.gov.br/web/dou/-/portaria-mcid-n-450-de-7-de-maio-de-2024-558553649
S-248,Cidades Sustentáveis e Resilientes,Periferia Viva,Regularização Fundiária,OGU,OGU,2024,SC,CHAPECO,Sul,"56000002361/2023",Seleção Normal,450000,0,450000,selecionada,,Novo PAC - Seleção,"450, de 2024",https://www.in.gov.br/web/dou/-/portaria-mcid-n-450-de-7-de-maio-de-2024-558553649
S-249,Cidades Sustentáveis e Resilientes,Periferia Viva,Regularização Fundiária,OGU,OGU,2024,ES,FUNDAO,Sudeste,"56000002373/2023",Seleção Normal,800000,0,800000,selecionada,,Novo PAC - Seleção,"450, de 2024",https://www.in.gov.br/web/dou/-/portaria-mcid-n-450-de-7-de-maio-de-2024-558553649
S-250,Cidades Sustentáveis e Resilientes,Periferia Viva,Regularização Fundiária,OGU,OGU,2024,PR,PARANAGUA,Sul,"56000002441/2023",Seleção Normal,1000000,0,1000000,selecionada,,Novo PAC - Seleção,"450, de 2024",https://www.in.gov.br/web/dou/-/portaria-mcid-n-450-de-7-de-maio-de-2024-558553649
S-251,Cidades Sustentáveis e Resilientes,Periferia Viva,Regularização Fundiária,OGU,OGU,2024,PA,MARITUBA,Norte,"56000005931/2023",Seleção Normal,1378500,0,1378500,selecionada,,Novo PAC - Seleção,"450, de 2024",https://www.in.gov.br/web/dou/-/portaria-mcid-n-450-de-7-de-maio-de-2024-558553649
S-252,Cidades Sustentáveis e Resilientes,Periferia Viva,Regularização Fundiária,OGU,OGU,2024,MA,SAO LUIS,Nordeste,"56000002487/2023",Seleção Normal,4000000,0,4000000,selecionada,,Novo PAC - Seleção,"450, de 2024",https://www.in.gov.br/web/dou/-/portaria-mcid-n-450-de-7-de-maio-de-2024-558553649
S-253,Cidades Sustentáveis e Resilientes,Periferia Viva,Regularização Fundiária,OGU,OGU,2024,MA,ACAILANDIA,Nordeste,"56000002663/2023",Seleção Normal,1000000,0,1000000,selecionada,,Novo PAC - Seleção,"450, de 2024",https://www.in.gov.br/web/dou/-/portaria-mcid-n-450-de-7-de-maio-de-2024-558553649
S-254,Cidades Sustentáveis e Resilientes,Periferia Viva,Regularização Fundiária,OGU,OGU,2024,PA,ANANINDEUA,Norte,"56000002739/2023",Seleção Normal,406848,0,406848,selecionada,,Novo PAC - Seleção,"450, de 2024",https://www.in.gov.br/web/dou/-/portaria-mcid-n-450-de-7-de-maio-de-2024-558553649
S-255,Cidades Sustentáveis e Resilientes,Periferia Viva,Regularização Fundiária,OGU,OGU,2024,RJ,MACAE,Sudeste,"56000002857/2023",Seleção Normal,2000000,0,2000000,selecionada,,Novo PAC - Seleção,"450, de 2024",https://www.in.gov.br/web/dou/-/portaria-mcid-n-450-de-7-de-maio-de-2024-558553649
S-256,Cidades Sustentáveis e Resilientes,Periferia Viva,Regularização Fundiária,OGU,OGU,2024,PE,CARUARU,Nordeste,"56000002957/2023",Seleção Normal,488253.89,0,488253.89,selecionada,,Novo PAC - Seleção,"450, de 2024",https://www.in.gov.br/web/dou/-/portaria-mcid-n-450-de-7-de-maio-de-2024-558553649
S-257,Cidades Sustentáveis e Resilientes,Periferia Viva,Regularização Fundiária,OGU,OGU,2024,BA,JUAZEIRO,Nordeste,"56000003070/2023",Seleção Normal,1270000,0,1270000,selecionada,,Novo PAC - Seleção,"450, de 2024",https://www.in.gov.br/web/dou/-/portaria-mcid-n-450-de-7-de-maio-de-2024-558553649
S-258,Cidades Sustentáveis e Resilientes,Periferia Viva,Regularização Fundiária,OGU,OGU,2024,SC,JOINVILLE,Sul,"56000003180/2023",Seleção Normal,406250,0,406250,selecionada,,Novo PAC - Seleção,"450, de 2024",https://www.in.gov.br/web/dou/-/portaria-mcid-n-450-de-7-de-maio-de-2024-558553649
S-259,Cidades Sustentáveis e Resilientes,Periferia Viva,Regularização Fundiária,OGU,OGU,2024,MA,IMPERATRIZ,Nordeste,"56000003297/2023",Seleção Normal,2000000,0,2000000,selecionada,,Novo PAC - Seleção,"450, de 2024",https://www.in.gov.br/web/dou/-/portaria-mcid-n-450-de-7-de-maio-de-2024-558553649
S-260,Cidades Sustentáveis e Resilientes,Periferia Viva,Regularização Fundiária,OGU,OGU,2024,PE,CABO DE SANTO AGOSTINHO,Nordeste,"56000003368/2023",Seleção Normal,625000,0,625000,selecionada,,Novo PAC - Seleção,"450, de 2024",https://www.in.gov.br/web/dou/-/portaria-mcid-n-450-de-7-de-maio-de-2024-558553649
S-261,Cidades Sustentáveis e Resilientes,Periferia Viva,Regularização Fundiária,OGU,OGU,2024,SP,CUBATAO,Sudeste,"56000003413/2023",Seleção Normal,562006.4,0,562006.4,selecionada,,Novo PAC - Seleção,"450, de 2024",https://www.in.gov.br/web/dou/-/portaria-mcid-n-450-de-7-de-maio-de-2024-558553649
S-262,Cidades Sustentáveis e Resilientes,Periferia Viva,Regularização Fundiária,OGU,OGU,2024,ES,VIANA,Sudeste,"56000003494/2023",Seleção Normal,2706196.44,0,2706196.44,selecionada,,Novo PAC - Seleção,"450, de 2024",https://www.in.gov.br/web/dou/-/portaria-mcid-n-450-de-7-de-maio-de-2024-558553649
S-263,Cidades Sustentáveis e Resilientes,Periferia Viva,Regularização Fundiária,OGU,OGU,2024,PA,MOJU,Norte,"56000003570/2023",Seleção Normal,1000000,0,1000000,selecionada,,Novo PAC - Seleção,"450, de 2024",https://www.in.gov.br/web/dou/-/portaria-mcid-n-450-de-7-de-maio-de-2024-558553649
S-264,Cidades Sustentáveis e Resilientes,Periferia Viva,Regularização Fundiária,OGU,OGU,2024,ES,ARACRUZ,Sudeste,"56000004690/2023",Seleção Normal,1000000,0,1000000,selecionada,,Novo PAC - Seleção,"450, de 2024",https://www.in.gov.br/web/dou/-/portaria-mcid-n-450-de-7-de-maio-de-2024-558553649
S-265,Cidades Sustentáveis e Resilientes,Periferia Viva,Regularização Fundiária,OGU,OGU,2024,PA,BELEM,Norte,"56000003712/2023",Seleção Normal,1693581.33,0,1693581.33,selecionada,,Novo PAC - Seleção,"450, de 2024",https://www.in.gov.br/web/dou/-/portaria-mcid-n-450-de-7-de-maio-de-2024-558553649
S-266,Cidades Sustentáveis e Resilientes,Periferia Viva,Regularização Fundiária,OGU,OGU,2024,SP,CARAPICUIBA,Sudeste,"56000003872/2023",Seleção Normal,2000000,0,2000000,selecionada,,Novo PAC - Seleção,"450, de 2024",https://www.in.gov.br/web/dou/-/portaria-mcid-n-450-de-7-de-maio-de-2024-558553649
S-267,Cidades Sustentáveis e Resilientes,Periferia Viva,Regularização Fundiária,OGU,OGU,2024,RJ,SAO GONCALO,Sudeste,"56000004019/2023",Seleção Normal,3000000,0,3000000,selecionada,,Novo PAC - Seleção,"450, de 2024",https://www.in.gov.br/web/dou/-/portaria-mcid-n-450-de-7-de-maio-de-2024-558553649
S-268,Cidades Sustentáveis e Resilientes,Periferia Viva,Regularização Fundiária,OGU,OGU,2024,ES,SERRA,Sudeste,"56000004229/2023",Seleção Normal,607307.65,0,607307.65,selecionada,,Novo PAC - Seleção,"450, de 2024",https://www.in.gov.br/web/dou/-/portaria-mcid-n-450-de-7-de-maio-de-2024-558553649
S-269,Cidades Sustentáveis e Resilientes,Periferia Viva,Regularização Fundiária,OGU,OGU,2024,PE,CARUARU,Nordeste,"56000004381/2023",Seleção Normal,1978200,0,1978200,selecionada,,Novo PAC - Seleção,"450, de 2024",https://www.in.gov.br/web/dou/-/portaria-mcid-n-450-de-7-de-maio-de-2024-558553649
S-270,Cidades Sustentáveis e Resilientes,Periferia Viva,Regularização Fundiária,OGU,OGU,2024,SP,ITAPECERICA DA SERRA,Sudeste,"56000004528/2023",Seleção Normal,1000000,0,1000000,selecionada,,Novo PAC - Seleção,"450, de 2024",https://www.in.gov.br/web/dou/-/portaria-mcid-n-450-de-7-de-maio-de-2024-558553649
S-271,Cidades Sustentáveis e Resilientes,Periferia Viva,Regularização Fundiária,OGU,OGU,2024,BA,FEIRA DE SANTANA,Nordeste,"56000004756/2023",Seleção Normal,1000000,0,1000000,selecionada,,Novo PAC - Seleção,"450, de 2024",https://www.in.gov.br/web/dou/-/portaria-mcid-n-450-de-7-de-maio-de-2024-558553649
S-272,Cidades Sustentáveis e Resilientes,Periferia Viva,Regularização Fundiária,OGU,OGU,2024,MA,CHAPADINHA,Nordeste,"56000004863/2023",Seleção Normal,989100,0,989100,selecionada,,Novo PAC - Seleção,"450, de 2024",https://www.in.gov.br/web/dou/-/portaria-mcid-n-450-de-7-de-maio-de-2024-558553649
S-273,Cidades Sustentáveis e Resilientes,Periferia Viva,Regularização Fundiária,OGU,OGU,2024,SP,DIADEMA,Sudeste,"56000004939/2023",Seleção Normal,1060281.33,0,1060281.33,selecionada,,Novo PAC - Seleção,"450, de 2024",https://www.in.gov.br/web/dou/-/portaria-mcid-n-450-de-7-de-maio-de-2024-558553649
S-274,Cidades Sustentáveis e Resilientes,Periferia Viva,Regularização Fundiária,OGU,OGU,2024,PB,SANTA RITA,Nordeste,"56000005130/2023",Seleção Normal,680000,0,680000,selecionada,,Novo PAC - Seleção,"450, de 2024",https://www.in.gov.br/web/dou/-/portaria-mcid-n-450-de-7-de-maio-de-2024-558553649
S-275,Cidades Sustentáveis e Resilientes,Periferia Viva,Regularização Fundiária,OGU,OGU,2024,MG,UBERABA,Sudeste,"56000005291/2023",Seleção Normal,400000,0,400000,selecionada,,Novo PAC - Seleção,"450, de 2024",https://www.in.gov.br/web/dou/-/portaria-mcid-n-450-de-7-de-maio-de-2024-558553649
S-276,Cidades Sustentáveis e Resilientes,Periferia Viva,Regularização Fundiária,OGU,OGU,2024,PE,VITORIA DE SANTO ANTAO,Nordeste,"56000005433/2023",Seleção Normal,1000000,0,1000000,selecionada,,Novo PAC - Seleção,"450, de 2024",https://www.in.gov.br/web/dou/-/portaria-mcid-n-450-de-7-de-maio-de-2024-558553649
S-277,Cidades Sustentáveis e Resilientes,Periferia Viva,Regularização Fundiária,OGU,OGU,2024,RO,PORTO VELHO,Norte,"56000005526/2023",Seleção Normal,1594400,0,1594400,selecionada,,Novo PAC - Seleção,"450, de 2024",https://www.in.gov.br/web/dou/-/portaria-mcid-n-450-de-7-de-maio-de-2024-558553649
S-278,Cidades Sustentáveis e Resilientes,Periferia Viva,Regularização Fundiária,OGU,OGU,2024,PA,BENEVIDES,Norte,"56000006068/2023",Seleção Normal,1000000,0,1000000,selecionada,,Novo PAC - Seleção,"450, de 2024",https://www.in.gov.br/web/dou/-/portaria-mcid-n-450-de-7-de-maio-de-2024-558553649
S-279,Cidades Sustentáveis e Resilientes,Periferia Viva,Regularização Fundiária,OGU,OGU,2024,MG,FRUTAL,Sudeste,"56000005697/2023",Seleção Normal,400000,0,400000,selecionada,,Novo PAC - Seleção,"450, de 2024",https://www.in.gov.br/web/dou/-/portaria-mcid-n-450-de-7-de-maio-de-2024-558553649
S-280,Cidades Sustentáveis e Resilientes,Periferia Viva,Regularização Fundiária,OGU,OGU,2024,PE,SAO LOURENCO DA MATA,Nordeste,"56000005758/2023",Seleção Normal,1000000,0,1000000,selecionada,,Novo PAC - Seleção,"450, de 2024",https://www.in.gov.br/web/dou/-/portaria-mcid-n-450-de-7-de-maio-de-2024-558553649
S-281,Cidades Sustentáveis e Resilientes,Periferia Viva,Regularização Fundiária,OGU,OGU,2024,AP,SANTANA,Norte,"56000006090/2023",Seleção Normal,1000000,0,1000000,selecionada,,Novo PAC - Seleção,"450, de 2024",https://www.in.gov.br/web/dou/-/portaria-mcid-n-450-de-7-de-maio-de-2024-558553649
S-282,Cidades Sustentáveis e Resilientes,Periferia Viva,Regularização Fundiária,OGU,OGU,2024,RS,LAJEADO,Sul,"56000006186/2023",Seleção Normal,1000000,0,1000000,selecionada,,Novo PAC - Seleção,"450, de 2024",https://www.in.gov.br/web/dou/-/portaria-mcid-n-450-de-7-de-maio-de-2024-558553649
S-283,Cidades Sustentáveis e Resilientes,Periferia Viva,Regularização Fundiária,OGU,OGU,2024,MT,RONDONOPOLIS,Centro-Oeste,"56000006213/2023",Seleção Normal,1788400,0,1788400,selecionada,,Novo PAC - Seleção,"450, de 2024",https://www.in.gov.br/web/dou/-/portaria-mcid-n-450-de-7-de-maio-de-2024-558553649
S-284,Cidades Sustentáveis e Resilientes,Periferia Viva,Regularização Fundiária,OGU,OGU,2024,MA,SANTA LUZIA,Nordeste,"56000006354/2023",Seleção Normal,1000000,0,1000000,selecionada,,Novo PAC - Seleção,"450, de 2024",https://www.in.gov.br/web/dou/-/portaria-mcid-n-450-de-7-de-maio-de-2024-558553649
S-285,Cidades Sustentáveis e Resilientes,Periferia Viva,Regularização Fundiária,OGU,OGU,2024,PI,PIRIPIRI,Nordeste,"56000006722/2023",Seleção Normal,3000000,0,3000000,selecionada,,Novo PAC - Seleção,"450, de 2024",https://www.in.gov.br/web/dou/-/portaria-mcid-n-450-de-7-de-maio-de-2024-558553649
S-286,Cidades Sustentáveis e Resilientes,Periferia Viva,Regularização Fundiária,OGU,OGU,2024,RJ,ANGRA DOS REIS,Sudeste,"56000006787/2023",Seleção Normal,1000000,0,1000000,selecionada,,Novo PAC - Seleção,"450, de 2024",https://www.in.gov.br/web/dou/-/portaria-mcid-n-450-de-7-de-maio-de-2024-558553649
S-287,Cidades Sustentáveis e Resilientes,Prevenção a Desastres,Contenção de Encostas,OGU,OGU,2024,ES,CARIACICA,Sudeste,"56000000860/2023",Seleção Normal,8510786.39,0,8510786.39,selecionada,,Novo PAC - Seleção,"451, de 2024",https://www.in.gov.br/web/dou/-/portaria-mcid-n-451-de-7-de-maio-de-2024-558538861
S-288,Cidades Sustentáveis e Resilientes,Prevenção a Desastres,Contenção de Encostas,OGU,OGU,2024,SP,ITAPEVI,Sudeste,"56000000902/2023",Seleção Normal,14418286.11,0,14418286.11,selecionada,,Novo PAC - Seleção,"451, de 2024",https://www.in.gov.br/web/dou/-/portaria-mcid-n-451-de-7-de-maio-de-2024-558538861
S-289,Cidades Sustentáveis e Resilientes,Prevenção a Desastres,Contenção de Encostas,OGU,OGU,2024,SP,EMBU DAS ARTES,Sudeste,"56000001226/2023",Seleção Normal,14509715.9,0,14509715.9,selecionada,,Novo PAC - Seleção,"451, de 2024",https://www.in.gov.br/web/dou/-/portaria-mcid-n-451-de-7-de-maio-de-2024-558538861
S-290,Cidades Sustentáveis e Resilientes,Prevenção a Desastres,Contenção de Encostas,OGU,OGU,2024,SP,SANTO ANDRE,Sudeste,"56000001266/2023",Seleção Normal,15089906.11,0,15089906.11,selecionada,,Novo PAC - Seleção,"451, de 2024",https://www.in.gov.br/web/dou/-/portaria-mcid-n-451-de-7-de-maio-de-2024-558538861
S-291,Cidades Sustentáveis e Resilientes,Prevenção a Desastres,Contenção de Encostas,OGU,OGU,2024,SP,SAO BERNARDO DO CAMPO,Sudeste,"56000001321/2023",Seleção Normal,10779599.17,0,10779599.17,selecionada,,Novo PAC - Seleção,"451, de 2024",https://www.in.gov.br/web/dou/-/portaria-mcid-n-451-de-7-de-maio-de-2024-558538861
S-292,Cidades Sustentáveis e Resilientes,Prevenção a Desastres,Contenção de Encostas,OGU,OGU,2024,BA,SALVADOR,Nordeste,"56000001510/2023",Seleção Normal,52690260.17,0,52690260.17,selecionada,,Novo PAC - Seleção,"451, de 2024",https://www.in.gov.br/web/dou/-/portaria-mcid-n-451-de-7-de-maio-de-2024-558538861
S-293,Cidades Sustentáveis e Resilientes,Prevenção a Desastres,Contenção de Encostas,OGU,OGU,2024,BA,TEOLANDIA,Nordeste,"56000001668/2023",Seleção Normal,8690000,0,8690000,selecionada,,Novo PAC - Seleção,"451, de 2024",https://www.in.gov.br/web/dou/-/portaria-mcid-n-451-de-7-de-maio-de-2024-558538861
S-294,Cidades Sustentáveis e Resilientes,Prevenção a Desastres,Contenção de Encostas,OGU,OGU,2024,PE,JABOATAO DOS GUARARAPES,Nordeste,"56000001999/2023",Seleção Normal,17010793.63,0,17010793.63,selecionada,,Novo PAC - Seleção,"451, de 2024",https://www.in.gov.br/web/dou/-/portaria-mcid-n-451-de-7-de-maio-de-2024-558538861
S-295,Cidades Sustentáveis e Resilientes,Prevenção a Desastres,Contenção de Encostas,OGU,OGU,2024,MG,IPATINGA,Sudeste,"56000002256/2023",Seleção Normal,9800000,0,9800000,selecionada,,Novo PAC - Seleção,"451, de 2024",https://www.in.gov.br/web/dou/-/portaria-mcid-n-451-de-7-de-maio-de-2024-558538861
S-296,Cidades Sustentáveis e Resilientes,Prevenção a Desastres,Contenção de Encostas,OGU,OGU,2024,MG,MARIANA,Sudeste,"56000002506/2023",Seleção Normal,29424000,0,29424000,selecionada,,Novo PAC - Seleção,"451, de 2024",https://www.in.gov.br/web/dou/-/portaria-mcid-n-451-de-7-de-maio-de-2024-558538861
S-297,Cidades Sustentáveis e Resilientes,Resíduos Sólidos,Resíduos Sólidos,OGU,OGU,2025,PA,BELTERRA,Norte,"56000008374/2025",Seleção Normal,8186642,,8186642,selecionada,Setor Público,Novo PAC - Seleção,"1.488, de 2025",https://in.gov.br/web/dou/-/portaria-mcid-n-1.488-de-24-de-dezembro-de-2025-678071129
S-298,Cidades Sustentáveis e Resilientes,Prevenção a Desastres,Contenção de Encostas,OGU,OGU,2024,BA,MEDEIROS NETO,Nordeste,"56000003033/2023",Seleção Normal,16569772.64,0,16569772.64,selecionada,,Novo PAC - Seleção,"451, de 2024",https://www.in.gov.br/web/dou/-/portaria-mcid-n-451-de-7-de-maio-de-2024-558538861
S-299,Cidades Sustentáveis e Resilientes,Prevenção a Desastres,Contenção de Encostas,OGU,OGU,2024,BA,JACOBINA,Nordeste,"56000003228/2023",Seleção Normal,4164798,0,4164798,selecionada,,Novo PAC - Seleção,"451, de 2024",https://www.in.gov.br/web/dou/-/portaria-mcid-n-451-de-7-de-maio-de-2024-558538861
S-300,Cidades Sustentáveis e Resilientes,Prevenção a Desastres,Contenção de Encostas,OGU,OGU,2024,BA,ITABUNA,Nordeste,"56000003384/2023",Seleção Normal,1549565.55,0,1549565.55,selecionada,,Novo PAC - Seleção,"451, de 2024",https://www.in.gov.br/web/dou/-/portaria-mcid-n-451-de-7-de-maio-de-2024-558538861
S-301,Cidades Sustentáveis e Resilientes,Prevenção a Desastres,Contenção de Encostas,OGU,OGU,2024,AM,MANAUS,Norte,"56000003935/2023",Seleção Normal,16934400,0,16934400,selecionada,,Novo PAC - Seleção,"451, de 2024",https://www.in.gov.br/web/dou/-/portaria-mcid-n-451-de-7-de-maio-de-2024-558538861
S-302,Cidades Sustentáveis e Resilientes,Prevenção a Desastres,Contenção de Encostas,OGU,OGU,2024,AM,SAO PAULO DE OLIVENCA,Norte,"56000004342/2023",Seleção Normal,12450000,0,12450000,selecionada,,Novo PAC - Seleção,"451, de 2024",https://www.in.gov.br/web/dou/-/portaria-mcid-n-451-de-7-de-maio-de-2024-558538861
S-303,Cidades Sustentáveis e Resilientes,Prevenção a Desastres,Contenção de Encostas,OGU,OGU,2024,MG,TIMOTEO,Sudeste,"56000004806/2023",Seleção Normal,1556778.02,0,1556778.02,selecionada,,Novo PAC - Seleção,"451, de 2024",https://www.in.gov.br/web/dou/-/portaria-mcid-n-451-de-7-de-maio-de-2024-558538861
S-304,Cidades Sustentáveis e Resilientes,Prevenção a Desastres,Contenção de Encostas,OGU,OGU,2024,MG,URUCANIA,Sudeste,"56000005234/2023",Seleção Normal,2624232.93,0,2624232.93,selecionada,,Novo PAC - Seleção,"451, de 2024",https://www.in.gov.br/web/dou/-/portaria-mcid-n-451-de-7-de-maio-de-2024-558538861
S-305,Cidades Sustentáveis e Resilientes,Prevenção a Desastres,Contenção de Encostas,OGU,OGU,2024,RJ,SAO JOAO DE MERITI,Sudeste,"56000005315/2023",Seleção Normal,20000000,0,20000000,selecionada,,Novo PAC - Seleção,"451, de 2024",https://www.in.gov.br/web/dou/-/portaria-mcid-n-451-de-7-de-maio-de-2024-558538861
S-306,Cidades Sustentáveis e Resilientes,Prevenção a Desastres,Contenção de Encostas,OGU,OGU,2024,SP,OSASCO,Sudeste,"56000005448/2023",Seleção Normal,3726442.32,0,3726442.32,selecionada,,Novo PAC - Seleção,"451, de 2024",https://www.in.gov.br/web/dou/-/portaria-mcid-n-451-de-7-de-maio-de-2024-558538861
S-307,Cidades Sustentáveis e Resilientes,Prevenção a Desastres,Contenção de Encostas,OGU,OGU,2024,ES,AFONSO CLAUDIO,Sudeste,"56000005642/2023",Seleção Normal,14367220,0,14367220,selecionada,,Novo PAC - Seleção,"451, de 2024",https://www.in.gov.br/web/dou/-/portaria-mcid-n-451-de-7-de-maio-de-2024-558538861
S-308,Cidades Sustentáveis e Resilientes,Prevenção a Desastres,Contenção de Encostas,OGU,OGU,2024,PA,PARAUAPEBAS,Norte,"56000005981/2023",Seleção Normal,3774870.54,0,3774870.54,selecionada,,Novo PAC - Seleção,"451, de 2024",https://www.in.gov.br/web/dou/-/portaria-mcid-n-451-de-7-de-maio-de-2024-558538861
S-309,Cidades Sustentáveis e Resilientes,Prevenção a Desastres,Contenção de Encostas,OGU,OGU,2024,MG,URUCANIA,Sudeste,"56000006591/2023",Seleção Normal,1742732.49,0,1742732.49,selecionada,,Novo PAC - Seleção,"451, de 2024",https://www.in.gov.br/web/dou/-/portaria-mcid-n-451-de-7-de-maio-de-2024-558538861
S-310,Cidades Sustentáveis e Resilientes,Prevenção a Desastres,Contenção de Encostas,OGU,OGU,2024,RJ,QUEIMADOS,Sudeste,"56000006721/2023",Seleção Normal,2500000,0,2500000,selecionada,,Novo PAC - Seleção,"451, de 2024",https://www.in.gov.br/web/dou/-/portaria-mcid-n-451-de-7-de-maio-de-2024-558538861
S-311,Cidades Sustentáveis e Resilientes,Prevenção a Desastres,Contenção de Encostas,OGU,OGU,2024,PE,PAULISTA,Nordeste,"56000006981/2023",Seleção Normal,3205232.84,0,3205232.84,selecionada,,Novo PAC - Seleção,"451, de 2024",https://www.in.gov.br/web/dou/-/portaria-mcid-n-451-de-7-de-maio-de-2024-558538861
S-312,Água Para Todos,Água para quem mais precisa,Abastecimento de Água - Rural,OGU,OGU,2024,BA,CARINHANHA,Nordeste,"56000000573/2023",Seleção Normal,27876586.69,0,27876586.69,selecionada,,Novo PAC - Seleção,"452, de 2024",https://www.in.gov.br/web/dou/-/portaria-mcid-n-452-de-7-de-maio-de-2024-558553728
S-313,Água Para Todos,Água para quem mais precisa,Abastecimento de Água - Rural,OGU,OGU,2024,PA,SAO SEBASTIAO DA BOA VISTA,Norte,"56000003200/2023",Seleção Normal,2400000,0,2400000,selecionada,,Novo PAC - Seleção,"452, de 2024",https://www.in.gov.br/web/dou/-/portaria-mcid-n-452-de-7-de-maio-de-2024-558553728
S-314,Água Para Todos,Água para quem mais precisa,Abastecimento de Água - Rural,OGU,OGU,2024,MG,JORDANIA,Sudeste,"56000000586/2023",Seleção Normal,1050000,0,1050000,selecionada,,Novo PAC - Seleção,"452, de 2024",https://www.in.gov.br/web/dou/-/portaria-mcid-n-452-de-7-de-maio-de-2024-558553728
S-315,Água Para Todos,Água para quem mais precisa,Abastecimento de Água - Rural,OGU,OGU,2024,MG,NINHEIRA,Sudeste,"56000000674/2023",Seleção Normal,600000,0,600000,selecionada,,Novo PAC - Seleção,"452, de 2024",https://www.in.gov.br/web/dou/-/portaria-mcid-n-452-de-7-de-maio-de-2024-558553728
S-316,Água Para Todos,Água para quem mais precisa,Abastecimento de Água - Rural,OGU,OGU,2024,MG,JANAUBA,Sudeste,"56000000695/2023",Seleção Normal,1350000,0,1350000,selecionada,,Novo PAC - Seleção,"452, de 2024",https://www.in.gov.br/web/dou/-/portaria-mcid-n-452-de-7-de-maio-de-2024-558553728
S-317,Água Para Todos,Água para quem mais precisa,Abastecimento de Água - Rural,OGU,OGU,2024,SE,PEDRA MOLE,Nordeste,"56000000825/2023",Seleção Normal,152261.59,0,152261.59,selecionada,,Novo PAC - Seleção,"452, de 2024",https://www.in.gov.br/web/dou/-/portaria-mcid-n-452-de-7-de-maio-de-2024-558553728
S-318,Água Para Todos,Água para quem mais precisa,Abastecimento de Água - Rural,OGU,OGU,2024,BA,BOM JESUS DA LAPA,Nordeste,"56000000986/2023",Seleção Normal,6635057.17,0,6635057.17,selecionada,,Novo PAC - Seleção,"452, de 2024",https://www.in.gov.br/web/dou/-/portaria-mcid-n-452-de-7-de-maio-de-2024-558553728
S-319,Cidades Sustentáveis e Resilientes,Periferia Viva,Urbanização de Favelas,FIN,FGTS,2025,SP,CAIEIRAS,Sudeste,"56000000971/2025",Seleção Normal,0,42809600,42809600,enquadrada,Setor Privado,Novo PAC - Seleção,"825, de 2025",https://www.in.gov.br/web/dou/-/portaria-mcid-n-825-de-24-de-julho-de-2025-644423269
S-320,Água Para Todos,Água para quem mais precisa,Abastecimento de Água - Rural,OGU,OGU,2024,MG,MATIAS CARDOSO,Sudeste,"56000001267/2023",Seleção Normal,600000,0,600000,selecionada,,Novo PAC - Seleção,"452, de 2024",https://www.in.gov.br/web/dou/-/portaria-mcid-n-452-de-7-de-maio-de-2024-558553728
S-321,Água Para Todos,Água para quem mais precisa,Abastecimento de Água - Rural,OGU,OGU,2024,MG,PADRE CARVALHO,Sudeste,"56000001277/2023",Seleção Normal,300000,0,300000,selecionada,,Novo PAC - Seleção,"452, de 2024",https://www.in.gov.br/web/dou/-/portaria-mcid-n-452-de-7-de-maio-de-2024-558553728
S-322,Água Para Todos,Água para quem mais precisa,Abastecimento de Água - Rural,OGU,OGU,2024,MG,SERRANOPOLIS DE MINAS,Sudeste,"56000001300/2023",Seleção Normal,150000,0,150000,selecionada,,Novo PAC - Seleção,"452, de 2024",https://www.in.gov.br/web/dou/-/portaria-mcid-n-452-de-7-de-maio-de-2024-558553728
S-323,Água Para Todos,Água para quem mais precisa,Abastecimento de Água - Rural,OGU,OGU,2024,MG,MAMONAS,Sudeste,"56000001315/2023",Seleção Normal,1500000,0,1500000,selecionada,,Novo PAC - Seleção,"452, de 2024",https://www.in.gov.br/web/dou/-/portaria-mcid-n-452-de-7-de-maio-de-2024-558553728
S-324,Água Para Todos,Água para quem mais precisa,Abastecimento de Água - Rural,OGU,OGU,2024,MG,BERIZAL,Sudeste,"56000001331/2023",Seleção Normal,450000,0,450000,selecionada,,Novo PAC - Seleção,"452, de 2024",https://www.in.gov.br/web/dou/-/portaria-mcid-n-452-de-7-de-maio-de-2024-558553728
S-325,Água Para Todos,Água para quem mais precisa,Abastecimento de Água - Rural,OGU,OGU,2024,MG,MANGA,Sudeste,"56000001344/2023",Seleção Normal,600000,0,600000,selecionada,,Novo PAC - Seleção,"452, de 2024",https://www.in.gov.br/web/dou/-/portaria-mcid-n-452-de-7-de-maio-de-2024-558553728
S-326,Água Para Todos,Água para quem mais precisa,Abastecimento de Água - Rural,OGU,OGU,2024,MG,TAIOBEIRAS,Sudeste,"56000001371/2023",Seleção Normal,150000,0,150000,selecionada,,Novo PAC - Seleção,"452, de 2024",https://www.in.gov.br/web/dou/-/portaria-mcid-n-452-de-7-de-maio-de-2024-558553728
S-327,Água Para Todos,Água para quem mais precisa,Abastecimento de Água - Rural,OGU,OGU,2024,GO,JUSSARA,Centro-Oeste,"56000002701/2023",Seleção Normal,527322.8,0,527322.8,selecionada,,Novo PAC - Seleção,"452, de 2024",https://www.in.gov.br/web/dou/-/portaria-mcid-n-452-de-7-de-maio-de-2024-558553728
S-328,Água Para Todos,Água para quem mais precisa,Abastecimento de Água - Rural,OGU,OGU,2024,MG,ITAOBIM,Sudeste,"56000001402/2023",Seleção Normal,900000,0,900000,selecionada,,Novo PAC - Seleção,"452, de 2024",https://www.in.gov.br/web/dou/-/portaria-mcid-n-452-de-7-de-maio-de-2024-558553728
S-329,Água Para Todos,Água para quem mais precisa,Abastecimento de Água - Rural,OGU,OGU,2024,MG,JUVENILIA,Sudeste,"56000001494/2023",Seleção Normal,150000,0,150000,selecionada,,Novo PAC - Seleção,"452, de 2024",https://www.in.gov.br/web/dou/-/portaria-mcid-n-452-de-7-de-maio-de-2024-558553728
S-330,Água Para Todos,Água para quem mais precisa,Abastecimento de Água - Rural,OGU,OGU,2024,MG,JEQUITINHONHA,Sudeste,"56000001522/2023",Seleção Normal,150000,0,150000,selecionada,,Novo PAC - Seleção,"452, de 2024",https://www.in.gov.br/web/dou/-/portaria-mcid-n-452-de-7-de-maio-de-2024-558553728
S-331,Água Para Todos,Água para quem mais precisa,Abastecimento de Água - Rural,OGU,OGU,2024,PE,PALMARES,Nordeste,"56000001577/2023",Seleção Normal,4822799.64,0,4822799.64,selecionada,,Novo PAC - Seleção,"452, de 2024",https://www.in.gov.br/web/dou/-/portaria-mcid-n-452-de-7-de-maio-de-2024-558553728
S-332,Água Para Todos,Água para quem mais precisa,Abastecimento de Água - Rural,OGU,OGU,2024,PI,UNIAO,Nordeste,"56000001625/2023",Seleção Normal,240000,0,240000,selecionada,,Novo PAC - Seleção,"452, de 2024",https://www.in.gov.br/web/dou/-/portaria-mcid-n-452-de-7-de-maio-de-2024-558553728
S-333,Água Para Todos,Água para quem mais precisa,Abastecimento de Água - Rural,OGU,OGU,2024,MG,GAMELEIRAS,Sudeste,"56000001652/2023",Seleção Normal,600000,0,600000,selecionada,,Novo PAC - Seleção,"452, de 2024",https://www.in.gov.br/web/dou/-/portaria-mcid-n-452-de-7-de-maio-de-2024-558553728
S-334,Água Para Todos,Água para quem mais precisa,Abastecimento de Água - Rural,OGU,OGU,2024,MG,SAO JOAO DO PARAISO,Sudeste,"56000001892/2023",Seleção Normal,1050000,0,1050000,selecionada,,Novo PAC - Seleção,"452, de 2024",https://www.in.gov.br/web/dou/-/portaria-mcid-n-452-de-7-de-maio-de-2024-558553728
S-335,Água Para Todos,Água para quem mais precisa,Abastecimento de Água - Rural,OGU,OGU,2024,GO,DIVINOPOLIS DE GOIAS,Centro-Oeste,"56000002600/2023",Seleção Normal,911883.5,0,911883.5,selecionada,,Novo PAC - Seleção,"452, de 2024",https://www.in.gov.br/web/dou/-/portaria-mcid-n-452-de-7-de-maio-de-2024-558553728
S-336,Água Para Todos,Água para quem mais precisa,Abastecimento de Água - Rural,OGU,OGU,2024,MA,AGUAS DOCE DO MARANHAO,Nordeste,"56000002707/2023",Seleção Normal,2611570.55,0,2611570.55,selecionada,,Novo PAC - Seleção,"452, de 2024",https://www.in.gov.br/web/dou/-/portaria-mcid-n-452-de-7-de-maio-de-2024-558553728
S-337,Água Para Todos,Água para quem mais precisa,Abastecimento de Água - Rural,OGU,OGU,2024,GO,CEZARINA,Centro-Oeste,"56000002722/2023",Seleção Normal,527322.8,0,527322.8,selecionada,,Novo PAC - Seleção,"452, de 2024",https://www.in.gov.br/web/dou/-/portaria-mcid-n-452-de-7-de-maio-de-2024-558553728
S-338,Água Para Todos,Água para quem mais precisa,Abastecimento de Água - Rural,OGU,OGU,2024,MA,SANTANA DO MARANHAO,Nordeste,"56000002740/2023",Seleção Normal,2611570.55,0,2611570.55,selecionada,,Novo PAC - Seleção,"452, de 2024",https://www.in.gov.br/web/dou/-/portaria-mcid-n-452-de-7-de-maio-de-2024-558553728
S-339,Água Para Todos,Água para quem mais precisa,Abastecimento de Água - Rural,OGU,OGU,2024,MA,CONCEICAO DO LAGO ACU,Nordeste,"56000002793/2023",Seleção Normal,2611570.55,0,2611570.55,selecionada,,Novo PAC - Seleção,"452, de 2024",https://www.in.gov.br/web/dou/-/portaria-mcid-n-452-de-7-de-maio-de-2024-558553728
S-340,Água Para Todos,Água para quem mais precisa,Abastecimento de Água - Rural,OGU,OGU,2024,PA,ALMERIM,Norte,"56000002836/2023",Seleção Normal,3168045.75,0,3168045.75,selecionada,,Novo PAC - Seleção,"452, de 2024",https://www.in.gov.br/web/dou/-/portaria-mcid-n-452-de-7-de-maio-de-2024-558553728
S-341,Água Para Todos,Água para quem mais precisa,Abastecimento de Água - Rural,OGU,OGU,2024,PA,AVEIRO,Norte,"56000002858/2023",Seleção Normal,2944778.95,0,2944778.95,selecionada,,Novo PAC - Seleção,"452, de 2024",https://www.in.gov.br/web/dou/-/portaria-mcid-n-452-de-7-de-maio-de-2024-558553728
S-342,Água Para Todos,Água para quem mais precisa,Abastecimento de Água - Rural,OGU,OGU,2024,MA,ARAIOSES,Nordeste,"56000002873/2023",Seleção Normal,687247.69,0,687247.69,selecionada,,Novo PAC - Seleção,"452, de 2024",https://www.in.gov.br/web/dou/-/portaria-mcid-n-452-de-7-de-maio-de-2024-558553728
S-343,Água Para Todos,Água para quem mais precisa,Abastecimento de Água - Rural,OGU,OGU,2024,PA,SANTAREM,Norte,"56000003300/2023",Seleção Normal,3405748.97,0,3405748.97,selecionada,,Novo PAC - Seleção,"452, de 2024",https://www.in.gov.br/web/dou/-/portaria-mcid-n-452-de-7-de-maio-de-2024-558553728
S-344,Água Para Todos,Água para quem mais precisa,Abastecimento de Água - Rural,OGU,OGU,2024,RS,CAXIAS DO SUL,Sul,"56000003444/2023",Seleção Normal,1685524.21,0,1685524.21,selecionada,,Novo PAC - Seleção,"452, de 2024",https://www.in.gov.br/web/dou/-/portaria-mcid-n-452-de-7-de-maio-de-2024-558553728
S-345,Água Para Todos,Água para quem mais precisa,Abastecimento de Água - Rural,OGU,OGU,2024,CE,JAGUARIBE,Nordeste,"56000003549/2023",Seleção Normal,336804.61,0,336804.61,selecionada,,Novo PAC - Seleção,"452, de 2024",https://www.in.gov.br/web/dou/-/portaria-mcid-n-452-de-7-de-maio-de-2024-558553728
S-346,Água Para Todos,Água para quem mais precisa,Abastecimento de Água - Rural,OGU,OGU,2024,PR,CRUZEIRO DO IGUACU,Sul,"56000003730/2023",Seleção Normal,598677.1,0,598677.1,selecionada,,Novo PAC - Seleção,"452, de 2024",https://www.in.gov.br/web/dou/-/portaria-mcid-n-452-de-7-de-maio-de-2024-558553728
S-347,Água Para Todos,Água para quem mais precisa,Abastecimento de Água - Rural,OGU,OGU,2024,PR,NOVA PRATA DO IGUACU,Sul,"56000003874/2023",Seleção Normal,612572.46,0,612572.46,selecionada,,Novo PAC - Seleção,"452, de 2024",https://www.in.gov.br/web/dou/-/portaria-mcid-n-452-de-7-de-maio-de-2024-558553728
S-348,Água Para Todos,Água para quem mais precisa,Abastecimento de Água - Rural,OGU,OGU,2024,PA,MONTE ALEGRE,Norte,"56000004136/2023",Seleção Normal,3880547.54,0,3880547.54,selecionada,,Novo PAC - Seleção,"452, de 2024",https://www.in.gov.br/web/dou/-/portaria-mcid-n-452-de-7-de-maio-de-2024-558553728
S-349,Água Para Todos,Água para quem mais precisa,Abastecimento de Água - Rural,OGU,OGU,2024,TO,PIUM,Norte,"56000004222/2023",Seleção Normal,742849.69,0,742849.69,selecionada,,Novo PAC - Seleção,"452, de 2024",https://www.in.gov.br/web/dou/-/portaria-mcid-n-452-de-7-de-maio-de-2024-558553728
S-350,Água Para Todos,Água para quem mais precisa,Abastecimento de Água - Rural,OGU,OGU,2024,PR,CAPANEMA,Sul,"56000004547/2023",Seleção Normal,774082.69,0,774082.69,selecionada,,Novo PAC - Seleção,"452, de 2024",https://www.in.gov.br/web/dou/-/portaria-mcid-n-452-de-7-de-maio-de-2024-558553728
S-351,Água Para Todos,Água para quem mais precisa,Abastecimento de Água - Rural,OGU,OGU,2024,RS,FORMIGUEIRO,Sul,"56000004792/2023",Seleção Normal,562131.2,0,562131.2,selecionada,,Novo PAC - Seleção,"452, de 2024",https://www.in.gov.br/web/dou/-/portaria-mcid-n-452-de-7-de-maio-de-2024-558553728
S-352,Água Para Todos,Água para quem mais precisa,Abastecimento de Água - Rural,OGU,OGU,2024,PI,PARNAGUA,Nordeste,"56000005306/2023",Seleção Normal,686903.9,0,686903.9,selecionada,,Novo PAC - Seleção,"452, de 2024",https://www.in.gov.br/web/dou/-/portaria-mcid-n-452-de-7-de-maio-de-2024-558553728
S-353,Água Para Todos,Água para quem mais precisa,Abastecimento de Água - Rural,OGU,OGU,2024,PA,CHAVES,Norte,"56000005660/2023",Seleção Normal,900000,0,900000,selecionada,,Novo PAC - Seleção,"452, de 2024",https://www.in.gov.br/web/dou/-/portaria-mcid-n-452-de-7-de-maio-de-2024-558553728
S-354,Água Para Todos,Água para quem mais precisa,Abastecimento de Água - Rural,OGU,OGU,2024,PI,CARACOL,Nordeste,"56000006164/2023",Seleção Normal,342552.32,0,342552.32,selecionada,,Novo PAC - Seleção,"452, de 2024",https://www.in.gov.br/web/dou/-/portaria-mcid-n-452-de-7-de-maio-de-2024-558553728
S-355,Água Para Todos,Água para quem mais precisa,Abastecimento de Água - Rural,OGU,OGU,2024,AM,MANAUS,Norte,"56000006211/2023",Seleção Normal,198812.84,0,198812.84,selecionada,,Novo PAC - Seleção,"452, de 2024",https://www.in.gov.br/web/dou/-/portaria-mcid-n-452-de-7-de-maio-de-2024-558553728
S-356,Água Para Todos,Água para quem mais precisa,Abastecimento de Água - Rural,OGU,OGU,2024,PI,BREJO DO PIAUI,Nordeste,"56000006266/2023",Seleção Normal,354797.6,0,354797.6,selecionada,,Novo PAC - Seleção,"452, de 2024",https://www.in.gov.br/web/dou/-/portaria-mcid-n-452-de-7-de-maio-de-2024-558553728
S-357,Cidades Sustentáveis e Resilientes,Mobilidade Urbana Sustentável,Médias e Grandes Cidades,OGU,OGU,2024,MS,CAMPO GRANDE,Centro-Oeste,"56000000095/2023",Seleção Normal,1512033.7,0,1512033.7,selecionada,,Novo PAC - Seleção,"767, de 2024",https://www.in.gov.br/en/web/dou/-/portaria-mcid-n-767-de-26-de-julho-de-2024-574546651
S-358,Cidades Sustentáveis e Resilientes,Esgotamento Sanitário,Esgotamento Sanitário,FIN,FGTS,2024,RJ,VOLTA REDONDA,Sudeste,"56000001916/2023",Seleção Normal,0,130668574.64,130668574.64,selecionada,Setor Público,Novo PAC - Seleção,"769, de 2024",https://www.in.gov.br/en/web/dou/-/portaria-mcid-n-769-de-26-de-julho-de-2024-574546917
S-359,Cidades Sustentáveis e Resilientes,Esgotamento Sanitário,Esgotamento Sanitário,FIN,FGTS,2024,PR,JAPURA,Sul,"56000001930/2023",Seleção Normal,0,3035853.03,3035853.03,selecionada,Setor Público,Novo PAC - Seleção,"769, de 2024",https://www.in.gov.br/en/web/dou/-/portaria-mcid-n-769-de-26-de-julho-de-2024-574546917
S-360,Cidades Sustentáveis e Resilientes,Esgotamento Sanitário,Esgotamento Sanitário,FIN,FGTS,2024,PR,MARECHAL CANDIDO RONDON,Sul,"56000002141/2023",Seleção Normal,0,39955420.24,39955420.24,selecionada,Setor Público,Novo PAC - Seleção,"769, de 2024",https://www.in.gov.br/en/web/dou/-/portaria-mcid-n-769-de-26-de-julho-de-2024-574546917
S-361,Cidades Sustentáveis e Resilientes,Esgotamento Sanitário,Esgotamento Sanitário,FIN,FGTS,2024,PR,ALVORADA DO SUL,Sul,"56000002309/2023",Seleção Normal,0,26190633.2,26190633.2,selecionada,Setor Público,Novo PAC - Seleção,"769, de 2024",https://www.in.gov.br/en/web/dou/-/portaria-mcid-n-769-de-26-de-julho-de-2024-574546917
S-362,Cidades Sustentáveis e Resilientes,Esgotamento Sanitário,Esgotamento Sanitário,FIN,FGTS,2024,MG,ITAPAGIPE,Sudeste,"56000002479/2023",Seleção Normal,0,8500000,8500000,selecionada,Setor Público,Novo PAC - Seleção,"769, de 2024",https://www.in.gov.br/en/web/dou/-/portaria-mcid-n-769-de-26-de-julho-de-2024-574546917
S-363,Cidades Sustentáveis e Resilientes,Esgotamento Sanitário,Esgotamento Sanitário,FIN,FGTS,2024,SP,CERQUILHO,Sudeste,"56000002562/2023",Seleção Normal,0,14525958,14525958,selecionada,Setor Público,Novo PAC - Seleção,"769, de 2024",https://www.in.gov.br/en/web/dou/-/portaria-mcid-n-769-de-26-de-julho-de-2024-574546917
S-364,Cidades Sustentáveis e Resilientes,Esgotamento Sanitário,Esgotamento Sanitário,FIN,FGTS,2024,MA,SAO LUIS,Nordeste,"56000002727/2023",Seleção Normal,0,297825000,297825000,selecionada,Setor Público,Novo PAC - Seleção,"769, de 2024",https://www.in.gov.br/en/web/dou/-/portaria-mcid-n-769-de-26-de-julho-de-2024-574546917
S-365,Cidades Sustentáveis e Resilientes,Esgotamento Sanitário,Esgotamento Sanitário,FIN,FGTS,2024,MG,FRANCISCOPOLIS,Sudeste,"56000002908/2023",Seleção Normal,0,7125923.02,7125923.02,selecionada,Setor Público,Novo PAC - Seleção,"769, de 2024",https://www.in.gov.br/en/web/dou/-/portaria-mcid-n-769-de-26-de-julho-de-2024-574546917
S-366,Cidades Sustentáveis e Resilientes,Esgotamento Sanitário,Esgotamento Sanitário,FIN,FGTS,2024,MT,CACERES,Centro-Oeste,"56000003025/2023",Seleção Normal,0,68634864.59,68634864.59,selecionada,Setor Público,Novo PAC - Seleção,"769, de 2024",https://www.in.gov.br/en/web/dou/-/portaria-mcid-n-769-de-26-de-julho-de-2024-574546917
S-367,Cidades Sustentáveis e Resilientes,Esgotamento Sanitário,Esgotamento Sanitário,FIN,FGTS,2024,RJ,MARICA,Sudeste,"56000003162/2023",Seleção Normal,0,42113933.97,42113933.97,selecionada,Setor Público,Novo PAC - Seleção,"769, de 2024",https://www.in.gov.br/en/web/dou/-/portaria-mcid-n-769-de-26-de-julho-de-2024-574546917
S-368,Cidades Sustentáveis e Resilientes,Esgotamento Sanitário,Esgotamento Sanitário,FIN,FGTS,2025,SC,SCHROEDER,Sul,"56000001161/2025",Seleção Normal,,35478921.77,35478921.77,enquadrada,Setor Público,Novo PAC - Seleção,"1.425, de 2025",https://in.gov.br/web/dou/-/portaria-mcid-n-1.425-de-10-de-dezembro-de-2025-674489067
S-369,Cidades Sustentáveis e Resilientes,Esgotamento Sanitário,Esgotamento Sanitário,FIN,FGTS,2024,GO,SENADOR CANEDO,Centro-Oeste,"56000003317/2023",Seleção Normal,0,128326109,128326109,selecionada,Setor Público,Novo PAC - Seleção,"769, de 2024",https://www.in.gov.br/en/web/dou/-/portaria-mcid-n-769-de-26-de-julho-de-2024-574546917
S-370,Cidades Sustentáveis e Resilientes,Esgotamento Sanitário,Esgotamento Sanitário,FIN,FGTS,2024,PR,MUNHOZ DE MELO,Sul,"56000003831/2023",Seleção Normal,0,10001000,10001000,selecionada,Setor Público,Novo PAC - Seleção,"769, de 2024",https://www.in.gov.br/en/web/dou/-/portaria-mcid-n-769-de-26-de-julho-de-2024-574546917
S-371,Cidades Sustentáveis e Resilientes,Esgotamento Sanitário,Esgotamento Sanitário,FIN,FGTS,2024,PB,SAO DOMINGOS DO CARIRI,Nordeste,"56000004246/2023",Seleção Normal,0,9345653.67,9345653.67,selecionada,Setor Público,Novo PAC - Seleção,"769, de 2024",https://www.in.gov.br/en/web/dou/-/portaria-mcid-n-769-de-26-de-julho-de-2024-574546917
S-372,Cidades Sustentáveis e Resilientes,Esgotamento Sanitário,Esgotamento Sanitário,FIN,FGTS,2024,PB,BOA VISTA,Nordeste,"56000004964/2023",Seleção Normal,0,20884103.86,20884103.86,selecionada,Setor Público,Novo PAC - Seleção,"769, de 2024",https://www.in.gov.br/en/web/dou/-/portaria-mcid-n-769-de-26-de-julho-de-2024-574546917
S-373,Cidades Sustentáveis e Resilientes,Esgotamento Sanitário,Esgotamento Sanitário,FIN,FGTS,2024,PR,JARDIM ALEGRE,Sul,"56000005561/2023",Seleção Normal,0,7689565,7689565,selecionada,Setor Público,Novo PAC - Seleção,"769, de 2024",https://www.in.gov.br/en/web/dou/-/portaria-mcid-n-769-de-26-de-julho-de-2024-574546917
S-374,Cidades Sustentáveis e Resilientes,Esgotamento Sanitário,Esgotamento Sanitário,FIN,FGTS,2024,MG,SILVEIRANIA,Sudeste,"56000004617/2023",Seleção Normal,0,18542421.56,18542421.56,selecionada,Setor Público,Novo PAC - Seleção,"769, de 2024",https://www.in.gov.br/en/web/dou/-/portaria-mcid-n-769-de-26-de-julho-de-2024-574546917
S-375,Cidades Sustentáveis e Resilientes,Esgotamento Sanitário,Esgotamento Sanitário,FIN,FGTS,2024,MG,PAINS,Sudeste,"56000004776/2023",Seleção Normal,0,5788178.32,5788178.32,selecionada,Setor Público,Novo PAC - Seleção,"769, de 2024",https://www.in.gov.br/en/web/dou/-/portaria-mcid-n-769-de-26-de-julho-de-2024-574546917
S-376,Cidades Sustentáveis e Resilientes,Esgotamento Sanitário,Esgotamento Sanitário,FIN,FGTS,2024,PR,FAROL,Sul,"56000004969/2023",Seleção Normal,0,40000000,40000000,selecionada,Setor Público,Novo PAC - Seleção,"769, de 2024",https://www.in.gov.br/en/web/dou/-/portaria-mcid-n-769-de-26-de-julho-de-2024-574546917
S-377,Cidades Sustentáveis e Resilientes,Esgotamento Sanitário,Esgotamento Sanitário,FIN,FGTS,2024,RN,PARNAMIRIM,Nordeste,"56000005958/2023",Seleção Normal,0,146013931.65,146013931.65,selecionada,Setor Público,Novo PAC - Seleção,"769, de 2024",https://www.in.gov.br/en/web/dou/-/portaria-mcid-n-769-de-26-de-julho-de-2024-574546917
S-378,Cidades Sustentáveis e Resilientes,Esgotamento Sanitário,Esgotamento Sanitário,FIN,FGTS,2024,AM,LABREA,Norte,"56000006543/2023",Seleção Normal,0,57226303.68,57226303.68,selecionada,Setor Público,Novo PAC - Seleção,"769, de 2024",https://www.in.gov.br/en/web/dou/-/portaria-mcid-n-769-de-26-de-julho-de-2024-574546917
S-379,Cidades Sustentáveis e Resilientes,Esgotamento Sanitário,Esgotamento Sanitário,FIN,FGTS,2024,MG,SANTANA DO MANHUACU,Sudeste,"56000006715/2023",Seleção Normal,0,3000000,3000000,selecionada,Setor Público,Novo PAC - Seleção,"769, de 2024",https://www.in.gov.br/en/web/dou/-/portaria-mcid-n-769-de-26-de-julho-de-2024-574546917
S-380,Cidades Sustentáveis e Resilientes,Esgotamento Sanitário,Esgotamento Sanitário,FIN,FGTS,2025,CE,JARDIM,Nordeste,"56000001141/2025",Seleção Normal,,23602283.92,23602283.92,enquadrada,Setor Público,Novo PAC - Seleção,"1.425, de 2025",https://in.gov.br/web/dou/-/portaria-mcid-n-1.425-de-10-de-dezembro-de-2025-674489067
S-381,Cidades Sustentáveis e Resilientes,Esgotamento Sanitário,Esgotamento Sanitário,FIN,FGTS,2024,DF,BRASILIA,Centro-Oeste,"56000001785/2023",Seleção Normal,0,194017024.33,194017024.33,selecionada,Setor Público,Novo PAC - Seleção,"769, de 2024",https://www.in.gov.br/en/web/dou/-/portaria-mcid-n-769-de-26-de-julho-de-2024-574546917
S-382,Cidades Sustentáveis e Resilientes,Esgotamento Sanitário,Esgotamento Sanitário,FIN,FGTS,2025,BA,SANTO ANTONIO DE JESUS,Nordeste,"56000000584/2025",Seleção Normal,,170000000,170000000,enquadrada,Setor Privado,Novo PAC - Seleção,"1.425, de 2025",https://in.gov.br/web/dou/-/portaria-mcid-n-1.425-de-10-de-dezembro-de-2025-674489067
S-383,Cidades Sustentáveis e Resilientes,Esgotamento Sanitário,Esgotamento Sanitário,FIN,FGTS,2025,BA,CRISTOPOLIS,Nordeste,"56000000604/2025",Seleção Normal,,48744376,48744376,enquadrada,Setor Privado,Novo PAC - Seleção,"1.425, de 2025",https://in.gov.br/web/dou/-/portaria-mcid-n-1.425-de-10-de-dezembro-de-2025-674489067
S-384,Cidades Sustentáveis e Resilientes,Esgotamento Sanitário,Esgotamento Sanitário,FIN,FGTS,2025,BA,SALVADOR,Nordeste,"56000000680/2025",Seleção Normal,,232131200,232131200,enquadrada,Setor Privado,Novo PAC - Seleção,"1.425, de 2025",https://in.gov.br/web/dou/-/portaria-mcid-n-1.425-de-10-de-dezembro-de-2025-674489067
S-385,Cidades Sustentáveis e Resilientes,Esgotamento Sanitário,Esgotamento Sanitário,FIN,FGTS,2025,BA,ARACI,Nordeste,"56000001084/2025",Seleção Normal,,139103585.3,139103585.3,enquadrada,Setor Privado,Novo PAC - Seleção,"1.425, de 2025",https://in.gov.br/web/dou/-/portaria-mcid-n-1.425-de-10-de-dezembro-de-2025-674489067
S-386,Cidades Sustentáveis e Resilientes,Esgotamento Sanitário,Esgotamento Sanitário,FIN,FGTS,2025,BA,ALCOBAÇA,Nordeste,"56000001252/2025",Seleção Normal,,153271746.88,153271746.88,enquadrada,Setor Privado,Novo PAC - Seleção,"1.425, de 2025",https://in.gov.br/web/dou/-/portaria-mcid-n-1.425-de-10-de-dezembro-de-2025-674489067
S-387,Cidades Sustentáveis e Resilientes,Esgotamento Sanitário,Esgotamento Sanitário,FIN,FGTS,2025,BA,PLANALTO,Nordeste,"56000001360/2025",Seleção Normal,,88697992.05,88697992.05,enquadrada,Setor Privado,Novo PAC - Seleção,"1.425, de 2025",https://in.gov.br/web/dou/-/portaria-mcid-n-1.425-de-10-de-dezembro-de-2025-674489067
S-388,Cidades Sustentáveis e Resilientes,Esgotamento Sanitário,Esgotamento Sanitário,FIN,FGTS,2025,BA,ITAQUARA,Nordeste,"56000001122/2025",Seleção Normal,,35752955.88,35752955.88,enquadrada,Setor Privado,Novo PAC - Seleção,"1.425, de 2025",https://in.gov.br/web/dou/-/portaria-mcid-n-1.425-de-10-de-dezembro-de-2025-674489067
S-389,Cidades Sustentáveis e Resilientes,Esgotamento Sanitário,Esgotamento Sanitário,FIN,FGTS,2025,BA,POJUCA,Nordeste,"56000008237/2025",Seleção Normal,,133713948.71,133713948.71,enquadrada,Setor Privado,Novo PAC - Seleção,"1.425, de 2025",https://in.gov.br/web/dou/-/portaria-mcid-n-1.425-de-10-de-dezembro-de-2025-674489067
S-390,Cidades Sustentáveis e Resilientes,Esgotamento Sanitário,Esgotamento Sanitário,FIN,FGTS,2025,MG,UBERLÂNDIA,Sudeste,"56000000492/2025",Seleção Normal,,3448921.39,3448921.39,enquadrada,Setor Público,Novo PAC - Seleção,"1.425, de 2025",https://in.gov.br/web/dou/-/portaria-mcid-n-1.425-de-10-de-dezembro-de-2025-674489067
S-391,Cidades Sustentáveis e Resilientes,Esgotamento Sanitário,Esgotamento Sanitário,FIN,FGTS,2025,MG,RESSAQUINHA,Sudeste,"56000000297/2025",Seleção Normal,,8527650.05,8527650.05,enquadrada,Setor Público,Novo PAC - Seleção,"1.425, de 2025",https://in.gov.br/web/dou/-/portaria-mcid-n-1.425-de-10-de-dezembro-de-2025-674489067
S-392,Cidades Sustentáveis e Resilientes,Esgotamento Sanitário,Esgotamento Sanitário,FIN,FGTS,2025,PE,SAO JOSE DO EGITO,Nordeste,"56000001013/2025",Seleção Normal,,11916424.23,11916424.23,enquadrada,Setor Público,Novo PAC - Seleção,"1.425, de 2025",https://in.gov.br/web/dou/-/portaria-mcid-n-1.425-de-10-de-dezembro-de-2025-674489067
S-393,Cidades Sustentáveis e Resilientes,Esgotamento Sanitário,Esgotamento Sanitário,FIN,FGTS,2025,RJ,MANGARATIBA,Sudeste,"56000000958/2025",Seleção Normal,,93986554.38,93986554.38,enquadrada,Setor Privado,Novo PAC - Seleção,"1.425, de 2025",https://in.gov.br/web/dou/-/portaria-mcid-n-1.425-de-10-de-dezembro-de-2025-674489067
S-394,Cidades Sustentáveis e Resilientes,Esgotamento Sanitário,Esgotamento Sanitário,FIN,FGTS,2025,SC,BALNEARIO CAMBORIU,Sul,"56000000802/2025",Seleção Normal,,90491373.25,90491373.25,enquadrada,Setor Público,Novo PAC - Seleção,"1.425, de 2025",https://in.gov.br/web/dou/-/portaria-mcid-n-1.425-de-10-de-dezembro-de-2025-674489067
S-395,Cidades Sustentáveis e Resilientes,Esgotamento Sanitário,Esgotamento Sanitário,FIN,FGTS,2025,SP,SAO CARLOS,Sudeste,"56000001495/2025",Seleção Normal,,38718914.52,38718914.52,enquadrada,Setor Público,Novo PAC - Seleção,"1.425, de 2025",https://in.gov.br/web/dou/-/portaria-mcid-n-1.425-de-10-de-dezembro-de-2025-674489067
S-396,Cidades Sustentáveis e Resilientes,Esgotamento Sanitário,Esgotamento Sanitário,FIN,FGTS,2025,BA,SALINAS DA MARGARIDA,Nordeste,"56000001669/2025",Seleção Normal,,43524600,43524600,enquadrada,Setor Privado,Novo PAC - Seleção,"1.425, de 2025",https://in.gov.br/web/dou/-/portaria-mcid-n-1.425-de-10-de-dezembro-de-2025-674489067
S-397,Cidades Sustentáveis e Resilientes,Esgotamento Sanitário,Esgotamento Sanitário,FIN,FGTS,2025,BA,LAURO DE FREITAS,Nordeste,"56000008232/2025",Seleção Normal,,167575521.45,167575521.45,enquadrada,Setor Privado,Novo PAC - Seleção,"1.425, de 2025",https://in.gov.br/web/dou/-/portaria-mcid-n-1.425-de-10-de-dezembro-de-2025-674489067
S-398,Cidades Sustentáveis e Resilientes,Esgotamento Sanitário,Esgotamento Sanitário,FIN,FGTS,2025,MG,UBERLÂNDIA,Sudeste,"56000000462/2025",Seleção Normal,,410142.1,410142.1,enquadrada,Setor Público,Novo PAC - Seleção,"1.425, de 2025",https://in.gov.br/web/dou/-/portaria-mcid-n-1.425-de-10-de-dezembro-de-2025-674489067
S-399,Cidades Sustentáveis e Resilientes,Esgotamento Sanitário,Esgotamento Sanitário,FIN,FGTS,2025,MG,RIO PRETO,Sudeste,"56000000646/2025",Seleção Normal,,46009482.91,46009482.91,enquadrada,Setor Público,Novo PAC - Seleção,"1.425, de 2025",https://in.gov.br/web/dou/-/portaria-mcid-n-1.425-de-10-de-dezembro-de-2025-674489067
S-400,Cidades Sustentáveis e Resilientes,Esgotamento Sanitário,Esgotamento Sanitário,FIN,FGTS,2025,MG,LAJINHA,Sudeste,"56000002058/2025",Seleção Normal,,30000000,30000000,enquadrada,Setor Público,Novo PAC - Seleção,"1.425, de 2025",https://in.gov.br/web/dou/-/portaria-mcid-n-1.425-de-10-de-dezembro-de-2025-674489067
S-401,Cidades Sustentáveis e Resilientes,Esgotamento Sanitário,Esgotamento Sanitário,FIN,FGTS,2025,PE,SAO JOSE DO EGITO,Nordeste,"56000001702/2025",Seleção Normal,,4639501.49,4639501.49,enquadrada,Setor Público,Novo PAC - Seleção,"1.425, de 2025",https://in.gov.br/web/dou/-/portaria-mcid-n-1.425-de-10-de-dezembro-de-2025-674489067
S-402,Cidades Sustentáveis e Resilientes,Mobilidade Urbana Sustentável,Médias e Grandes Cidades,OGU,OGU,2024,MG,SANTA LUZIA,Sudeste,"56000000509/2023",Seleção Normal,125565147.7,0,125565147.7,selecionada,,Novo PAC - Seleção,"767, de 2024",https://www.in.gov.br/en/web/dou/-/portaria-mcid-n-767-de-26-de-julho-de-2024-574546651
S-403,Cidades Sustentáveis e Resilientes,Mobilidade Urbana Sustentável,Médias e Grandes Cidades,OGU,OGU,2024,SP,SAO BERNARDO DO CAMPO,Sudeste,"56000000935/2023",Seleção Normal,58997747.84,0,58997747.84,selecionada,,Novo PAC - Seleção,"767, de 2024",https://www.in.gov.br/en/web/dou/-/portaria-mcid-n-767-de-26-de-julho-de-2024-574546651
S-404,Cidades Sustentáveis e Resilientes,Mobilidade Urbana Sustentável,Médias e Grandes Cidades,OGU,OGU,2024,CE,FORTALEZA,Nordeste,"56000003895/2023",Seleção Normal,2560844,0,2560844,selecionada,,Novo PAC - Seleção,"767, de 2024",https://www.in.gov.br/en/web/dou/-/portaria-mcid-n-767-de-26-de-julho-de-2024-574546651
S-405,Cidades Sustentáveis e Resilientes,Mobilidade Urbana Sustentável,Médias e Grandes Cidades,OGU,OGU,2024,PR,ARAUCARIA,Sul,"56000002144/2023",Seleção Normal,19889772.56,0,19889772.56,selecionada,,Novo PAC - Seleção,"767, de 2024",https://www.in.gov.br/en/web/dou/-/portaria-mcid-n-767-de-26-de-julho-de-2024-574546651
S-406,Cidades Sustentáveis e Resilientes,Mobilidade Urbana Sustentável,Médias e Grandes Cidades,OGU,OGU,2024,RR,BOA VISTA,Norte,"56000002216/2023",Seleção Normal,3045000,0,3045000,selecionada,,Novo PAC - Seleção,"767, de 2024",https://www.in.gov.br/en/web/dou/-/portaria-mcid-n-767-de-26-de-julho-de-2024-574546651
S-407,Cidades Sustentáveis e Resilientes,Mobilidade Urbana Sustentável,Médias e Grandes Cidades,OGU,OGU,2024,SP,SAO BERNARDO DO CAMPO,Sudeste,"56000002616/2023",Seleção Normal,2371711.73,0,2371711.73,selecionada,,Novo PAC - Seleção,"767, de 2024",https://www.in.gov.br/en/web/dou/-/portaria-mcid-n-767-de-26-de-julho-de-2024-574546651
S-408,Cidades Sustentáveis e Resilientes,Mobilidade Urbana Sustentável,Médias e Grandes Cidades,OGU,OGU,2024,PB,JOAO PESSOA,Nordeste,"56000003014/2023",Seleção Normal,4243634.88,0,4243634.88,selecionada,,Novo PAC - Seleção,"767, de 2024",https://www.in.gov.br/en/web/dou/-/portaria-mcid-n-767-de-26-de-julho-de-2024-574546651
S-409,Cidades Sustentáveis e Resilientes,Mobilidade Urbana Sustentável,Médias e Grandes Cidades,OGU,OGU,2024,RN,NATAL,Nordeste,"56000003839/2023",Seleção Normal,63749412.01,0,63749412.01,selecionada,,Novo PAC - Seleção,"767, de 2024",https://www.in.gov.br/en/web/dou/-/portaria-mcid-n-767-de-26-de-julho-de-2024-574546651
S-410,Cidades Sustentáveis e Resilientes,Mobilidade Urbana Sustentável,Médias e Grandes Cidades,OGU,OGU,2024,SP,CAMPINAS,Sudeste,"56000004237/2023",Seleção Normal,54754841.38,0,54754841.38,selecionada,,Novo PAC - Seleção,"767, de 2024",https://www.in.gov.br/en/web/dou/-/portaria-mcid-n-767-de-26-de-julho-de-2024-574546651
S-411,Cidades Sustentáveis e Resilientes,Prevenção a Desastres,Drenagem Urbana,OGU,OGU,2024,RS,TRES FORQUILHAS,Sul,"56000003253/2023",Calamidade RS,167115,0,167115,selecionada,,Novo PAC - Seleção,"776, de 2024",https://www.in.gov.br/web/dou/-/portaria-mcid-n-776-de-30-de-julho-de-2024-575055636
S-412,Cidades Sustentáveis e Resilientes,Mobilidade Urbana Sustentável,Médias e Grandes Cidades,OGU,OGU,2024,BA,SALVADOR,Nordeste,"56000005098/2023",Seleção Normal,990000,0,990000,selecionada,,Novo PAC - Seleção,"767, de 2024",https://www.in.gov.br/en/web/dou/-/portaria-mcid-n-767-de-26-de-julho-de-2024-574546651
S-413,Cidades Sustentáveis e Resilientes,Mobilidade Urbana Sustentável,Médias e Grandes Cidades,OGU,OGU,2024,AM,MANAUS,Norte,"56000005567/2023",Seleção Normal,6300000,0,6300000,selecionada,,Novo PAC - Seleção,"767, de 2024",https://www.in.gov.br/en/web/dou/-/portaria-mcid-n-767-de-26-de-julho-de-2024-574546651
S-414,Cidades Sustentáveis e Resilientes,Mobilidade Urbana Sustentável,Médias e Grandes Cidades,OGU,OGU,2024,SP,SOROCABA,Sudeste,"56000005853/2023",Seleção Normal,1953000,0,1953000,selecionada,,Novo PAC - Seleção,"767, de 2024",https://www.in.gov.br/en/web/dou/-/portaria-mcid-n-767-de-26-de-julho-de-2024-574546651
S-415,Cidades Sustentáveis e Resilientes,Mobilidade Urbana Sustentável,Médias e Grandes Cidades,OGU,OGU,2024,PE,RECIFE,Nordeste,"56000006509/2023",Seleção Normal,258770561.53,0,258770561.53,selecionada,,Novo PAC - Seleção,"767, de 2024",https://www.in.gov.br/en/web/dou/-/portaria-mcid-n-767-de-26-de-julho-de-2024-574546651
S-416,Cidades Sustentáveis e Resilientes,Prevenção a Desastres,Drenagem Urbana,OGU,OGU,2024,RS,ESTRELA,Sul,"56000001283/2023",Calamidade RS,787500,0,787500,selecionada,,Novo PAC - Seleção,"776, de 2024",https://www.in.gov.br/web/dou/-/portaria-mcid-n-776-de-30-de-julho-de-2024-575055636
S-417,Cidades Sustentáveis e Resilientes,Prevenção a Desastres,Drenagem Urbana,OGU,OGU,2024,RS,SAPUCAIA DO SUL,Sul,"56000002252/2023",Calamidade RS,29416143,0,29416143,selecionada,,Novo PAC - Seleção,"776, de 2024",https://www.in.gov.br/web/dou/-/portaria-mcid-n-776-de-30-de-julho-de-2024-575055636
S-418,Cidades Sustentáveis e Resilientes,Prevenção a Desastres,Drenagem Urbana,OGU,OGU,2024,RS,ESTRELA,Sul,"56000004552/2023",Calamidade RS,17080778,0,17080778,selecionada,,Novo PAC - Seleção,"776, de 2024",https://www.in.gov.br/web/dou/-/portaria-mcid-n-776-de-30-de-julho-de-2024-575055636
S-419,Cidades Sustentáveis e Resilientes,Prevenção a Desastres,Drenagem Urbana,OGU,OGU,2024,RS,CAXIAS DO SUL,Sul,"56000004989/2023",Calamidade RS,15128240,0,15128240,selecionada,,Novo PAC - Seleção,"776, de 2024",https://www.in.gov.br/web/dou/-/portaria-mcid-n-776-de-30-de-julho-de-2024-575055636
S-420,Cidades Sustentáveis e Resilientes,Prevenção a Desastres,Drenagem Urbana,OGU,OGU,2024,RS,PORTO ALEGRE,Sul,"56000005614/2023",Calamidade RS,5799892,0,5799892,selecionada,,Novo PAC - Seleção,"776, de 2024",https://www.in.gov.br/web/dou/-/portaria-mcid-n-776-de-30-de-julho-de-2024-575055636
S-421,Cidades Sustentáveis e Resilientes,Periferia Viva,Urbanização de Favelas,FIN,FGTS,2025,RJ,PARACAMBI,Sudeste,"56000001087/2025",Seleção Normal,0,35294400,35294400,enquadrada,Setor Privado,Novo PAC - Seleção,"825, de 2025",https://www.in.gov.br/web/dou/-/portaria-mcid-n-825-de-24-de-julho-de-2025-644423269
S-422,Cidades Sustentáveis e Resilientes,Prevenção a Desastres,Contenção de Encostas,OGU,OGU,2024,MG,OURO PRETO,Sudeste,"56000001920/2023",Seleção Normal,5993340.24,0,5993340.24,selecionada,,Novo PAC - Seleção,"451, de 2024",https://www.in.gov.br/web/dou/-/portaria-mcid-n-451-de-7-de-maio-de-2024-558538861
S-423,Cidades Sustentáveis e Resilientes,Mobilidade Urbana Sustentável,Médias e Grandes Cidades,OGU,OGU,2024,MA,SAO LUIS,Nordeste,GOV09,Governadores,237082848.60,0,237082848.6,selecionada,Setor Público,Novo PAC - Seleção,NA,
S-424,Cidades Sustentáveis e Resilientes,Mobilidade Urbana Sustentável,Renovação de Frota,FIN,Fundo Clima e BNDES,2024,MG,BELO HORIZONTE,Sudeste,"56000001791/2023",Seleção Normal,0,317078900,317078900,selecionada,Setor Público,Novo PAC - Seleção,"445, de 2024",https://www.in.gov.br/web/dou/-/portaria-mcid-n-445-de-7-de-maio-de-2024-558553015
S-425,Cidades Sustentáveis e Resilientes,Mobilidade Urbana Sustentável,Renovação de Frota,FIN,Fundo Clima e BNDES,2024,PB,JOAO PESSOA,Nordeste,"56000003238/2023",Seleção Normal,0,95340000,95340000,selecionada,Setor Público,Novo PAC - Seleção,"445, de 2024",https://www.in.gov.br/web/dou/-/portaria-mcid-n-445-de-7-de-maio-de-2024-558553015
S-426,Cidades Sustentáveis e Resilientes,Mobilidade Urbana Sustentável,Renovação de Frota,FIN,Fundo Clima e BNDES,2024,SP,CAMPINAS,Sudeste,"56000005312/2023",Seleção Normal,0,216729600,216729600,selecionada,Setor Público,Novo PAC - Seleção,"445, de 2024",https://www.in.gov.br/web/dou/-/portaria-mcid-n-445-de-7-de-maio-de-2024-558553015
S-427,Cidades Sustentáveis e Resilientes,Mobilidade Urbana Sustentável,Renovação de Frota,FIN,Fundo Clima e BNDES,2024,BA,SALVADOR,Nordeste,"56000006278/2023",Seleção Normal,0,95494000,95494000,selecionada,Setor Público,Novo PAC - Seleção,"445, de 2024",https://www.in.gov.br/web/dou/-/portaria-mcid-n-445-de-7-de-maio-de-2024-558553015
S-428,Cidades Sustentáveis e Resilientes,Mobilidade Urbana Sustentável,Renovação de Frota,FIN,Fundo Clima e BNDES,2024,PR,CURITIBA,Sul,"56000006346/2023",Seleção Normal,0,380000000,380000000,selecionada,Setor Público,Novo PAC - Seleção,"445, de 2024",https://www.in.gov.br/web/dou/-/portaria-mcid-n-445-de-7-de-maio-de-2024-558553015
S-429,Cidades Sustentáveis e Resilientes,Mobilidade Urbana Sustentável,Médias e Grandes Cidades,FIN,BNDES,2024,DF,BRASILIA,Centro-Oeste,"56000001868/2023",Seleção Normal,0,925313997.84,925313997.84,selecionada,Setor Público,Novo PAC - Seleção,"767, de 2024",https://www.in.gov.br/en/web/dou/-/portaria-mcid-n-767-de-26-de-julho-de-2024-574546651
S-430,Cidades Sustentáveis e Resilientes,Mobilidade Urbana Sustentável,Médias e Grandes Cidades,FIN,FGTS,2025,TO,PALMAS,Norte,"56000001186/2025",Seleção Normal,0,29041500,29041500,enquadrada,Setor Privado,Novo PAC - Seleção,"981, de 2025",https://www.in.gov.br/en/web/dou/-/portaria-mcid-n-981-de-29-de-agosto-de-2025-652031181
S-431,Cidades Sustentáveis e Resilientes,Mobilidade Urbana Sustentável,Médias e Grandes Cidades,FIN,FGTS,2025,SP,BRAGANCA PAULISTA,Sudeste,"56000001142/2025",Seleção Normal,0,22990000,22990000,enquadrada,Setor Privado,Novo PAC - Seleção,"981, de 2025",https://www.in.gov.br/en/web/dou/-/portaria-mcid-n-981-de-29-de-agosto-de-2025-652031181
S-432,Cidades Sustentáveis e Resilientes,Mobilidade Urbana Sustentável,Médias e Grandes Cidades,FIN,FGTS,2025,MG,POCOS DE CALDAS,Sudeste,"56000002172/2025",Seleção Normal,0,22224157.5,22224157.5,enquadrada,Setor Privado,Novo PAC - Seleção,"981, de 2025",https://www.in.gov.br/en/web/dou/-/portaria-mcid-n-981-de-29-de-agosto-de-2025-652031181
S-433,Cidades Sustentáveis e Resilientes,Prevenção a Desastres,Drenagem Urbana,FIN,FGTS,2025,BA,ESTADO DA BAHIA,Nordeste,﻿56000001616/2025,Seleção Normal,0,67201639.67,67201639.67,enquadrada,Setor Privado,Novo PAC - Seleção,"1.088, de 2025",https://www.in.gov.br/web/dou/-/portaria-mcid-n-1.088-de-19-de-setembro-de-2025-657754761
S-434,Cidades Sustentáveis e Resilientes,Prevenção a Desastres,Drenagem Urbana,FIN,FGTS,2025,BA,MEDEIROS NETO,Nordeste,"56000001806/2025",Seleção Normal,0,47163000,47163000,enquadrada,Setor Privado,Novo PAC - Seleção,"1.088, de 2025",https://www.in.gov.br/web/dou/-/portaria-mcid-n-1.088-de-19-de-setembro-de-2025-657754761
S-435,Cidades Sustentáveis e Resilientes,Periferia Viva,Urbanização de Favelas,FIN,FGTS,2025,MG,UBERLANDIA,Sudeste,"56000000796/2025",Seleção Normal,0,98320946.3,98320946.3,enquadrada,Setor Privado,Novo PAC - Seleção,"825, de 2025",https://www.in.gov.br/web/dou/-/portaria-mcid-n-825-de-24-de-julho-de-2025-644423269
S-436,Cidades Sustentáveis e Resilientes,Periferia Viva,Urbanização de Favelas,FIN,FGTS,2025,PB,CABEDELO,Nordeste,"56000000394/2025",Seleção Normal,0,54643608.38,54643608.38,enquadrada,Setor Privado,Novo PAC - Seleção,"825, de 2025",https://www.in.gov.br/web/dou/-/portaria-mcid-n-825-de-24-de-julho-de-2025-644423269
S-437,Cidades Sustentáveis e Resilientes,Periferia Viva,Urbanização de Favelas,FIN,FGTS,2025,BA,SALVADOR,Nordeste,"56000000709/2025",Seleção Normal,0,29153382.25,29153382.25,enquadrada,Setor Privado,Novo PAC - Seleção,"825, de 2025",https://www.in.gov.br/web/dou/-/portaria-mcid-n-825-de-24-de-julho-de-2025-644423269
S-438,Cidades Sustentáveis e Resilientes,Periferia Viva,Urbanização de Favelas,FIN,FGTS,2025,RS,ALVORADA,Sul,"56000001338/2025",Seleção Normal,0,25175000,25175000,enquadrada,Setor Privado,Novo PAC - Seleção,"825, de 2025",https://www.in.gov.br/web/dou/-/portaria-mcid-n-825-de-24-de-julho-de-2025-644423269
S-439,Cidades Sustentáveis e Resilientes,Periferia Viva,Urbanização de Favelas,FIN,FGTS,2025,MA,SAO LUIS,Nordeste,"56000001664/2025",Seleção Normal,0,149246845,149246845,enquadrada,Setor Privado,Novo PAC - Seleção,"825, de 2025",https://www.in.gov.br/web/dou/-/portaria-mcid-n-825-de-24-de-julho-de-2025-644423269
S-440,Cidades Sustentáveis e Resilientes,Periferia Viva,Urbanização de Favelas,FIN,FGTS,2025,SP,OSASCO,Sudeste,"56000001799/2025",Seleção Normal,0,88878576.38,88878576.38,enquadrada,Setor Privado,Novo PAC - Seleção,"825, de 2025",https://www.in.gov.br/web/dou/-/portaria-mcid-n-825-de-24-de-julho-de-2025-644423269
S-441,Cidades Sustentáveis e Resilientes,Periferia Viva,Urbanização de Favelas,FIN,FGTS,2025,BA,FEIRA DE SANTANA,Nordeste,"56000001936/2025",Seleção Normal,0,49076481.31,49076481.31,enquadrada,Setor Privado,Novo PAC - Seleção,"825, de 2025",https://www.in.gov.br/web/dou/-/portaria-mcid-n-825-de-24-de-julho-de-2025-644423269
S-442,Cidades Sustentáveis e Resilientes,Periferia Viva,Urbanização de Favelas,FIN,FGTS,2025,TO,PALMAS,Norte,"56000002195/2025",Seleção Normal,0,46945365.92,46945365.92,enquadrada,Setor Privado,Novo PAC - Seleção,"825, de 2025",https://www.in.gov.br/web/dou/-/portaria-mcid-n-825-de-24-de-julho-de-2025-644423269
S-443,Cidades Sustentáveis e Resilientes,Prevenção a Desastres,Drenagem Urbana,FIN,FGTS,2025,AL,CORURIPE,Nordeste,"56000001928/2025",Seleção Normal,0,74505911.21,74505911.21,enquadrada,Setor Privado,Novo PAC - Seleção,"1.087, de 2025",https://www.in.gov.br/en/web/dou/-/portaria-mcid-n-1.087-de-19-de-setembro-de-2025-657754682
S-444,Cidades Sustentáveis e Resilientes,Prevenção a Desastres,Drenagem Urbana,FIN,FGTS,2025,MG,BELO HORIZONTE,Sudeste,"56000002516/2025",Seleção Normal,0,92625000,92625000,enquadrada,Setor Privado,Novo PAC - Seleção,"1.087, de 2025",https://www.in.gov.br/en/web/dou/-/portaria-mcid-n-1.087-de-19-de-setembro-de-2025-657754682
S-445,Cidades Sustentáveis e Resilientes,Prevenção a Desastres,Drenagem Urbana,FIN,FGTS,2025,MG,UBERLANDIA,Sudeste,"56000008026/2025",Seleção Normal,0,65901713.45,65901713.45,enquadrada,Setor Privado,Novo PAC - Seleção,"1.087, de 2025",https://www.in.gov.br/en/web/dou/-/portaria-mcid-n-1.087-de-19-de-setembro-de-2025-657754682
S-446,Cidades Sustentáveis e Resilientes,Prevenção a Desastres,Drenagem Urbana,FIN,FGTS,2025,RJ,DUQUE DE CAXIAS,Sudeste,"56000001086/2025",Seleção Normal,0,57442905.1,57442905.1,enquadrada,Setor Privado,Novo PAC - Seleção,"1.087, de 2025",https://www.in.gov.br/en/web/dou/-/portaria-mcid-n-1.087-de-19-de-setembro-de-2025-657754682
S-447,Cidades Sustentáveis e Resilientes,Prevenção a Desastres,Drenagem Urbana,FIN,FGTS,2025,SC,LAGES,Sul,"56000002306/2025",Seleção Normal,0,71580055.28,71580055.28,enquadrada,Setor Privado,Novo PAC - Seleção,"1.087, de 2025",https://www.in.gov.br/en/web/dou/-/portaria-mcid-n-1.087-de-19-de-setembro-de-2025-657754682
S-448,Cidades Sustentáveis e Resilientes,Prevenção a Desastres,Drenagem Urbana,FIN,FGTS,2025,SP,PRAIA GRANDE,Sudeste,"56000001194/2025",Seleção Normal,0,23780000,23780000,enquadrada,Setor Privado,Novo PAC - Seleção,"1.087, de 2025",https://www.in.gov.br/en/web/dou/-/portaria-mcid-n-1.087-de-19-de-setembro-de-2025-657754682
S-449,Cidades Sustentáveis e Resilientes,Prevenção a Desastres,Contenção de Encostas,FIN,FGTS,2025,MG,BELO HORIZONTE,Sudeste,"56000008220/2025",Seleção Normal,0,10000000,10000000,enquadrada,Setor Privado,Novo PAC - Seleção,"1.074, de 2025",https://www.in.gov.br/en/web/dou/-/portaria-mcid-n-1.074-de-17-de-setembro-de-2025-657752151
S-450,Cidades Sustentáveis e Resilientes,Prevenção a Desastres,Contenção de Encostas,FIN,FGTS,2025,SP,SÃO PAULO,Sudeste,"56000002347/2025",Seleção Normal,0,37758552.25,37758552.25,enquadrada,Setor Privado,Novo PAC - Seleção,"1.074, de 2025",https://www.in.gov.br/en/web/dou/-/portaria-mcid-n-1.074-de-17-de-setembro-de-2025-657752151
S-451,Cidades Sustentáveis e Resilientes,Prevenção a Desastres,Drenagem Urbana,FIN,FGTS,2025,GO,SENADOR CANEDO,Centro-Oeste,"56000001509/2025",Seleção Normal,0,17000000,17000000,enquadrada,Setor Privado,Novo PAC - Seleção,"1.088, de 2025",https://www.in.gov.br/web/dou/-/portaria-mcid-n-1.088-de-19-de-setembro-de-2025-657754761
S-452,Cidades Sustentáveis e Resilientes,Prevenção a Desastres,Drenagem Urbana,FIN,FGTS,2025,MA,TIMON,Nordeste,"56000000015/2025",Seleção Normal,0,130000000,130000000,enquadrada,Setor Privado,Novo PAC - Seleção,"1.088, de 2025",https://www.in.gov.br/web/dou/-/portaria-mcid-n-1.088-de-19-de-setembro-de-2025-657754761
S-453,Cidades Sustentáveis e Resilientes,Prevenção a Desastres,Drenagem Urbana,FIN,FGTS,2025,MG,CONTAGEM,Sudeste,"56000000433/2025",Seleção Normal,0,64398473.95,64398473.95,enquadrada,Setor Privado,Novo PAC - Seleção,"1.088, de 2025",https://www.in.gov.br/web/dou/-/portaria-mcid-n-1.088-de-19-de-setembro-de-2025-657754761
S-454,Cidades Sustentáveis e Resilientes,Prevenção a Desastres,Drenagem Urbana,FIN,FGTS,2025,MG,TIMOTEO,Sudeste,"56000000397/2025",Seleção Normal,0,31085083.66,31085083.66,enquadrada,Setor Privado,Novo PAC - Seleção,"1.088, de 2025",https://www.in.gov.br/web/dou/-/portaria-mcid-n-1.088-de-19-de-setembro-de-2025-657754761
S-455,Cidades Sustentáveis e Resilientes,Prevenção a Desastres,Drenagem Urbana,FIN,FGTS,2025,PA,ANANINDEUA,Norte,"56000001791/2025",Seleção Normal,0,71219068.3,71219068.3,enquadrada,Setor Privado,Novo PAC - Seleção,"1.088, de 2025",https://www.in.gov.br/web/dou/-/portaria-mcid-n-1.088-de-19-de-setembro-de-2025-657754761
S-456,Cidades Sustentáveis e Resilientes,Prevenção a Desastres,Drenagem Urbana,FIN,FGTS,2025,PA,PARAUAPEBAS,Norte,"56000001870/2025",Seleção Normal,0,22555611.01,22555611.01,enquadrada,Setor Privado,Novo PAC - Seleção,"1.088, de 2025",https://www.in.gov.br/web/dou/-/portaria-mcid-n-1.088-de-19-de-setembro-de-2025-657754761
S-457,Cidades Sustentáveis e Resilientes,Prevenção a Desastres,Drenagem Urbana,FIN,FGTS,2025,RJ,BELFORD ROXO,Sudeste,"56000000543/2025",Seleção Normal,0,98000000,98000000,enquadrada,Setor Privado,Novo PAC - Seleção,"1.088, de 2025",https://www.in.gov.br/web/dou/-/portaria-mcid-n-1.088-de-19-de-setembro-de-2025-657754761
S-458,Cidades Sustentáveis e Resilientes,Prevenção a Desastres,Drenagem Urbana,FIN,FGTS,2025,RO,PORTO VELHO,Norte,"56000001773/2025",Seleção Normal,0,108000000,108000000,enquadrada,Setor Privado,Novo PAC - Seleção,"1.088, de 2025",https://www.in.gov.br/web/dou/-/portaria-mcid-n-1.088-de-19-de-setembro-de-2025-657754761
S-459,Cidades Sustentáveis e Resilientes,Prevenção a Desastres,Drenagem Urbana,FIN,FGTS,2025,SC,ARARANGUA,Sul,"56000000536/2025",Seleção Normal,0,115000000,115000000,enquadrada,Setor Privado,Novo PAC - Seleção,"1.088, de 2025",https://www.in.gov.br/web/dou/-/portaria-mcid-n-1.088-de-19-de-setembro-de-2025-657754761
S-460,Cidades Sustentáveis e Resilientes,Prevenção a Desastres,Drenagem Urbana,FIN,FGTS,2025,SC,FLORIANOPOLIS,Sul,"56000001845/2025",Seleção Normal,0,20000000,20000000,enquadrada,Setor Privado,Novo PAC - Seleção,"1.088, de 2025",https://www.in.gov.br/web/dou/-/portaria-mcid-n-1.088-de-19-de-setembro-de-2025-657754761
S-461,Cidades Sustentáveis e Resilientes,Prevenção a Desastres,Drenagem Urbana,FIN,FGTS,2025,SE,LAGARTO,Nordeste,"56000000846/2025",Seleção Normal,0,15000000,15000000,enquadrada,Setor Privado,Novo PAC - Seleção,"1.088, de 2025",https://www.in.gov.br/web/dou/-/portaria-mcid-n-1.088-de-19-de-setembro-de-2025-657754761
S-462,Cidades Sustentáveis e Resilientes,Prevenção a Desastres,Drenagem Urbana,FIN,FGTS,2025,SP,JUNDIAI,Sudeste,"56000000872/2025",Seleção Normal,0,9881409.17,9881409.17,enquadrada,Setor Privado,Novo PAC - Seleção,"1.088, de 2025",https://www.in.gov.br/web/dou/-/portaria-mcid-n-1.088-de-19-de-setembro-de-2025-657754761
S-463,Cidades Sustentáveis e Resilientes,Prevenção a Desastres,Drenagem Urbana,FIN,FGTS,2025,SP,SANTOS,Sudeste,"56000002177/2025",Seleção Normal,0,16069332.82,16069332.82,enquadrada,Setor Privado,Novo PAC - Seleção,"1.088, de 2025",https://www.in.gov.br/web/dou/-/portaria-mcid-n-1.088-de-19-de-setembro-de-2025-657754761
S-464,Cidades Sustentáveis e Resilientes,Prevenção a Desastres,Drenagem Urbana,FIN,FGTS,2025,SP,SAO PAULO,Sudeste,"56000001076/2025",Seleção Normal,0,87737528.81,87737528.81,enquadrada,Setor Privado,Novo PAC - Seleção,"1.088, de 2025",https://www.in.gov.br/web/dou/-/portaria-mcid-n-1.088-de-19-de-setembro-de-2025-657754761
S-465,Cidades Sustentáveis e Resilientes,Mobilidade Urbana Sustentável,Médias e Grandes Cidades,FIN,FGTS,2025,TO,PALMAS,Norte,"56000001636/2025",Seleção Normal,0,413114840.87,413114840.87,enquadrada,Setor Privado,Novo PAC - Seleção,"981, de 2025",https://www.in.gov.br/en/web/dou/-/portaria-mcid-n-981-de-29-de-agosto-de-2025-652031181
S-466,Cidades Sustentáveis e Resilientes,Mobilidade Urbana Sustentável,Médias e Grandes Cidades,FIN,FGTS,2025,SC,JOINVILLE,Sul,"56000008163/2025",Seleção Normal,0,95306261.24,95306261.24,enquadrada,Setor Privado,Novo PAC - Seleção,"981, de 2025",https://www.in.gov.br/en/web/dou/-/portaria-mcid-n-981-de-29-de-agosto-de-2025-652031181
S-467,Cidades Sustentáveis e Resilientes,Mobilidade Urbana Sustentável,Médias e Grandes Cidades,FIN,FGTS,2025,RS,PORTO ALEGRE,Sul,"56000002240/2025",Seleção Normal,0,46700575,46700575,enquadrada,Setor Privado,Novo PAC - Seleção,"981, de 2025",https://www.in.gov.br/en/web/dou/-/portaria-mcid-n-981-de-29-de-agosto-de-2025-652031181
S-468,Cidades Sustentáveis e Resilientes,Mobilidade Urbana Sustentável,Médias e Grandes Cidades,FIN,FGTS,2025,MG,BELO HORIZONTE,Sudeste,﻿80000.007618/2025-04,Seleção Normal,0,1022000000,1022000000,enquadrada,Setor Privado,Novo PAC - Seleção,"981, de 2025",https://www.in.gov.br/en/web/dou/-/portaria-mcid-n-981-de-29-de-agosto-de-2025-652031181
S-469,Cidades Sustentáveis e Resilientes,Mobilidade Urbana Sustentável,Renovação de Frota,FIN,FGTS,2025,SP,GUARULHOS,Sudeste,"56000008164/2025",Seleção Normal,0,65000000,65000000,enquadrada,Setor Público,Novo PAC - Seleção,"980, de 2025",https://www.in.gov.br/web/dou/-/portaria-mcid-n-980-de-29-de-agosto-de-2025-652031101
S-470,Cidades Sustentáveis e Resilientes,Mobilidade Urbana Sustentável,Renovação de Frota,FIN,FGTS,2025,RS,PELOTAS,Sul,"56000002005/2025",Seleção Normal,0,57000000,57000000,enquadrada,Setor Público,Novo PAC - Seleção,"980, de 2025",https://www.in.gov.br/web/dou/-/portaria-mcid-n-980-de-29-de-agosto-de-2025-652031101
S-471,Cidades Sustentáveis e Resilientes,Esgotamento Sanitário,Esgotamento Sanitário,FIN,FGTS,2024,PB,CONGO,Nordeste,"56000004172/2023",Seleção Normal,0,13826323.44,13826323.44,selecionada,Setor Público,Novo PAC - Seleção,"769, de 2024",https://www.in.gov.br/en/web/dou/-/portaria-mcid-n-769-de-26-de-julho-de-2024-574546917
S-472,Cidades Sustentáveis e Resilientes,Periferia Viva,Urbanização de Favelas,FIN,FGTS,2024,PR,CURITIBA,Sul,"56000003690/2023",Seleção Normal,0,12745400,12745400,selecionada,Setor Público,Novo PAC - Seleção,"449, de 2024",https://www.in.gov.br/web/dou/-/portaria-mcid-n-449-de-7-de-maio-de-2024-558553094
S-473,Cidades Sustentáveis e Resilientes,Periferia Viva,Urbanização de Favelas,FIN,FGTS,2024,CE,FORTALEZA,Nordeste,"56000000556/2023",Seleção Normal,0,33420000,33420000,selecionada,Setor Público,Novo PAC - Seleção,"449, de 2024",https://www.in.gov.br/web/dou/-/portaria-mcid-n-449-de-7-de-maio-de-2024-558553094
S-474,Cidades Sustentáveis e Resilientes,Periferia Viva,Urbanização de Favelas,FIN,FGTS,2024,SP,SAO BERNARDO DO CAMPO,Sudeste,"56000002044/2023",Seleção Normal,0,69438600,69438600,selecionada,Setor Público,Novo PAC - Seleção,"449, de 2024",https://www.in.gov.br/web/dou/-/portaria-mcid-n-449-de-7-de-maio-de-2024-558553094
S-475,Cidades Sustentáveis e Resilientes,Periferia Viva,Urbanização de Favelas,FIN,FGTS,2024,SP,SANTOS,Sudeste,"56000004087/2023",Seleção Normal,0,178706258,178706258,selecionada,Setor Público,Novo PAC - Seleção,"449, de 2024",https://www.in.gov.br/web/dou/-/portaria-mcid-n-449-de-7-de-maio-de-2024-558553094
S-476,Cidades Sustentáveis e Resilientes,Mobilidade Urbana Sustentável,Renovação de Frota,FIN,FGTS,2025,RS,PORTO ALEGRE,Sul,carta consulta 127/2025,Seleção Normal,0,35150000,35150000,selecionada,Setor Privado,Novo PAC - Seleção,"1.054, de 2025",https://www.in.gov.br/web/dou/-/portaria-mcid-n-1.054-de-12-de-setembro-de-2025-656484037
S-477,Cidades Sustentáveis e Resilientes,Mobilidade Urbana Sustentável,Renovação de Frota,FIN,FGTS,2025,MG,CONTAGEM E BELO HORIZONTE,Sudeste,carta consulta 143/2025,Seleção Normal,0,8312500,8312500,selecionada,Setor Privado,Novo PAC - Seleção,"1.106, de 2025",https://www.in.gov.br/en/web/dou/-/portaria-mcid-n-1.106-de-26-de-setembro-de-2025-659307015
S-478,Cidades Sustentáveis e Resilientes,Periferia Viva,Urbanização de Favelas,FIN,FGTS,2024,SP,"SAO PAULO, FERRAZ DE VASCONCELOS",Sudeste,"56000005665/2023",Seleção Normal,0,161195074.57,161195074.57,selecionada,Setor Público,Novo PAC - Seleção,"449, de 2024",https://www.in.gov.br/web/dou/-/portaria-mcid-n-449-de-7-de-maio-de-2024-558553094
S-479,Cidades Sustentáveis e Resilientes,Periferia Viva,Urbanização de Favelas,FIN,FGTS,2024,BA,SALVADOR,Nordeste,"56000006759/2023",Seleção Normal,0,78269712,78269712,selecionada,Setor Público,Novo PAC - Seleção,"449, de 2024",https://www.in.gov.br/web/dou/-/portaria-mcid-n-449-de-7-de-maio-de-2024-558553094
S-480,Cidades Sustentáveis e Resilientes,Esgotamento Sanitário,Esgotamento Sanitário,FIN,FGTS,2025,RJ,MANGARATIBA,Sudeste,"56000001124/2025",Seleção Normal,,94552005.43,94552005.43,enquadrada,Setor Privado,Novo PAC - Seleção,"1.425, de 2025",https://in.gov.br/web/dou/-/portaria-mcid-n-1.425-de-10-de-dezembro-de-2025-674489067
S-481,Cidades Sustentáveis e Resilientes,Esgotamento Sanitário,Esgotamento Sanitário,FIN,FGTS,2025,SP,INDAIATUBA,Sudeste,"56000000865/2025",Seleção Normal,,117435744.51,117435744.51,enquadrada,Setor Público,Novo PAC - Seleção,"1.425, de 2025",https://in.gov.br/web/dou/-/portaria-mcid-n-1.425-de-10-de-dezembro-de-2025-674489067
S-482,Cidades Sustentáveis e Resilientes,Esgotamento Sanitário,Esgotamento Sanitário,FIN,FGTS,2025,MS,CASSILANDIA,Centro-Oeste,"56000001307/2025",Seleção Normal,,43617488.20,43617488.20,enquadrada,Setor Público,Novo PAC - Seleção,"1.426, de 2025",https://www.in.gov.br/en/web/dou/-/portaria-mcid-n-1.426-de-10-de-dezembro-de-2025-674494218
S-483,Cidades Sustentáveis e Resilientes,Esgotamento Sanitário,Esgotamento Sanitário,FIN,FGTS,2025,BA,CÂNDIDO SALES,Nordeste,"56000000579/2025",Seleção Normal,,90561528.43,90561528.43,enquadrada,Setor Privado,Novo PAC - Seleção,"1.425, de 2025",https://in.gov.br/web/dou/-/portaria-mcid-n-1.425-de-10-de-dezembro-de-2025-674489067
S-484,Cidades Sustentáveis e Resilientes,Esgotamento Sanitário,Esgotamento Sanitário,FIN,FGTS,2025,BA,CACULE,Nordeste,"56000000603/2025",Seleção Normal,,126597849.1,126597849.1,enquadrada,Setor Privado,Novo PAC - Seleção,"1.425, de 2025",https://in.gov.br/web/dou/-/portaria-mcid-n-1.425-de-10-de-dezembro-de-2025-674489067
S-485,Cidades Sustentáveis e Resilientes,Esgotamento Sanitário,Esgotamento Sanitário,FIN,FGTS,2025,BA,BRUMADO,Nordeste,"56000000955/2025",Seleção Normal,,190152000,190152000,enquadrada,Setor Privado,Novo PAC - Seleção,"1.425, de 2025",https://in.gov.br/web/dou/-/portaria-mcid-n-1.425-de-10-de-dezembro-de-2025-674489067
S-486,Cidades Sustentáveis e Resilientes,Esgotamento Sanitário,Esgotamento Sanitário,FIN,FGTS,2025,BA,SANTANA,Nordeste,"56000001234/2025",Seleção Normal,,74490018.67,74490018.67,enquadrada,Setor Privado,Novo PAC - Seleção,"1.425, de 2025",https://in.gov.br/web/dou/-/portaria-mcid-n-1.425-de-10-de-dezembro-de-2025-674489067
S-487,Cidades Sustentáveis e Resilientes,Esgotamento Sanitário,Esgotamento Sanitário,FIN,FGTS,2025,BA,FLORESTA AZUL,Nordeste,"56000001347/2025",Seleção Normal,,55115501.34,55115501.34,enquadrada,Setor Privado,Novo PAC - Seleção,"1.425, de 2025",https://in.gov.br/web/dou/-/portaria-mcid-n-1.425-de-10-de-dezembro-de-2025-674489067
S-488,Cidades Sustentáveis e Resilientes,Esgotamento Sanitário,Esgotamento Sanitário,FIN,FGTS,2025,BA,EUNAPOLIS,Nordeste,"56000000591/2025",Seleção Normal,,400000000,400000000,enquadrada,Setor Privado,Novo PAC - Seleção,"1.425, de 2025",https://in.gov.br/web/dou/-/portaria-mcid-n-1.425-de-10-de-dezembro-de-2025-674489067
S-489,Cidades Sustentáveis e Resilientes,Esgotamento Sanitário,Esgotamento Sanitário,FIN,FGTS,2025,BA,MATA DE SAO JOAO,Nordeste,"56000008235/2025",Seleção Normal,,95362242.78,95362242.78,enquadrada,Setor Privado,Novo PAC - Seleção,"1.425, de 2025",https://in.gov.br/web/dou/-/portaria-mcid-n-1.425-de-10-de-dezembro-de-2025-674489067
S-490,Cidades Sustentáveis e Resilientes,Esgotamento Sanitário,Esgotamento Sanitário,FIN,FGTS,2025,GO,CATALAO,Centro-Oeste,"56000002019/2025",Seleção Normal,,13000000,13000000,enquadrada,Setor Público,Novo PAC - Seleção,"1.425, de 2025",https://in.gov.br/web/dou/-/portaria-mcid-n-1.425-de-10-de-dezembro-de-2025-674489067
S-491,Cidades Sustentáveis e Resilientes,Esgotamento Sanitário,Esgotamento Sanitário,FIN,FGTS,2025,MG,UBERLÂNDIA,Sudeste,"56000000484/2025",Seleção Normal,,3333818.01,3333818.01,enquadrada,Setor Público,Novo PAC - Seleção,"1.425, de 2025",https://in.gov.br/web/dou/-/portaria-mcid-n-1.425-de-10-de-dezembro-de-2025-674489067
S-492,Cidades Sustentáveis e Resilientes,Esgotamento Sanitário,Esgotamento Sanitário,FIN,FGTS,2025,MG,ITABIRA,Sudeste,"56000002161/2025",Seleção Normal,,11437666.98,11437666.98,enquadrada,Setor Público,Novo PAC - Seleção,"1.425, de 2025",https://in.gov.br/web/dou/-/portaria-mcid-n-1.425-de-10-de-dezembro-de-2025-674489067
S-493,Cidades Sustentáveis e Resilientes,Esgotamento Sanitário,Esgotamento Sanitário,FIN,FGTS,2025,MT,LUCAS DO RIO VERDE,Centro-Oeste,"56000001284/2025",Seleção Normal,,101227104.5,101227104.5,enquadrada,Setor Público,Novo PAC - Seleção,"1.425, de 2025",https://in.gov.br/web/dou/-/portaria-mcid-n-1.425-de-10-de-dezembro-de-2025-674489067
S-494,Cidades Sustentáveis e Resilientes,Esgotamento Sanitário,Esgotamento Sanitário,FIN,FGTS,2025,RJ,MANGARATIBA,Sudeste,"56000000941/2025",Seleção Normal,,90953549.38,90953549.38,enquadrada,Setor Privado,Novo PAC - Seleção,"1.425, de 2025",https://in.gov.br/web/dou/-/portaria-mcid-n-1.425-de-10-de-dezembro-de-2025-674489067
S-495,Cidades Sustentáveis e Resilientes,Esgotamento Sanitário,Esgotamento Sanitário,FIN,FGTS,2025,RJ,LAJE DO MURIAE,Sudeste,"56000002446/2025",Seleção Normal,,66000564.58,66000564.58,enquadrada,Setor Privado,Novo PAC - Seleção,"1.425, de 2025",https://in.gov.br/web/dou/-/portaria-mcid-n-1.425-de-10-de-dezembro-de-2025-674489067
S-496,Cidades Sustentáveis e Resilientes,Esgotamento Sanitário,Esgotamento Sanitário,FIN,FGTS,2025,SP,SAO CARLOS,Sudeste,"56000001368/2025",Seleção Normal,,1266954.56,1266954.56,enquadrada,Setor Público,Novo PAC - Seleção,"1.425, de 2025",https://in.gov.br/web/dou/-/portaria-mcid-n-1.425-de-10-de-dezembro-de-2025-674489067
S-497,Cidades Sustentáveis e Resilientes,Esgotamento Sanitário,Esgotamento Sanitário,FIN,FGTS,2025,SP,SERTAOZINHO,Sudeste,"56000001116/2025",Seleção Normal,,10199557.98,10199557.98,enquadrada,Setor Público,Novo PAC - Seleção,"1.425, de 2025",https://in.gov.br/web/dou/-/portaria-mcid-n-1.425-de-10-de-dezembro-de-2025-674489067
S-498,Cidades Sustentáveis e Resilientes,Esgotamento Sanitário,Esgotamento Sanitário,OGU,OGU,2024,TO,TOCANTINIA,Norte,"56000002694/2023",Seleção Normal,12604801.09,0,12604801.09,selecionada,,Novo PAC - Seleção,"769, de 2024",https://www.in.gov.br/en/web/dou/-/portaria-mcid-n-769-de-26-de-julho-de-2024-574546917
S-499,Cidades Sustentáveis e Resilientes,Esgotamento Sanitário,Esgotamento Sanitário,OGU,OGU,2024,PR,GUAPOREMA,Sul,"56000003171/2023",Seleção Normal,8000000,0,8000000,selecionada,,Novo PAC - Seleção,"769, de 2024",https://www.in.gov.br/en/web/dou/-/portaria-mcid-n-769-de-26-de-julho-de-2024-574546917
S-500,Cidades Sustentáveis e Resilientes,Esgotamento Sanitário,Esgotamento Sanitário,OGU,OGU,2024,MG,PRATAPOLIS,Sudeste,"56000003796/2023",Seleção Normal,7253975.82,0,7253975.82,selecionada,,Novo PAC - Seleção,"769, de 2024",https://www.in.gov.br/en/web/dou/-/portaria-mcid-n-769-de-26-de-julho-de-2024-574546917
S-501,Cidades Sustentáveis e Resilientes,Esgotamento Sanitário,Esgotamento Sanitário,OGU,OGU,2024,RO,JARU,Norte,"56000000384/2023",Seleção Normal,38842368.55,0,38842368.55,selecionada,,Novo PAC - Seleção,"769, de 2024",https://www.in.gov.br/en/web/dou/-/portaria-mcid-n-769-de-26-de-julho-de-2024-574546917
S-502,Cidades Sustentáveis e Resilientes,Esgotamento Sanitário,Esgotamento Sanitário,OGU,OGU,2024,MS,AGUA CLARA,Centro-Oeste,"56000000222/2023",Seleção Normal,10628030.37,0,10628030.37,selecionada,,Novo PAC - Seleção,"769, de 2024",https://www.in.gov.br/en/web/dou/-/portaria-mcid-n-769-de-26-de-julho-de-2024-574546917
S-503,Cidades Sustentáveis e Resilientes,Esgotamento Sanitário,Esgotamento Sanitário,OGU,OGU,2024,MG,VERMELHO NOVO,Sudeste,"56000000292/2023",Seleção Normal,4456607.48,0,4456607.48,selecionada,,Novo PAC - Seleção,"769, de 2024",https://www.in.gov.br/en/web/dou/-/portaria-mcid-n-769-de-26-de-julho-de-2024-574546917
S-504,Cidades Sustentáveis e Resilientes,Esgotamento Sanitário,Esgotamento Sanitário,OGU,OGU,2024,SP,PITANGUEIRAS,Sudeste,"56000000499/2023",Seleção Normal,4093129.63,0,4093129.63,selecionada,,Novo PAC - Seleção,"769, de 2024",https://www.in.gov.br/en/web/dou/-/portaria-mcid-n-769-de-26-de-julho-de-2024-574546917
S-505,Cidades Sustentáveis e Resilientes,Esgotamento Sanitário,Esgotamento Sanitário,OGU,OGU,2024,BA,BARROCAS,Nordeste,"56000000609/2023",Seleção Normal,55226904.66,0,55226904.66,selecionada,,Novo PAC - Seleção,"769, de 2024",https://www.in.gov.br/en/web/dou/-/portaria-mcid-n-769-de-26-de-julho-de-2024-574546917
S-506,Cidades Sustentáveis e Resilientes,Esgotamento Sanitário,Esgotamento Sanitário,OGU,OGU,2024,CE,CRATEUS,Nordeste,"56000000790/2023",Seleção Normal,39457604.31,0,39457604.31,selecionada,,Novo PAC - Seleção,"769, de 2024",https://www.in.gov.br/en/web/dou/-/portaria-mcid-n-769-de-26-de-julho-de-2024-574546917
S-507,Cidades Sustentáveis e Resilientes,Esgotamento Sanitário,Esgotamento Sanitário,OGU,OGU,2024,CE,IPAPORANGA,Nordeste,"56000001560/2023",Seleção Normal,8017301.87,0,8017301.87,selecionada,,Novo PAC - Seleção,"769, de 2024",https://www.in.gov.br/en/web/dou/-/portaria-mcid-n-769-de-26-de-julho-de-2024-574546917
S-508,Cidades Sustentáveis e Resilientes,Esgotamento Sanitário,Esgotamento Sanitário,OGU,OGU,2024,RS,PONTE PRETA,Sul,"56000001022/2023",Seleção Normal,2890000,0,2890000,selecionada,,Novo PAC - Seleção,"769, de 2024",https://www.in.gov.br/en/web/dou/-/portaria-mcid-n-769-de-26-de-julho-de-2024-574546917
S-509,Cidades Sustentáveis e Resilientes,Esgotamento Sanitário,Esgotamento Sanitário,OGU,OGU,2024,PR,NOSSA SENHORA DAS GRACAS,Sul,"56000001379/2023",Seleção Normal,11824984,0,11824984,selecionada,,Novo PAC - Seleção,"769, de 2024",https://www.in.gov.br/en/web/dou/-/portaria-mcid-n-769-de-26-de-julho-de-2024-574546917
S-510,Cidades Sustentáveis e Resilientes,Esgotamento Sanitário,Esgotamento Sanitário,OGU,OGU,2024,PB,UIRAUNA,Nordeste,"56000001953/2023",Seleção Normal,32786546.74,0,32786546.74,selecionada,,Novo PAC - Seleção,"769, de 2024",https://www.in.gov.br/en/web/dou/-/portaria-mcid-n-769-de-26-de-julho-de-2024-574546917
S-511,Cidades Sustentáveis e Resilientes,Esgotamento Sanitário,Esgotamento Sanitário,OGU,OGU,2024,SC,IRINEOPOLIS,Sul,"56000002139/2023",Seleção Normal,18544725.57,0,18544725.57,selecionada,,Novo PAC - Seleção,"769, de 2024",https://www.in.gov.br/en/web/dou/-/portaria-mcid-n-769-de-26-de-julho-de-2024-574546917
S-512,Cidades Sustentáveis e Resilientes,Esgotamento Sanitário,Esgotamento Sanitário,OGU,OGU,2024,MG,POCRANE,Sudeste,"56000002537/2023",Seleção Normal,8832109.96,0,8832109.96,selecionada,,Novo PAC - Seleção,"769, de 2024",https://www.in.gov.br/en/web/dou/-/portaria-mcid-n-769-de-26-de-julho-de-2024-574546917
S-513,Cidades Sustentáveis e Resilientes,Esgotamento Sanitário,Esgotamento Sanitário,OGU,OGU,2024,PR,SERTANEJA,Sul,"56000002635/2023",Seleção Normal,4860127.86,0,4860127.86,selecionada,,Novo PAC - Seleção,"769, de 2024",https://www.in.gov.br/en/web/dou/-/portaria-mcid-n-769-de-26-de-julho-de-2024-574546917
S-514,Cidades Sustentáveis e Resilientes,Esgotamento Sanitário,Esgotamento Sanitário,OGU,OGU,2024,MA,BARREIRINHAS,Nordeste,"56000002699/2023",Seleção Normal,48925000,0,48925000,selecionada,,Novo PAC - Seleção,"769, de 2024",https://www.in.gov.br/en/web/dou/-/portaria-mcid-n-769-de-26-de-julho-de-2024-574546917
S-515,Cidades Sustentáveis e Resilientes,Esgotamento Sanitário,Esgotamento Sanitário,OGU,OGU,2024,MG,ARAGUARI,Sudeste,"56000002911/2023",Seleção Normal,10480784.36,0,10480784.36,selecionada,,Novo PAC - Seleção,"769, de 2024",https://www.in.gov.br/en/web/dou/-/portaria-mcid-n-769-de-26-de-julho-de-2024-574546917
S-516,Cidades Sustentáveis e Resilientes,Resíduos Sólidos,Resíduos Sólidos,FIN,FGTS,2024,MG,ITAMARANDIBA,Sudeste,"56000001384/2023",Seleção Normal,0,3729928.6,3729928.6,selecionada,Setor Público,Novo PAC - Seleção,"1.119, de 2024",https://www.in.gov.br/en/web/dou/-/portaria-mcid-n-1.119-de-7-de-outubro-de-2024-596577847
S-517,Cidades Sustentáveis e Resilientes,Resíduos Sólidos,Resíduos Sólidos,FIN,FGTS,2024,MG,"OURO PRETO
",Sudeste,"56000004109/2023",Seleção Normal,0,3830000,3830000,selecionada,Setor Público,Novo PAC - Seleção,"1.119, de 2024",https://www.in.gov.br/en/web/dou/-/portaria-mcid-n-1.119-de-7-de-outubro-de-2024-596577847
S-518,Cidades Sustentáveis e Resilientes,Resíduos Sólidos,Resíduos Sólidos,FIN,FGTS,2024,MA,CANDIDO MENDES,Nordeste,"56000004603/2023",Seleção Normal,0,4458094.56,4458094.56,selecionada,Setor Público,Novo PAC - Seleção,"1.119, de 2024",https://www.in.gov.br/en/web/dou/-/portaria-mcid-n-1.119-de-7-de-outubro-de-2024-596577847
S-519,Cidades Sustentáveis e Resilientes,Prevenção a Desastres,Drenagem Urbana,FIN,FGTS,2024,MG,POUSO ALEGRE,Sudeste,"56000000961/2023",Seleção Normal,0,18012470,18012470,selecionada,Setor Público,Novo PAC - Seleção,"765, de 2024",https://www.in.gov.br/en/web/dou/-/portaria-mcid-n-765-de-25-de-julho-de-2024-574546514
S-520,Cidades Sustentáveis e Resilientes,Prevenção a Desastres,Drenagem Urbana,FIN,FGTS,2024,ES,VIANA,Sudeste,"56000000239/2023",Seleção Normal,0,29932092,29932092,selecionada,Setor Público,Novo PAC - Seleção,"765, de 2024",https://www.in.gov.br/en/web/dou/-/portaria-mcid-n-765-de-25-de-julho-de-2024-574546514
S-521,Cidades Sustentáveis e Resilientes,Prevenção a Desastres,Drenagem Urbana,FIN,FGTS,2024,ES,CARIACICA,Sudeste,"56000000523/2023",Seleção Normal,0,44261482,44261482,selecionada,Setor Público,Novo PAC - Seleção,"765, de 2024",https://www.in.gov.br/en/web/dou/-/portaria-mcid-n-765-de-25-de-julho-de-2024-574546514
S-522,Água Para Todos,Água para quem mais precisa,Abastecimento de Água - Rural,OGU,OGU,2024,CE,JATI,Nordeste,"56000000481/2023",Seleção Normal,1280656.02,0,1280656.02,selecionada,,Novo PAC - Seleção,"452, de 2024",https://www.in.gov.br/web/dou/-/portaria-mcid-n-452-de-7-de-maio-de-2024-558553728
S-523,Cidades Sustentáveis e Resilientes,Prevenção a Desastres,Drenagem Urbana,FIN,FGTS,2024,SC,CRICIUMA,Sul,"56000000801/2023",Seleção Normal,0,18313103,18313103,selecionada,Setor Público,Novo PAC - Seleção,"765, de 2024",https://www.in.gov.br/en/web/dou/-/portaria-mcid-n-765-de-25-de-julho-de-2024-574546514
S-524,Cidades Sustentáveis e Resilientes,Prevenção a Desastres,Drenagem Urbana,FIN,FGTS,2024,MG,POUSO ALEGRE,Sudeste,"56000000974/2023",Seleção Normal,0,6032780,6032780,selecionada,Setor Público,Novo PAC - Seleção,"765, de 2024",https://www.in.gov.br/en/web/dou/-/portaria-mcid-n-765-de-25-de-julho-de-2024-574546514
S-525,Cidades Sustentáveis e Resilientes,Prevenção a Desastres,Drenagem Urbana,FIN,FGTS,2024,SC,CRICIUMA,Sul,"56000001473/2023",Seleção Normal,0,2277059,2277059,selecionada,Setor Público,Novo PAC - Seleção,"765, de 2024",https://www.in.gov.br/en/web/dou/-/portaria-mcid-n-765-de-25-de-julho-de-2024-574546514
S-526,Cidades Sustentáveis e Resilientes,Prevenção a Desastres,Drenagem Urbana,FIN,FGTS,2024,BA,"ILHEUS, IPIAU, ITORORO E UBAIRA",Nordeste,"56000001897/2023",Seleção Normal,0,81112884,81112884,selecionada,Setor Público,Novo PAC - Seleção,"765, de 2024",https://www.in.gov.br/en/web/dou/-/portaria-mcid-n-765-de-25-de-julho-de-2024-574546514
S-527,Cidades Sustentáveis e Resilientes,Prevenção a Desastres,Drenagem Urbana,FIN,FGTS,2024,SP,SOROCABA,Sudeste,"56000002219/2023",Seleção Normal,0,14586823,14586823,selecionada,Setor Público,Novo PAC - Seleção,"765, de 2024",https://www.in.gov.br/en/web/dou/-/portaria-mcid-n-765-de-25-de-julho-de-2024-574546514
S-528,Cidades Sustentáveis e Resilientes,Prevenção a Desastres,Drenagem Urbana,FIN,FGTS,2024,SP,MOGI DAS CRUZES,Sudeste,"56000002782/2023",Seleção Normal,0,190000000,190000000,selecionada,Setor Público,Novo PAC - Seleção,"765, de 2024",https://www.in.gov.br/en/web/dou/-/portaria-mcid-n-765-de-25-de-julho-de-2024-574546514
S-529,Cidades Sustentáveis e Resilientes,Prevenção a Desastres,Drenagem Urbana,FIN,FGTS,2024,SC,POUSO REDONDO,Sul,"56000003586/2023",Seleção Normal,0,60219902,60219902,selecionada,Setor Público,Novo PAC - Seleção,"765, de 2024",https://www.in.gov.br/en/web/dou/-/portaria-mcid-n-765-de-25-de-julho-de-2024-574546514
S-530,Cidades Sustentáveis e Resilientes,Prevenção a Desastres,Drenagem Urbana,FIN,FGTS,2024,SC,BRUSQUE,Sul,"56000003808/2023",Seleção Normal,0,51664030,51664030,selecionada,Setor Público,Novo PAC - Seleção,"765, de 2024",https://www.in.gov.br/en/web/dou/-/portaria-mcid-n-765-de-25-de-julho-de-2024-574546514
S-531,Cidades Sustentáveis e Resilientes,Prevenção a Desastres,Drenagem Urbana,FIN,FGTS,2024,ES,SERRA,Sudeste,"56000004215/2023",Seleção Normal,0,27660242,27660242,selecionada,Setor Público,Novo PAC - Seleção,"765, de 2024",https://www.in.gov.br/en/web/dou/-/portaria-mcid-n-765-de-25-de-julho-de-2024-574546514
S-532,Cidades Sustentáveis e Resilientes,Prevenção a Desastres,Drenagem Urbana,FIN,FGTS,2024,SP,SAO BERNARDO DO CAMPO,Sudeste,"56000005580/2023",Seleção Normal,0,65113823,65113823,selecionada,Setor Público,Novo PAC - Seleção,"765, de 2024",https://www.in.gov.br/en/web/dou/-/portaria-mcid-n-765-de-25-de-julho-de-2024-574546514
S-533,Cidades Sustentáveis e Resilientes,Prevenção a Desastres,Drenagem Urbana,FIN,FGTS,2024,RJ,MARICA,Sudeste,"56000006819/2023",Seleção Normal,0,33000000,33000000,selecionada,Setor Público,Novo PAC - Seleção,"765, de 2024",https://www.in.gov.br/en/web/dou/-/portaria-mcid-n-765-de-25-de-julho-de-2024-574546514
S-534,Cidades Sustentáveis e Resilientes,Prevenção a Desastres,Contenção de Encostas,FIN,FGTS,2024,SP,JUNDIAI,Sudeste,"56000001820/2023",Seleção Normal,0,10337412,10337412,selecionada,Setor Público,Novo PAC - Seleção,"451, de 2024",https://www.in.gov.br/web/dou/-/portaria-mcid-n-451-de-7-de-maio-de-2024-558538861
S-535,Cidades Sustentáveis e Resilientes,Esgotamento Sanitário,Esgotamento Sanitário,OGU,OGU,2024,PE,BEZERROS,Nordeste,"56000003086/2023",Seleção Normal,68571360,0,68571360,selecionada,,Novo PAC - Seleção,"769, de 2024",https://www.in.gov.br/en/web/dou/-/portaria-mcid-n-769-de-26-de-julho-de-2024-574546917
S-536,Cidades Sustentáveis e Resilientes,Esgotamento Sanitário,Esgotamento Sanitário,OGU,OGU,2024,RJ,QUATIS,Sudeste,"56000003299/2023",Seleção Normal,13314522.46,0,13314522.46,selecionada,,Novo PAC - Seleção,"769, de 2024",https://www.in.gov.br/en/web/dou/-/portaria-mcid-n-769-de-26-de-julho-de-2024-574546917
S-537,Cidades Sustentáveis e Resilientes,Esgotamento Sanitário,Esgotamento Sanitário,OGU,OGU,2024,PA,ANAJAS,Norte,"56000003383/2023",Seleção Normal,4317539.2,0,4317539.2,selecionada,,Novo PAC - Seleção,"769, de 2024",https://www.in.gov.br/en/web/dou/-/portaria-mcid-n-769-de-26-de-julho-de-2024-574546917
S-538,Cidades Sustentáveis e Resilientes,Esgotamento Sanitário,Esgotamento Sanitário,OGU,OGU,2024,RS,MARATA,Sul,"56000004717/2023",Seleção Normal,3300000,0,3300000,selecionada,,Novo PAC - Seleção,"769, de 2024",https://www.in.gov.br/en/web/dou/-/portaria-mcid-n-769-de-26-de-julho-de-2024-574546917
S-539,Cidades Sustentáveis e Resilientes,Esgotamento Sanitário,Esgotamento Sanitário,OGU,OGU,2024,PA,OEIRAS DO PARA,Norte,"56000003486/2023",Seleção Normal,5516231.6,0,5516231.6,selecionada,,Novo PAC - Seleção,"769, de 2024",https://www.in.gov.br/en/web/dou/-/portaria-mcid-n-769-de-26-de-julho-de-2024-574546917
S-540,Cidades Sustentáveis e Resilientes,Esgotamento Sanitário,Esgotamento Sanitário,OGU,OGU,2024,PE,RECIFE,Nordeste,"56000003566/2023",Seleção Normal,17666190.32,0,17666190.32,selecionada,,Novo PAC - Seleção,"769, de 2024",https://www.in.gov.br/en/web/dou/-/portaria-mcid-n-769-de-26-de-julho-de-2024-574546917
S-541,Cidades Sustentáveis e Resilientes,Esgotamento Sanitário,Esgotamento Sanitário,OGU,OGU,2024,RJ,ENGENHEIRO PAULO DE FRONTIN,Sudeste,"56000003684/2023",Seleção Normal,12632723.62,0,12632723.62,selecionada,,Novo PAC - Seleção,"769, de 2024",https://www.in.gov.br/en/web/dou/-/portaria-mcid-n-769-de-26-de-julho-de-2024-574546917
S-542,Cidades Sustentáveis e Resilientes,Esgotamento Sanitário,Esgotamento Sanitário,OGU,OGU,2024,RO,ALTO ALEGRE DOS PARECIS,Norte,"56000003790/2023",Seleção Normal,30000000,0,30000000,selecionada,,Novo PAC - Seleção,"769, de 2024",https://www.in.gov.br/en/web/dou/-/portaria-mcid-n-769-de-26-de-julho-de-2024-574546917
S-543,Cidades Sustentáveis e Resilientes,Esgotamento Sanitário,Esgotamento Sanitário,OGU,OGU,2024,MA,CAXIAS,Nordeste,"56000004200/2023",Seleção Normal,92000000,0,92000000,selecionada,,Novo PAC - Seleção,"769, de 2024",https://www.in.gov.br/en/web/dou/-/portaria-mcid-n-769-de-26-de-julho-de-2024-574546917
S-544,Cidades Sustentáveis e Resilientes,Esgotamento Sanitário,Esgotamento Sanitário,OGU,OGU,2024,PI,BARRO DURO,Nordeste,"56000004345/2023",Seleção Normal,438726.33,0,438726.33,selecionada,,Novo PAC - Seleção,"769, de 2024",https://www.in.gov.br/en/web/dou/-/portaria-mcid-n-769-de-26-de-julho-de-2024-574546917
S-545,Cidades Sustentáveis e Resilientes,Esgotamento Sanitário,Esgotamento Sanitário,OGU,OGU,2024,RS,PINHAL,Sul,"56000004417/2023",Seleção Normal,3326989.27,0,3326989.27,selecionada,,Novo PAC - Seleção,"769, de 2024",https://www.in.gov.br/en/web/dou/-/portaria-mcid-n-769-de-26-de-julho-de-2024-574546917
S-546,Cidades Sustentáveis e Resilientes,Esgotamento Sanitário,Esgotamento Sanitário,OGU,OGU,2024,SP,JABOTICABAL,Sudeste,"56000004688/2023",Seleção Normal,1075448.73,0,1075448.73,selecionada,,Novo PAC - Seleção,"769, de 2024",https://www.in.gov.br/en/web/dou/-/portaria-mcid-n-769-de-26-de-julho-de-2024-574546917
S-547,Cidades Sustentáveis e Resilientes,Esgotamento Sanitário,Esgotamento Sanitário,OGU,OGU,2024,SP,MONTE AZUL PAULISTA,Sudeste,"56000004980/2023",Seleção Normal,6690799.86,0,6690799.86,selecionada,,Novo PAC - Seleção,"769, de 2024",https://www.in.gov.br/en/web/dou/-/portaria-mcid-n-769-de-26-de-julho-de-2024-574546917
S-548,Cidades Sustentáveis e Resilientes,Esgotamento Sanitário,Esgotamento Sanitário,OGU,OGU,2024,CE,IRAUCUBA,Nordeste,"56000005173/2023",Seleção Normal,20374688.47,0,20374688.47,selecionada,,Novo PAC - Seleção,"769, de 2024",https://www.in.gov.br/en/web/dou/-/portaria-mcid-n-769-de-26-de-julho-de-2024-574546917
S-549,Cidades Sustentáveis e Resilientes,Esgotamento Sanitário,Esgotamento Sanitário,OGU,OGU,2024,SC,VARGEM,Sul,"56000005796/2023",Seleção Normal,2500000,0,2500000,selecionada,,Novo PAC - Seleção,"769, de 2024",https://www.in.gov.br/en/web/dou/-/portaria-mcid-n-769-de-26-de-julho-de-2024-574546917
S-550,Cidades Sustentáveis e Resilientes,Esgotamento Sanitário,Esgotamento Sanitário,OGU,OGU,2024,PB,PATOS,Nordeste,"56000005926/2023",Seleção Normal,47482583.62,0,47482583.62,selecionada,,Novo PAC - Seleção,"769, de 2024",https://www.in.gov.br/en/web/dou/-/portaria-mcid-n-769-de-26-de-julho-de-2024-574546917
S-551,Cidades Sustentáveis e Resilientes,Esgotamento Sanitário,Esgotamento Sanitário,OGU,OGU,2024,PI,DEMERVAL LOBAO,Nordeste,"56000006034/2023",Seleção Normal,11204124.65,0,11204124.65,selecionada,,Novo PAC - Seleção,"769, de 2024",https://www.in.gov.br/en/web/dou/-/portaria-mcid-n-769-de-26-de-julho-de-2024-574546917
S-552,Cidades Sustentáveis e Resilientes,Esgotamento Sanitário,Esgotamento Sanitário,OGU,OGU,2024,GO,CATALAO,Centro-Oeste,"56000006106/2023",Seleção Normal,8000000,0,8000000,selecionada,,Novo PAC - Seleção,"769, de 2024",https://www.in.gov.br/en/web/dou/-/portaria-mcid-n-769-de-26-de-julho-de-2024-574546917
S-553,Cidades Sustentáveis e Resilientes,Esgotamento Sanitário,Esgotamento Sanitário,OGU,OGU,2024,MT,CAMPOS DE JULIO,Centro-Oeste,"56000006395/2023",Seleção Normal,25946652.2,0,25946652.2,selecionada,,Novo PAC - Seleção,"769, de 2024",https://www.in.gov.br/en/web/dou/-/portaria-mcid-n-769-de-26-de-julho-de-2024-574546917
S-554,Cidades Sustentáveis e Resilientes,Esgotamento Sanitário,Esgotamento Sanitário,OGU,OGU,2024,PI,VARZEA BRANCA,Nordeste,"56000006445/2023",Seleção Normal,9284670.87,0,9284670.87,selecionada,,Novo PAC - Seleção,"769, de 2024",https://www.in.gov.br/en/web/dou/-/portaria-mcid-n-769-de-26-de-julho-de-2024-574546917
S-555,Cidades Sustentáveis e Resilientes,Esgotamento Sanitário,Esgotamento Sanitário,OGU,OGU,2024,RO,SANTA LUZIA D'OESTE,Norte,"56000006648/2023",Seleção Normal,13000000,0,13000000,selecionada,,Novo PAC - Seleção,"769, de 2024",https://www.in.gov.br/en/web/dou/-/portaria-mcid-n-769-de-26-de-julho-de-2024-574546917
S-556,Cidades Sustentáveis e Resilientes,Esgotamento Sanitário,Esgotamento Sanitário,OGU,OGU,2024,RJ,COMENDADOR LEVY GASPARIAN,Sudeste,"56000006874/2023",Seleção Normal,25486200.6,0,25486200.6,selecionada,,Novo PAC - Seleção,"769, de 2024",https://www.in.gov.br/en/web/dou/-/portaria-mcid-n-769-de-26-de-julho-de-2024-574546917
S-557,Cidades Sustentáveis e Resilientes,Esgotamento Sanitário,Esgotamento Sanitário,OGU,OGU,2024,SP,MARILIA,Sudeste,"56000003027/2023",Seleção Normal,12399522.71,0,12399522.71,selecionada,,Novo PAC - Seleção,"769, de 2024",https://www.in.gov.br/en/web/dou/-/portaria-mcid-n-769-de-26-de-julho-de-2024-574546917
S-558,Cidades Sustentáveis e Resilientes,Esgotamento Sanitário,Esgotamento Sanitário,OGU,OGU,2024,AC,CRUZEIRO DO SUL,Norte,"56000003256/2023",Seleção Normal,2495000,0,2495000,selecionada,,Novo PAC - Seleção,"769, de 2024",https://www.in.gov.br/en/web/dou/-/portaria-mcid-n-769-de-26-de-julho-de-2024-574546917
S-559,Cidades Sustentáveis e Resilientes,Esgotamento Sanitário,Esgotamento Sanitário,OGU,OGU,2024,RN,RIACHO DA CRUZ,Nordeste,"56000003380/2023",Seleção Normal,5753328.48,0,5753328.48,selecionada,,Novo PAC - Seleção,"769, de 2024",https://www.in.gov.br/en/web/dou/-/portaria-mcid-n-769-de-26-de-julho-de-2024-574546917
S-560,Cidades Sustentáveis e Resilientes,Esgotamento Sanitário,Esgotamento Sanitário,OGU,OGU,2024,PE,BELO JARDIM,Nordeste,"56000003421/2023",Seleção Normal,55264680,0,55264680,selecionada,,Novo PAC - Seleção,"769, de 2024",https://www.in.gov.br/en/web/dou/-/portaria-mcid-n-769-de-26-de-julho-de-2024-574546917
S-561,Cidades Sustentáveis e Resilientes,Esgotamento Sanitário,Esgotamento Sanitário,OGU,OGU,2024,PA,SANTA CRUZ DO ARARI,Norte,"56000003456/2023",Seleção Normal,1919613.3,0,1919613.3,selecionada,,Novo PAC - Seleção,"769, de 2024",https://www.in.gov.br/en/web/dou/-/portaria-mcid-n-769-de-26-de-julho-de-2024-574546917
S-562,Cidades Sustentáveis e Resilientes,Mobilidade Urbana Sustentável,Médias e Grandes Cidades,FIN,FGTS,2024,RS,PORTO ALEGRE,Sul,"56000003972/2023",Seleção Normal,0,21000000,21000000,selecionada,Setor Público,Novo PAC - Seleção,"767, de 2024",https://www.in.gov.br/en/web/dou/-/portaria-mcid-n-767-de-26-de-julho-de-2024-574546651
S-563,Cidades Sustentáveis e Resilientes,Mobilidade Urbana Sustentável,Médias e Grandes Cidades,FIN,FGTS,2024,BA,SALVADOR,Nordeste,"56000006233/2023",Seleção Normal,0,24900000,24900000,selecionada,Setor Público,Novo PAC - Seleção,"767, de 2024",https://www.in.gov.br/en/web/dou/-/portaria-mcid-n-767-de-26-de-julho-de-2024-574546651
S-564,Cidades Sustentáveis e Resilientes,Prevenção a Desastres,Drenagem Urbana,FIN,FGTS,2024,RS,PORTO ALEGRE,Sul,"56000005074/2023",Calamidade RS,0,155650000,155650000,selecionada,Setor Público,Novo PAC - Seleção,"776, de 2024",https://www.in.gov.br/web/dou/-/portaria-mcid-n-776-de-30-de-julho-de-2024-575055636
S-565,Cidades Sustentáveis e Resilientes,Prevenção a Desastres,Contenção de Encostas,FIN,FGTS,2024,RJ,NOVA FRIBURGO,Sudeste,"56000005051/2023",Seleção Normal,0,7057985.95,7057985.95,selecionada,Setor Público,Novo PAC - Seleção,"451, de 2024",https://www.in.gov.br/web/dou/-/portaria-mcid-n-451-de-7-de-maio-de-2024-558538861
S-566,Cidades Sustentáveis e Resilientes,Prevenção a Desastres,Contenção de Encostas,FIN,FGTS,2024,SC,BLUMENAU,Sul,"56000003993/2023",Seleção Normal,0,25000000,25000000,selecionada,Setor Público,Novo PAC - Seleção,"451, de 2024",https://www.in.gov.br/web/dou/-/portaria-mcid-n-451-de-7-de-maio-de-2024-558538861
S-567,Cidades Sustentáveis e Resilientes,Prevenção a Desastres,Contenção de Encostas,FIN,FGTS,2024,SP,SAO BERNARDO DO CAMPO,Sudeste,"56000004815/2023",Seleção Normal,0,26468303.04,26468303.04,selecionada,Setor Público,Novo PAC - Seleção,"451, de 2024",https://www.in.gov.br/web/dou/-/portaria-mcid-n-451-de-7-de-maio-de-2024-558538861
S-568,Cidades Sustentáveis e Resilientes,Mobilidade Urbana Sustentável,Médias e Grandes Cidades,OGU/FIN,OGU/FIN,2024,BA,SALVADOR,Nordeste,"56000004011/2023",Seleção Normal,150000000,154864809.03,304864809.03,selecionada,Setor Público,Novo PAC - Seleção,"767, de 2024",https://www.in.gov.br/en/web/dou/-/portaria-mcid-n-767-de-26-de-julho-de-2024-574546651
S-569,Água Para Todos,Água para quem mais precisa,Abastecimento de Água - Rural,OGU,OGU,2024,CE,TABULEIRO DO NORTE,Nordeste,"56000000481/2023",Seleção Normal,551678.7,0,551678.7,selecionada,,Novo PAC - Seleção,"452, de 2024",https://www.in.gov.br/web/dou/-/portaria-mcid-n-452-de-7-de-maio-de-2024-558553728
S-570,Água Para Todos,Água para quem mais precisa,Abastecimento de Água - Rural,OGU,OGU,2024,CE,MAURITI,Nordeste,"56000000481/2023",Seleção Normal,557417.33,0,557417.33,selecionada,,Novo PAC - Seleção,"452, de 2024",https://www.in.gov.br/web/dou/-/portaria-mcid-n-452-de-7-de-maio-de-2024-558553728
S-571,Água Para Todos,Água para quem mais precisa,Abastecimento de Água - Rural,OGU,OGU,2024,CE,QUIXERAMOBIM,Nordeste,"56000000481/2023",Seleção Normal,3066346.38,0,3066346.38,selecionada,,Novo PAC - Seleção,"452, de 2024",https://www.in.gov.br/web/dou/-/portaria-mcid-n-452-de-7-de-maio-de-2024-558553728
S-572,Água Para Todos,Água para quem mais precisa,Abastecimento de Água - Rural,OGU,OGU,2024,SE,CAMPO DO BRITO,Nordeste,"56000000825/2023",Seleção Normal,304523.2,0,304523.2,selecionada,,Novo PAC - Seleção,"452, de 2024",https://www.in.gov.br/web/dou/-/portaria-mcid-n-452-de-7-de-maio-de-2024-558553728
S-573,Água Para Todos,Água para quem mais precisa,Abastecimento de Água - Rural,OGU,OGU,2024,SE,NOSSA SENHORA DAS DORES,Nordeste,"56000000825/2023",Seleção Normal,304523.18,0,304523.18,selecionada,,Novo PAC - Seleção,"452, de 2024",https://www.in.gov.br/web/dou/-/portaria-mcid-n-452-de-7-de-maio-de-2024-558553728
S-574,Água Para Todos,Água para quem mais precisa,Abastecimento de Água - Rural,OGU,OGU,2024,SE,CAPELA,Nordeste,"56000000825/2023",Seleção Normal,456784.77,0,456784.77,selecionada,,Novo PAC - Seleção,"452, de 2024",https://www.in.gov.br/web/dou/-/portaria-mcid-n-452-de-7-de-maio-de-2024-558553728
S-575,Água Para Todos,Água para quem mais precisa,Abastecimento de Água - Rural,OGU,OGU,2024,SE,SIRIRI,Nordeste,"56000000825/2023",Seleção Normal,456784.77,0,456784.77,selecionada,,Novo PAC - Seleção,"452, de 2024",https://www.in.gov.br/web/dou/-/portaria-mcid-n-452-de-7-de-maio-de-2024-558553728
S-576,Água Para Todos,Água para quem mais precisa,Abastecimento de Água - Rural,OGU,OGU,2024,SE,AQUIDABA,Nordeste,"56000000825/2023",Seleção Normal,578866.33,0,578866.33,selecionada,,Novo PAC - Seleção,"452, de 2024",https://www.in.gov.br/web/dou/-/portaria-mcid-n-452-de-7-de-maio-de-2024-558553728
S-577,Água Para Todos,Água para quem mais precisa,Abastecimento de Água - Rural,OGU,OGU,2024,CE,DEPUTADO IRAPUAN PINHEIRO,Nordeste,"56000003549/2023",Seleção Normal,673609.22,0,673609.22,selecionada,,Novo PAC - Seleção,"452, de 2024",https://www.in.gov.br/web/dou/-/portaria-mcid-n-452-de-7-de-maio-de-2024-558553728
S-578,Água Para Todos,Água para quem mais precisa,Abastecimento de Água - Rural,OGU,OGU,2024,CE,SANTA QUITERIA,Nordeste,"56000003549/2023",Seleção Normal,673609.22,0,673609.22,selecionada,,Novo PAC - Seleção,"452, de 2024",https://www.in.gov.br/web/dou/-/portaria-mcid-n-452-de-7-de-maio-de-2024-558553728
S-579,Água Para Todos,Água para quem mais precisa,Abastecimento de Água - Rural,OGU,OGU,2024,CE,MONSENHOR TABOSA,Nordeste,"56000003549/2023",Seleção Normal,1347218.44,0,1347218.44,selecionada,,Novo PAC - Seleção,"452, de 2024",https://www.in.gov.br/web/dou/-/portaria-mcid-n-452-de-7-de-maio-de-2024-558553728
S-580,Água Para Todos,Água para quem mais precisa,Abastecimento de Água - Rural,OGU,OGU,2024,AL,MAJOR ISIDORO,Nordeste,"56000004580/2023",Seleção Normal,5391699.27,0,5391699.27,selecionada,,Novo PAC - Seleção,"452, de 2024",https://www.in.gov.br/web/dou/-/portaria-mcid-n-452-de-7-de-maio-de-2024-558553728
S-581,Água Para Todos,Água para quem mais precisa,Abastecimento de Água - Rural,OGU,OGU,2024,AM,ANAMA,Norte,"56000006211/2023",Seleção Normal,397625.68,0,397625.68,selecionada,,Novo PAC - Seleção,"452, de 2024",https://www.in.gov.br/web/dou/-/portaria-mcid-n-452-de-7-de-maio-de-2024-558553728
S-582,Água Para Todos,Água para quem mais precisa,Abastecimento de Água - Rural,OGU,OGU,2024,AM,BENJAMIN CONSTANT,Norte,"56000006211/2023",Seleção Normal,397625.68,0,397625.68,selecionada,,Novo PAC - Seleção,"452, de 2024",https://www.in.gov.br/web/dou/-/portaria-mcid-n-452-de-7-de-maio-de-2024-558553728
S-583,Água Para Todos,Água para quem mais precisa,Abastecimento de Água - Rural,OGU,OGU,2024,AM,ATALAIA DO NORTE,Norte,"56000006211/2023",Seleção Normal,596438.52,0,596438.52,selecionada,,Novo PAC - Seleção,"452, de 2024",https://www.in.gov.br/web/dou/-/portaria-mcid-n-452-de-7-de-maio-de-2024-558553728
S-584,Cidades Sustentáveis e Resilientes,Esgotamento Sanitário,Esgotamento Sanitário,FIN,FGTS,2024,SC,CANOINHAS,Sul,"56000003078/2023",Seleção Normal,0,32900123.88,32900123.88,selecionada,Setor Público,Novo PAC - Seleção,"769, de 2024",https://www.in.gov.br/en/web/dou/-/portaria-mcid-n-769-de-26-de-julho-de-2024-574546917
S-585,Água Para Todos,Água para quem mais precisa,Abastecimento de Água - Rural,OGU,OGU,2025,PA,MUANÁ,Norte,"56000007864/2025",Seleção Normal,2647346.15,0,2647346.15,selecionada,,Novo PAC - Seleção,"1.420, de 2025",https://www.in.gov.br/web/dou/-/portaria-mcid-n-1.420-de-9-de-dezembro-de-2025-674507215
S-586,Água Para Todos,Água para quem mais precisa,Abastecimento de Água - Rural,OGU,OGU,2025,PA,PLACAS,Norte,"56000007868/2025",Seleção Normal,1409006.12,0,1409006.12,selecionada,,Novo PAC - Seleção,"1.420, de 2025",https://www.in.gov.br/web/dou/-/portaria-mcid-n-1.420-de-9-de-dezembro-de-2025-674507215
S-587,Água Para Todos,Água para quem mais precisa,Abastecimento de Água - Rural,OGU,OGU,2025,PA,CONCÓRDIA DO PARÁ,Norte,"56000007873/2025",Seleção Normal,1323673.07,0,1323673.07,selecionada,,Novo PAC - Seleção,"1.420, de 2025",https://www.in.gov.br/web/dou/-/portaria-mcid-n-1.420-de-9-de-dezembro-de-2025-674507215
S-588,Água Para Todos,Água para quem mais precisa,Abastecimento de Água - Rural,OGU,OGU,2025,PA,CAPITÃO POÇO,Norte,"56000007877/2025",Seleção Normal,2647346.15,0,2647346.15,selecionada,,Novo PAC - Seleção,"1.420, de 2025",https://www.in.gov.br/web/dou/-/portaria-mcid-n-1.420-de-9-de-dezembro-de-2025-674507215
S-589,Água Para Todos,Água para quem mais precisa,Abastecimento de Água - Rural,OGU,OGU,2025,PA,ÓBIDOS,Norte,"56000007882/2025",Seleção Normal,2647346.15,0,2647346.15,selecionada,,Novo PAC - Seleção,"1.420, de 2025",https://www.in.gov.br/web/dou/-/portaria-mcid-n-1.420-de-9-de-dezembro-de-2025-674507215
S-590,Água Para Todos,Água para quem mais precisa,Abastecimento de Água - Rural,OGU,OGU,2025,PA,RURÓPOLIS,Norte,"56000007886/2025",Seleção Normal,2647346.15,0,2647346.15,selecionada,,Novo PAC - Seleção,"1.420, de 2025",https://www.in.gov.br/web/dou/-/portaria-mcid-n-1.420-de-9-de-dezembro-de-2025-674507215
S-591,Água Para Todos,Água para quem mais precisa,Abastecimento de Água - Rural,OGU,OGU,2025,BA,MONTE SANTO,Nordeste,"56000007895/2025",Seleção Normal,29682903.75,0,29682903.75,selecionada,,Novo PAC - Seleção,"1.420, de 2025",https://www.in.gov.br/web/dou/-/portaria-mcid-n-1.420-de-9-de-dezembro-de-2025-674507215
S-592,Água Para Todos,Água para quem mais precisa,Abastecimento de Água - Rural,OGU,OGU,2025,PI,CURRAL NOVO DO PIAUÍ,Nordeste,"56000007899/2025",Seleção Normal,3411319.48,0,3411319.48,selecionada,,Novo PAC - Seleção,"1.420, de 2025",https://www.in.gov.br/web/dou/-/portaria-mcid-n-1.420-de-9-de-dezembro-de-2025-674507215
S-593,Água Para Todos,Água para quem mais precisa,Abastecimento de Água - Rural,OGU,OGU,2025,PI,SÃO LOURENÇO DO PIAUÍ,Nordeste,"56000007907/2025",Seleção Normal,4000000,0,4000000,selecionada,,Novo PAC - Seleção,"1.420, de 2025",https://www.in.gov.br/web/dou/-/portaria-mcid-n-1.420-de-9-de-dezembro-de-2025-674507215
S-594,Água Para Todos,Água para quem mais precisa,Abastecimento de Água - Rural,OGU,OGU,2025,RS,PELOTAS,Sul,"56000007916/2025",Seleção Normal,3413799.94,0,3413799.94,selecionada,,Novo PAC - Seleção,"1.420, de 2025",https://www.in.gov.br/web/dou/-/portaria-mcid-n-1.420-de-9-de-dezembro-de-2025-674507215
S-595,Água Para Todos,Água para quem mais precisa,Abastecimento de Água - Rural,OGU,OGU,2025,AM,NOVA OLINDA DO NORTE,Norte,"56000008030/2025",Seleção Normal,756744.75,0,756744.75,selecionada,,Novo PAC - Seleção,"1.420, de 2025",https://www.in.gov.br/web/dou/-/portaria-mcid-n-1.420-de-9-de-dezembro-de-2025-674507215
S-596,Água Para Todos,Água para quem mais precisa,Abastecimento de Água - Rural,OGU,OGU,2025,PE,VERDEJANTE,Nordeste,"56000008044/2025",Seleção Normal,5478346.92,0,5478346.92,selecionada,,Novo PAC - Seleção,"1.420, de 2025",https://www.in.gov.br/web/dou/-/portaria-mcid-n-1.420-de-9-de-dezembro-de-2025-674507215
S-597,Água Para Todos,Água para quem mais precisa,Abastecimento de Água - Rural,OGU,OGU,2025,RS,CANDIOTA,Sul,"56000007919/2025",Seleção Normal,9950281.1,0,9950281.1,selecionada,,Novo PAC - Seleção,"1.420, de 2025",https://www.in.gov.br/web/dou/-/portaria-mcid-n-1.420-de-9-de-dezembro-de-2025-674507215
S-598,Água Para Todos,Água para quem mais precisa,Abastecimento de Água - Rural,OGU,OGU,2025,CE,CRATEÚS,Nordeste,"56000007928/2025",Seleção Normal,5082630.14,0,5082630.14,selecionada,,Novo PAC - Seleção,"1.420, de 2025",https://www.in.gov.br/web/dou/-/portaria-mcid-n-1.420-de-9-de-dezembro-de-2025-674507215
S-599,Água Para Todos,Água para quem mais precisa,Abastecimento de Água - Rural,OGU,OGU,2025,CE,MADALENA,Nordeste,"56000007932/2025",Seleção Normal,7658489.11,0,7658489.11,selecionada,,Novo PAC - Seleção,"1.420, de 2025",https://www.in.gov.br/web/dou/-/portaria-mcid-n-1.420-de-9-de-dezembro-de-2025-674507215
S-600,Água Para Todos,Água para quem mais precisa,Abastecimento de Água - Rural,OGU,OGU,2025,CE,FORTALEZA,Nordeste,"56000007936/2025",Seleção Normal,9010909.18,0,9010909.18,selecionada,,Novo PAC - Seleção,"1.420, de 2025",https://www.in.gov.br/web/dou/-/portaria-mcid-n-1.420-de-9-de-dezembro-de-2025-674507215
S-601,Água Para Todos,Água para quem mais precisa,Abastecimento de Água - Rural,OGU,OGU,2025,CE,SALITRE,Nordeste,"56000007948/2025",Seleção Normal,5735722.9,0,5735722.9,selecionada,,Novo PAC - Seleção,"1.420, de 2025",https://www.in.gov.br/web/dou/-/portaria-mcid-n-1.420-de-9-de-dezembro-de-2025-674507215
S-602,Água Para Todos,Água para quem mais precisa,Abastecimento de Água - Rural,OGU,OGU,2025,CE,BOA VIAGEM,Nordeste,"56000007952/2025",Seleção Normal,1391950.18,0,1391950.18,selecionada,,Novo PAC - Seleção,"1.420, de 2025",https://www.in.gov.br/web/dou/-/portaria-mcid-n-1.420-de-9-de-dezembro-de-2025-674507215
S-603,Água Para Todos,Água para quem mais precisa,Abastecimento de Água - Rural,OGU,OGU,2025,CE,CHORÓ,Nordeste,"56000007956/2025",Seleção Normal,7554627.9,0,7554627.9,selecionada,,Novo PAC - Seleção,"1.420, de 2025",https://www.in.gov.br/web/dou/-/portaria-mcid-n-1.420-de-9-de-dezembro-de-2025-674507215
S-604,Água Para Todos,Água para quem mais precisa,Abastecimento de Água - Rural,OGU,OGU,2025,PI,PATOS DO PIAUÍ,Nordeste,"56000007960/2025",Seleção Normal,5727759.19,0,5727759.19,selecionada,,Novo PAC - Seleção,"1.420, de 2025",https://www.in.gov.br/web/dou/-/portaria-mcid-n-1.420-de-9-de-dezembro-de-2025-674507215
S-605,Água Para Todos,Água para quem mais precisa,Abastecimento de Água - Rural,OGU,OGU,2025,AM,BOA VISTA DO RAMOS,Norte,"56000007972/2025",Seleção Normal,1008993,0,1008993,selecionada,,Novo PAC - Seleção,"1.420, de 2025",https://www.in.gov.br/web/dou/-/portaria-mcid-n-1.420-de-9-de-dezembro-de-2025-674507215
S-606,Água Para Todos,Água para quem mais precisa,Abastecimento de Água - Rural,OGU,OGU,2025,AM,CARAUARI,Norte,"56000007977/2025",Seleção Normal,252248.25,0,252248.25,selecionada,,Novo PAC - Seleção,"1.420, de 2025",https://www.in.gov.br/web/dou/-/portaria-mcid-n-1.420-de-9-de-dezembro-de-2025-674507215
S-607,Água Para Todos,Água para quem mais precisa,Abastecimento de Água - Rural,OGU,OGU,2025,AM,FONTE BOA,Norte,"56000007984/2025",Seleção Normal,756744.75,0,756744.75,selecionada,,Novo PAC - Seleção,"1.420, de 2025",https://www.in.gov.br/web/dou/-/portaria-mcid-n-1.420-de-9-de-dezembro-de-2025-674507215
S-608,Água Para Todos,Água para quem mais precisa,Abastecimento de Água - Rural,OGU,OGU,2025,AM,ITACOATIARA,Norte,"56000007989/2025",Seleção Normal,252248.25,0,252248.25,selecionada,,Novo PAC - Seleção,"1.420, de 2025",https://www.in.gov.br/web/dou/-/portaria-mcid-n-1.420-de-9-de-dezembro-de-2025-674507215
S-609,Água Para Todos,Água para quem mais precisa,Abastecimento de Água - Rural,OGU,OGU,2025,PI,VILA NOVA DO PIAUÍ,Nordeste,"56000008000/2025",Seleção Normal,6102066.61,0,6102066.61,selecionada,,Novo PAC - Seleção,"1.420, de 2025",https://www.in.gov.br/web/dou/-/portaria-mcid-n-1.420-de-9-de-dezembro-de-2025-674507215
S-610,Água Para Todos,Água para quem mais precisa,Abastecimento de Água - Rural,OGU,OGU,2025,PE,BEZERROS,Nordeste,"56000008052/2025",Seleção Normal,7210039.66,0,7210039.66,selecionada,,Novo PAC - Seleção,"1.420, de 2025",https://www.in.gov.br/web/dou/-/portaria-mcid-n-1.420-de-9-de-dezembro-de-2025-674507215
S-611,Água Para Todos,Água para quem mais precisa,Abastecimento de Água - Rural,OGU,OGU,2025,PE,BUÍQUE,Nordeste,"56000008064/2025",Seleção Normal,9607659.37,0,9607659.37,selecionada,,Novo PAC - Seleção,"1.420, de 2025",https://www.in.gov.br/web/dou/-/portaria-mcid-n-1.420-de-9-de-dezembro-de-2025-674507215
S-612,Água Para Todos,Água para quem mais precisa,Abastecimento de Água - Rural,OGU,OGU,2025,PA,SÃO GERALDO DO ARAGUAIA,Norte,"56000008068/2025",Seleção Normal,2650000,0,2650000,selecionada,,Novo PAC - Seleção,"1.420, de 2025",https://www.in.gov.br/web/dou/-/portaria-mcid-n-1.420-de-9-de-dezembro-de-2025-674507215
S-613,Água Para Todos,Água para quem mais precisa,Abastecimento de Água - Rural,OGU,OGU,2025,AP,MAZAGÃO,Norte,"56000008075/2025",Seleção Normal,193523.96,0,193523.96,selecionada,,Novo PAC - Seleção,"1.420, de 2025",https://www.in.gov.br/web/dou/-/portaria-mcid-n-1.420-de-9-de-dezembro-de-2025-674507215
S-614,Água Para Todos,Água para quem mais precisa,Abastecimento de Água - Rural,OGU,OGU,2025,PA,SAPUCAIA,Norte,"56000008083/2025",Seleção Normal,2650000,0,2650000,selecionada,,Novo PAC - Seleção,"1.420, de 2025",https://www.in.gov.br/web/dou/-/portaria-mcid-n-1.420-de-9-de-dezembro-de-2025-674507215
S-615,Água Para Todos,Água para quem mais precisa,Abastecimento de Água - Rural,OGU,OGU,2025,PE,DORMENTES,Nordeste,"56000008098/2025",Seleção Normal,874973.27,0,874973.27,selecionada,,Novo PAC - Seleção,"1.420, de 2025",https://www.in.gov.br/web/dou/-/portaria-mcid-n-1.420-de-9-de-dezembro-de-2025-674507215
S-616,Água Para Todos,Água para quem mais precisa,Abastecimento de Água - Rural,OGU,OGU,2025,RN,CERRO CORÁ,Nordeste,"56000008108/2025",Seleção Normal,3839494.48,0,3839494.48,selecionada,,Novo PAC - Seleção,"1.420, de 2025",https://www.in.gov.br/web/dou/-/portaria-mcid-n-1.420-de-9-de-dezembro-de-2025-674507215
S-617,Água Para Todos,Água para quem mais precisa,Abastecimento de Água - Rural,OGU,OGU,2025,AC,CRUZEIRO DO SUL,Norte,"56000008115/2025",Seleção Normal,611799.88,0,611799.88,selecionada,,Novo PAC - Seleção,"1.420, de 2025",https://www.in.gov.br/web/dou/-/portaria-mcid-n-1.420-de-9-de-dezembro-de-2025-674507215
S-618,Água Para Todos,Água para quem mais precisa,Abastecimento de Água - Rural,OGU,OGU,2025,PE,CAETÉS,Nordeste,"56000008197/2025",Seleção Normal,7791589.87,0,7791589.87,selecionada,,Novo PAC - Seleção,"1.420, de 2025",https://www.in.gov.br/web/dou/-/portaria-mcid-n-1.420-de-9-de-dezembro-de-2025-674507215
S-619,Água Para Todos,Água para quem mais precisa,Abastecimento de Água - Rural,OGU,OGU,2025,AC,MÂNCIO LIMA,Norte,"56000008143/2025",Seleção Normal,519898.84,0,519898.84,selecionada,,Novo PAC - Seleção,"1.420, de 2025",https://www.in.gov.br/web/dou/-/portaria-mcid-n-1.420-de-9-de-dezembro-de-2025-674507215
S-620,Água Para Todos,Água para quem mais precisa,Abastecimento de Água - Rural,OGU,OGU,2025,AC,FEIJÓ,Norte,"56000008148/2025",Seleção Normal,1434606.54,0,1434606.54,selecionada,,Novo PAC - Seleção,"1.420, de 2025",https://www.in.gov.br/web/dou/-/portaria-mcid-n-1.420-de-9-de-dezembro-de-2025-674507215
S-621,Água Para Todos,Água para quem mais precisa,Abastecimento de Água - Rural,OGU,OGU,2025,RS,PORTO ALEGRE,Sul,"56000008193/2025",Seleção Normal,11028390.21,0,11028390.21,selecionada,,Novo PAC - Seleção,"1.420, de 2025",https://www.in.gov.br/web/dou/-/portaria-mcid-n-1.420-de-9-de-dezembro-de-2025-674507215
S-622,Água Para Todos,Água para quem mais precisa,Abastecimento de Água - Rural,OGU,OGU,2025,PE,PARANATAMA,Nordeste,"56000008198/2025",Seleção Normal,10997783.41,0,10997783.41,selecionada,,Novo PAC - Seleção,"1.420, de 2025",https://www.in.gov.br/web/dou/-/portaria-mcid-n-1.420-de-9-de-dezembro-de-2025-674507215
S-623,Cidades Sustentáveis e Resilientes,Mobilidade Urbana Sustentável,Médias e Grandes Cidades,FIN,FGTS,2026,RS,Rio Grande,Sul,"56000001836/2025",Seleção Normal,,25953853.7,25953853.7,selecionada,Setor Público,Novo PAC - Seleção,"123, de 2026",https://in.gov.br/web/dou/-/portaria-mcid-n-123-de-5-de-fevereiro-de-2026-687385760
S-624,Cidades Sustentáveis e Resilientes,Resíduos Sólidos,Resíduos Sólidos,FIN,FGTS,2025,BA,Itacaré,Nordeste,"56000001613/2025",Seleção Normal,,1425000,1425000,selecionada,Setor Público,Novo PAC - Seleção,"1.331, de 2025",https://www.in.gov.br/web/dou/-/portaria-mcid-n-1.331-de-19-de-novembro-de-2025-670492245
S-625,Cidades Sustentáveis e Resilientes,Resíduos Sólidos,Resíduos Sólidos,FIN,FGTS,2025,MG,Uberlândia,Sudeste,"56000000508/2025",Seleção Normal,,3803294.46,3803294.46,selecionada,Setor Público,Novo PAC - Seleção,"1.331, de 2025",https://www.in.gov.br/web/dou/-/portaria-mcid-n-1.331-de-19-de-novembro-de-2025-670492245
S-626,Cidades Sustentáveis e Resilientes,Esgotamento Sanitário,Esgotamento Sanitário,OGU,OGU,2024,MS,SONORA,Centro-Oeste,"56000000461/2023",Seleção Normal,1690230.77,0,1690230.77,selecionada,,Novo PAC - Seleção,"769, de 2024",https://www.in.gov.br/en/web/dou/-/portaria-mcid-n-769-de-26-de-julho-de-2024-574546917
S-627,Cidades Sustentáveis e Resilientes,Esgotamento Sanitário,Esgotamento Sanitário,OGU,OGU,2024,CE,SOBRAL,Nordeste,"56000000162/2023",Seleção Normal,47845177.19,0,47845177.19,selecionada,,Novo PAC - Seleção,"769, de 2024",https://www.in.gov.br/en/web/dou/-/portaria-mcid-n-769-de-26-de-julho-de-2024-574546917
S-628,Cidades Sustentáveis e Resilientes,Esgotamento Sanitário,Esgotamento Sanitário,OGU,OGU,2024,MG,ENTRE RIOS DE MINAS,Sudeste,"56000000289/2023",Seleção Normal,4017953.95,0,4017953.95,selecionada,,Novo PAC - Seleção,"769, de 2024",https://www.in.gov.br/en/web/dou/-/portaria-mcid-n-769-de-26-de-julho-de-2024-574546917
S-629,Cidades Sustentáveis e Resilientes,Esgotamento Sanitário,Esgotamento Sanitário,FIN,FGTS,2025,SC,JARAGUADO SUL,Sul,"56000008217/2025",Seleção Normal,,60203731.09,60203731.09,enquadrada,Setor Público,Novo PAC - Seleção,"1.425, de 2025",https://in.gov.br/web/dou/-/portaria-mcid-n-1.425-de-10-de-dezembro-de-2025-674489067
S-630,Cidades Sustentáveis e Resilientes,Esgotamento Sanitário,Esgotamento Sanitário,OGU,OGU,2024,SC,ARARANGUA,Sul,"56000000424/2023",Seleção Normal,9208415.29,0,9208415.29,selecionada,,Novo PAC - Seleção,"769, de 2024",https://www.in.gov.br/en/web/dou/-/portaria-mcid-n-769-de-26-de-julho-de-2024-574546917
S-631,Cidades Sustentáveis e Resilientes,Esgotamento Sanitário,Esgotamento Sanitário,OGU,OGU,2024,BA,IACU,Nordeste,"56000000588/2023",Seleção Normal,69655011.4,0,69655011.4,selecionada,,Novo PAC - Seleção,"769, de 2024",https://www.in.gov.br/en/web/dou/-/portaria-mcid-n-769-de-26-de-julho-de-2024-574546917
S-632,Cidades Sustentáveis e Resilientes,Esgotamento Sanitário,Esgotamento Sanitário,OGU,OGU,2024,SP,MOGI DAS CRUZES,Sudeste,"56000000763/2023",Seleção Normal,13572778.46,0,13572778.46,selecionada,,Novo PAC - Seleção,"769, de 2024",https://www.in.gov.br/en/web/dou/-/portaria-mcid-n-769-de-26-de-julho-de-2024-574546917
S-633,Cidades Sustentáveis e Resilientes,Esgotamento Sanitário,Esgotamento Sanitário,OGU,OGU,2024,MG,CENTRAL DE MINAS,Sudeste,"56000000873/2023",Seleção Normal,7198462.23,0,7198462.23,selecionada,,Novo PAC - Seleção,"769, de 2024",https://www.in.gov.br/en/web/dou/-/portaria-mcid-n-769-de-26-de-julho-de-2024-574546917
S-634,Cidades Sustentáveis e Resilientes,Esgotamento Sanitário,Esgotamento Sanitário,OGU,OGU,2024,MG,RIBEIRAO VERMELHO,Sudeste,"56000002294/2023",Seleção Normal,13268805.63,0,13268805.63,selecionada,,Novo PAC - Seleção,"769, de 2024",https://www.in.gov.br/en/web/dou/-/portaria-mcid-n-769-de-26-de-julho-de-2024-574546917
S-635,Cidades Sustentáveis e Resilientes,Esgotamento Sanitário,Esgotamento Sanitário,OGU,OGU,2024,RN,NISIA FLORESTA,Nordeste,"56000001199/2023",Seleção Normal,3000000,0,3000000,selecionada,,Novo PAC - Seleção,"769, de 2024",https://www.in.gov.br/en/web/dou/-/portaria-mcid-n-769-de-26-de-julho-de-2024-574546917
S-636,Cidades Sustentáveis e Resilientes,Esgotamento Sanitário,Esgotamento Sanitário,OGU,OGU,2024,PA,BREU BRANCO,Norte,"56000001857/2023",Seleção Normal,4013046.24,0,4013046.24,selecionada,,Novo PAC - Seleção,"769, de 2024",https://www.in.gov.br/en/web/dou/-/portaria-mcid-n-769-de-26-de-julho-de-2024-574546917
S-637,Cidades Sustentáveis e Resilientes,Esgotamento Sanitário,Esgotamento Sanitário,OGU,OGU,2024,PE,IPOJUCA,Nordeste,"56000002118/2023",Seleção Normal,75064697.35,0,75064697.35,selecionada,,Novo PAC - Seleção,"769, de 2024",https://www.in.gov.br/en/web/dou/-/portaria-mcid-n-769-de-26-de-julho-de-2024-574546917
S-638,Cidades Sustentáveis e Resilientes,Esgotamento Sanitário,Esgotamento Sanitário,OGU,OGU,2024,RS,BAGE,Sul,"56000002381/2023",Seleção Normal,6382021.36,0,6382021.36,selecionada,,Novo PAC - Seleção,"769, de 2024",https://www.in.gov.br/en/web/dou/-/portaria-mcid-n-769-de-26-de-julho-de-2024-574546917
S-639,Cidades Sustentáveis e Resilientes,Esgotamento Sanitário,Esgotamento Sanitário,FIN,FGTS,2025,RN,TIMBAUBA DOS BATISTAS,Nordeste,"56000000583/2025",Seleção Normal,,9013861.65,9013861.65,enquadrada,Setor Público,Novo PAC - Seleção,"1.425, de 2025",https://in.gov.br/web/dou/-/portaria-mcid-n-1.425-de-10-de-dezembro-de-2025-674489067
S-640,Cidades Sustentáveis e Resilientes,Esgotamento Sanitário,Esgotamento Sanitário,FIN,FGTS,2025,SC,JOINVILLE,Sul,"56000002043/2025",Seleção Normal,,203490000,203490000,enquadrada,Setor Privado,Novo PAC - Seleção,"1.425, de 2025",https://in.gov.br/web/dou/-/portaria-mcid-n-1.425-de-10-de-dezembro-de-2025-674489067
S-641,Cidades Sustentáveis e Resilientes,Esgotamento Sanitário,Esgotamento Sanitário,OGU,OGU,2024,PE,BEZERROS,Nordeste,"56000002590/2023",Seleção Normal,15140887.1,0,15140887.1,selecionada,,Novo PAC - Seleção,"769, de 2024",https://www.in.gov.br/en/web/dou/-/portaria-mcid-n-769-de-26-de-julho-de-2024-574546917
S-642,Cidades Sustentáveis e Resilientes,Esgotamento Sanitário,Esgotamento Sanitário,FIN,FGTS,2025,BA,JAGUAQUARA,Nordeste,"56000000597/2025",Seleção Normal,,40757547.04,40757547.04,enquadrada,Setor Privado,Novo PAC - Seleção,"1.425, de 2025",https://in.gov.br/web/dou/-/portaria-mcid-n-1.425-de-10-de-dezembro-de-2025-674489067
S-643,Cidades Sustentáveis e Resilientes,Esgotamento Sanitário,Esgotamento Sanitário,FIN,FGTS,2025,BA,ANDARAI,Nordeste,"56000000656/2025",Seleção Normal,,42008703.19,42008703.19,enquadrada,Setor Privado,Novo PAC - Seleção,"1.425, de 2025",https://in.gov.br/web/dou/-/portaria-mcid-n-1.425-de-10-de-dezembro-de-2025-674489067
S-644,Cidades Sustentáveis e Resilientes,Esgotamento Sanitário,Esgotamento Sanitário,FIN,FGTS,2025,BA,SERRA DOURADA,Nordeste,"56000000698/2025",Seleção Normal,,62679065.72,62679065.72,enquadrada,Setor Privado,Novo PAC - Seleção,"1.425, de 2025",https://in.gov.br/web/dou/-/portaria-mcid-n-1.425-de-10-de-dezembro-de-2025-674489067
S-645,Cidades Sustentáveis e Resilientes,Mobilidade Urbana Sustentável,Renovação de Frota,FIN,FGTS,2025,MG,"ESMERALDAS, CONTAGEM E BELO HORIZONTE",Sudeste,carta consulta 155/2025,Seleção Normal,,38000000,38000000,selecionada,Setor Privado,Novo PAC - Seleção,"1.185, de 2025",https://www.in.gov.br/web/dou/-/portaria-mcid-n-1.185-de-9-de-outubro-de-2025-662772275
S-646,Cidades Sustentáveis e Resilientes,Esgotamento Sanitário,Esgotamento Sanitário,FIN,FGTS,2025,BA,LENÇOIS,Nordeste,"56000001195/2025",Seleção Normal,,48899226.84,48899226.84,enquadrada,Setor Privado,Novo PAC - Seleção,"1.425, de 2025",https://in.gov.br/web/dou/-/portaria-mcid-n-1.425-de-10-de-dezembro-de-2025-674489067
S-647,Cidades Sustentáveis e Resilientes,Esgotamento Sanitário,Esgotamento Sanitário,FIN,FGTS,2025,BA,ILHEUS,Nordeste,"56000001275/2025",Seleção Normal,,282470156.29,282470156.29,enquadrada,Setor Privado,Novo PAC - Seleção,"1.425, de 2025",https://in.gov.br/web/dou/-/portaria-mcid-n-1.425-de-10-de-dezembro-de-2025-674489067
S-648,Cidades Sustentáveis e Resilientes,Esgotamento Sanitário,Esgotamento Sanitário,OGU,OGU,2024,RN,BREJINHO,Nordeste,"56000003681/2023",Seleção Normal,4131878.5,0,4131878.5,selecionada,,Novo PAC - Seleção,"769, de 2024",https://www.in.gov.br/en/web/dou/-/portaria-mcid-n-769-de-26-de-julho-de-2024-574546917
S-649,Cidades Sustentáveis e Resilientes,Esgotamento Sanitário,Esgotamento Sanitário,OGU,OGU,2024,ES,PONTO BELO,Sudeste,"56000003775/2023",Seleção Normal,16960914.92,0,16960914.92,selecionada,,Novo PAC - Seleção,"769, de 2024",https://www.in.gov.br/en/web/dou/-/portaria-mcid-n-769-de-26-de-julho-de-2024-574546917
S-650,Cidades Sustentáveis e Resilientes,Esgotamento Sanitário,Esgotamento Sanitário,OGU,OGU,2024,PA,SAO FRANCISCO DO PARA,Norte,"56000004099/2023",Seleção Normal,6448000,0,6448000,selecionada,,Novo PAC - Seleção,"769, de 2024",https://www.in.gov.br/en/web/dou/-/portaria-mcid-n-769-de-26-de-julho-de-2024-574546917
S-651,Cidades Sustentáveis e Resilientes,Esgotamento Sanitário,Esgotamento Sanitário,OGU,OGU,2024,AC,RIO BRANCO,Norte,"56000004341/2023",Seleção Normal,1107128.23,0,1107128.23,selecionada,,Novo PAC - Seleção,"769, de 2024",https://www.in.gov.br/en/web/dou/-/portaria-mcid-n-769-de-26-de-julho-de-2024-574546917
S-652,Cidades Sustentáveis e Resilientes,Esgotamento Sanitário,Esgotamento Sanitário,OGU,OGU,2024,GO,JANDAIA,Centro-Oeste,"56000004385/2023",Seleção Normal,9486541.55,0,9486541.55,selecionada,,Novo PAC - Seleção,"769, de 2024",https://www.in.gov.br/en/web/dou/-/portaria-mcid-n-769-de-26-de-julho-de-2024-574546917
S-653,Cidades Sustentáveis e Resilientes,Esgotamento Sanitário,Esgotamento Sanitário,OGU,OGU,2024,PE,INAJA,Nordeste,"56000004677/2023",Seleção Normal,5623991.9,0,5623991.9,selecionada,,Novo PAC - Seleção,"769, de 2024",https://www.in.gov.br/en/web/dou/-/portaria-mcid-n-769-de-26-de-julho-de-2024-574546917
S-654,Cidades Sustentáveis e Resilientes,Esgotamento Sanitário,Esgotamento Sanitário,OGU,OGU,2024,PI,BOM JESUS,Nordeste,"56000004927/2023",Seleção Normal,1354134.51,0,1354134.51,selecionada,,Novo PAC - Seleção,"769, de 2024",https://www.in.gov.br/en/web/dou/-/portaria-mcid-n-769-de-26-de-julho-de-2024-574546917
S-655,Cidades Sustentáveis e Resilientes,Esgotamento Sanitário,Esgotamento Sanitário,OGU,OGU,2024,RN,APODI,Nordeste,"56000005145/2023",Seleção Normal,51994580,0,51994580,selecionada,,Novo PAC - Seleção,"769, de 2024",https://www.in.gov.br/en/web/dou/-/portaria-mcid-n-769-de-26-de-julho-de-2024-574546917
S-656,Cidades Sustentáveis e Resilientes,Esgotamento Sanitário,Esgotamento Sanitário,OGU,OGU,2024,GO,MOZARLANDIA,Centro-Oeste,"56000005564/2023",Seleção Normal,32843790.21,0,32843790.21,selecionada,,Novo PAC - Seleção,"769, de 2024",https://www.in.gov.br/en/web/dou/-/portaria-mcid-n-769-de-26-de-julho-de-2024-574546917
S-657,Cidades Sustentáveis e Resilientes,Esgotamento Sanitário,Esgotamento Sanitário,OGU,OGU,2024,PI,PADRE MARCOS,Nordeste,"56000006032/2023",Seleção Normal,9585668.15,0,9585668.15,selecionada,,Novo PAC - Seleção,"769, de 2024",https://www.in.gov.br/en/web/dou/-/portaria-mcid-n-769-de-26-de-julho-de-2024-574546917
S-658,Cidades Sustentáveis e Resilientes,Esgotamento Sanitário,Esgotamento Sanitário,OGU,OGU,2024,PI,SANTO ANTONIO DOS MILAGRES,Nordeste,"56000006087/2023",Seleção Normal,7918928.5,0,7918928.5,selecionada,,Novo PAC - Seleção,"769, de 2024",https://www.in.gov.br/en/web/dou/-/portaria-mcid-n-769-de-26-de-julho-de-2024-574546917
S-659,Cidades Sustentáveis e Resilientes,Esgotamento Sanitário,Esgotamento Sanitário,OGU,OGU,2024,CE,AMONTADA,Nordeste,"56000006293/2023",Seleção Normal,22439152.46,0,22439152.46,selecionada,,Novo PAC - Seleção,"769, de 2024",https://www.in.gov.br/en/web/dou/-/portaria-mcid-n-769-de-26-de-julho-de-2024-574546917
S-660,Cidades Sustentáveis e Resilientes,Esgotamento Sanitário,Esgotamento Sanitário,OGU,OGU,2024,PI,LAGOA DO BARRO DO PIAUI,Nordeste,"56000006428/2023",Seleção Normal,6324809.2,0,6324809.2,selecionada,,Novo PAC - Seleção,"769, de 2024",https://www.in.gov.br/en/web/dou/-/portaria-mcid-n-769-de-26-de-julho-de-2024-574546917
S-661,Cidades Sustentáveis e Resilientes,Esgotamento Sanitário,Esgotamento Sanitário,OGU,OGU,2024,SC,MARACAJA,Sul,"56000006647/2023",Seleção Normal,50000000,0,50000000,selecionada,,Novo PAC - Seleção,"769, de 2024",https://www.in.gov.br/en/web/dou/-/portaria-mcid-n-769-de-26-de-julho-de-2024-574546917
S-662,Cidades Sustentáveis e Resilientes,Esgotamento Sanitário,Esgotamento Sanitário,OGU,OGU,2024,PI,VALENCA DO PIAUI,Nordeste,"56000006868/2023",Seleção Normal,500000,0,500000,selecionada,,Novo PAC - Seleção,"769, de 2024",https://www.in.gov.br/en/web/dou/-/portaria-mcid-n-769-de-26-de-julho-de-2024-574546917
S-663,Cidades Sustentáveis e Resilientes,Esgotamento Sanitário,Esgotamento Sanitário,FIN,FGTS,2024,PR,ABATIA,Sul,"56000005537/2023",Seleção Normal,0,20000000,20000000,selecionada,Setor Público,Novo PAC - Seleção,"769, de 2024",https://www.in.gov.br/en/web/dou/-/portaria-mcid-n-769-de-26-de-julho-de-2024-574546917
S-664,Cidades Sustentáveis e Resilientes,Resíduos Sólidos,Resíduos Sólidos,OGU,OGU,2025,CE,BREJO SANTO,Nordeste,"56000008450/2025",Seleção Normal,10000000,,10000000,selecionada,Setor Público,Novo PAC - Seleção,"1.488, de 2025",https://in.gov.br/web/dou/-/portaria-mcid-n-1.488-de-24-de-dezembro-de-2025-678071129
S-665,Cidades Sustentáveis e Resilientes,Resíduos Sólidos,Resíduos Sólidos,OGU,OGU,2025,MA,VITORINO FREIRE,Nordeste,"56000008524/2025",Seleção Normal,14845000,,14845000,selecionada,Setor Público,Novo PAC - Seleção,"1.488, de 2025",https://in.gov.br/web/dou/-/portaria-mcid-n-1.488-de-24-de-dezembro-de-2025-678071129
S-666,Cidades Sustentáveis e Resilientes,Mobilidade Urbana Sustentável,Renovação de Frota,FIN,FGTS,2025,RJ,SAO GONCALO,Sudeste,carta consulta 184/2025,Seleção Normal,,19000000,19000000,selecionada,Setor Privado,Novo PAC - Seleção,"1.304, de 2025",https://www.in.gov.br/web/dou/-/portaria-mcid-n-1.304-de-12-de-novembro-de-2025-669556559
S-667,Cidades Sustentáveis e Resilientes,Mobilidade Urbana Sustentável,Renovação de Frota,FIN,FGTS,2025,PR,PONTA GROSSA,Sul,carta consulta 188/2025,Seleção Normal,,26848083,26848083,selecionada,Setor Privado,Novo PAC - Seleção,"1.346, de 2025",https://www.in.gov.br/web/dou/-/portaria-mcid-n-1.346-de-24-de-novembro-de-2025-671039280
S-668,Cidades Sustentáveis e Resilientes,Mobilidade Urbana Sustentável,Renovação de Frota,FIN,FGTS,2025,PE,"RECIFE, CAMARAGIBE E SAO LOURENCO DA MATA",Nordeste,carta consulta 192/2025,Seleção Normal,,42845000,42845000,selecionada,Setor Privado,Novo PAC - Seleção,"1.427, de 2025",https://www.in.gov.br/web/dou/-/portaria-mcid-n-1.427-de-10-de-dezembro-de-2025-674789883
S-669,Cidades Sustentáveis e Resilientes,Mobilidade Urbana Sustentável,Renovação de Frota,FIN,FGTS,2025,SP,GUARULHOS,Sudeste,carta consulta 196/2025,Seleção Normal,,43612600,43612600,selecionada,Setor Privado,Novo PAC - Seleção,"1.402, de 2025",https://www.in.gov.br/web/dou/-/portaria-mcid-n-1.402-de-5-de-dezembro-de-2025-673955072
S-670,Cidades Sustentáveis e Resilientes,Mobilidade Urbana Sustentável,Renovação de Frota,FIN,FGTS,2025,SE,"ARACAJU, NOSSA SENHORA DO SOCORRO E BARRA DOS COQUEIROS",Nordeste,carta consulta 207/2026,Seleção Normal,,18189107.31,18189107.31,selecionada,Setor Privado,Novo PAC - Seleção,"89, de 2025",
S-671,Cidades Sustentáveis e Resilientes,Resíduos Sólidos,Resíduos Sólidos,OGU,OGU,2025,PA,CACHOEIRA DO PIRIA,Norte,"56000008332/2025",Seleção Normal,2677109,,2677109,selecionada,Setor Público,Novo PAC - Seleção,"1.488, de 2025",https://in.gov.br/web/dou/-/portaria-mcid-n-1.488-de-24-de-dezembro-de-2025-678071129
S-672,Cidades Sustentáveis e Resilientes,Resíduos Sólidos,Resíduos Sólidos,OGU,OGU,2025,PE,ITACURUBA,Nordeste,"56000008545/2025",Seleção Normal,2522149,,2522149,selecionada,Setor Público,Novo PAC - Seleção,"1.488, de 2025",https://in.gov.br/web/dou/-/portaria-mcid-n-1.488-de-24-de-dezembro-de-2025-678071129
S-673,Cidades Sustentáveis e Resilientes,Resíduos Sólidos,Resíduos Sólidos,OGU,OGU,2025,PR,TIBAGI,Sul,"56000008475/2025",Seleção Normal,3800000,,3800000,selecionada,Setor Público,Novo PAC - Seleção,"1.488, de 2025",https://in.gov.br/web/dou/-/portaria-mcid-n-1.488-de-24-de-dezembro-de-2025-678071129
S-674,Cidades Sustentáveis e Resilientes,Resíduos Sólidos,Resíduos Sólidos,OGU,OGU,2025,RO,ROLIM DE MOURA,Norte,"56000008381/2025",Seleção Normal,1775000,,1775000,selecionada,Setor Público,Novo PAC - Seleção,"1.488, de 2025",https://in.gov.br/web/dou/-/portaria-mcid-n-1.488-de-24-de-dezembro-de-2025-678071129
S-675,Cidades Sustentáveis e Resilientes,Resíduos Sólidos,Resíduos Sólidos,OGU,OGU,2025,SE,ARACAJU,Nordeste,"56000008573/2025",Seleção Normal,1100000,,1100000,selecionada,Setor Público,Novo PAC - Seleção,"1.488, de 2025",https://in.gov.br/web/dou/-/portaria-mcid-n-1.488-de-24-de-dezembro-de-2025-678071129
S-676,Cidades Sustentáveis e Resilientes,Esgotamento Sanitário,Esgotamento Sanitário,FIN,FGTS,2025,SC,JOAÇABA,Sul,"56000000743/2025",Seleção Normal,,1778400.71,1778400.71,enquadrada,Setor Público,Novo PAC - Seleção,"1.425, de 2025",https://in.gov.br/web/dou/-/portaria-mcid-n-1.425-de-10-de-dezembro-de-2025-674489067
S-677,Cidades Sustentáveis e Resilientes,Esgotamento Sanitário,Esgotamento Sanitário,OGU,OGU,2024,MS,DEODAPOLIS,Centro-Oeste,"56000000220/2023",Seleção Normal,8500477.25,0,8500477.25,selecionada,,Novo PAC - Seleção,"769, de 2024",https://www.in.gov.br/en/web/dou/-/portaria-mcid-n-769-de-26-de-julho-de-2024-574546917
S-678,Cidades Sustentáveis e Resilientes,Esgotamento Sanitário,Esgotamento Sanitário,OGU,OGU,2024,MG,CRUCILANDIA,Sudeste,"56000000126/2023",Seleção Normal,15055466.94,0,15055466.94,selecionada,,Novo PAC - Seleção,"769, de 2024",https://www.in.gov.br/en/web/dou/-/portaria-mcid-n-769-de-26-de-julho-de-2024-574546917
S-679,Cidades Sustentáveis e Resilientes,Esgotamento Sanitário,Esgotamento Sanitário,OGU,OGU,2024,MG,SAO JOSE DA SAFIRA,Sudeste,"56000000263/2023",Seleção Normal,4027059.45,0,4027059.45,selecionada,,Novo PAC - Seleção,"769, de 2024",https://www.in.gov.br/en/web/dou/-/portaria-mcid-n-769-de-26-de-julho-de-2024-574546917
S-680,Cidades Sustentáveis e Resilientes,Esgotamento Sanitário,Esgotamento Sanitário,OGU,OGU,2024,CE,GENERAL SAMPAIO,Nordeste,"56000000423/2023",Seleção Normal,28112612.02,0,28112612.02,selecionada,,Novo PAC - Seleção,"769, de 2024",https://www.in.gov.br/en/web/dou/-/portaria-mcid-n-769-de-26-de-julho-de-2024-574546917
S-681,Cidades Sustentáveis e Resilientes,Resíduos Sólidos,Resíduos Sólidos,OGU,OGU,2025,SP,CAPIVARI,Sudeste,"56000008440/2025",Seleção Normal,1000000,,1000000,selecionada,Setor Público,Novo PAC - Seleção,"1.488, de 2025",https://in.gov.br/web/dou/-/portaria-mcid-n-1.488-de-24-de-dezembro-de-2025-678071129
S-682,Cidades Sustentáveis e Resilientes,Resíduos Sólidos,Resíduos Sólidos,OGU,OGU,2025,SP,RIO DAS PEDRAS,Sudeste,"56000008464/2025",Seleção Normal,2480000,,2480000,selecionada,Setor Público,Novo PAC - Seleção,"1.488, de 2025",https://in.gov.br/web/dou/-/portaria-mcid-n-1.488-de-24-de-dezembro-de-2025-678071129
S-683,Cidades Sustentáveis e Resilientes,Esgotamento Sanitário,Esgotamento Sanitário,FIN,FGTS,2025,MA,BALSAS,Nordeste,"56000000520/2025",Seleção Normal,,444056221.17,444056221.17,enquadrada,Setor Público,Novo PAC - Seleção,"1.425, de 2025",https://in.gov.br/web/dou/-/portaria-mcid-n-1.425-de-10-de-dezembro-de-2025-674489067
S-684,Cidades Sustentáveis e Resilientes,Esgotamento Sanitário,Esgotamento Sanitário,OGU,OGU,2024,PA,CURUCA,Norte,"56000006969/2023",Seleção Normal,8555000,0,8555000,selecionada,,Novo PAC - Seleção,"769, de 2024",https://www.in.gov.br/en/web/dou/-/portaria-mcid-n-769-de-26-de-julho-de-2024-574546917
S-685,Cidades Sustentáveis e Resilientes,Esgotamento Sanitário,Esgotamento Sanitário,OGU,OGU,2024,MS,INOCÊNCIA,Centro-Oeste,"56000000524/2023",Seleção Normal,2657775.61,0,2657775.61,selecionada,,Novo PAC - Seleção,"769, de 2024",https://www.in.gov.br/en/web/dou/-/portaria-mcid-n-769-de-26-de-julho-de-2024-574546917
S-686,Cidades Sustentáveis e Resilientes,Esgotamento Sanitário,Esgotamento Sanitário,OGU,OGU,2024,PA,ABAETETUBA,Norte,"56000000753/2023",Seleção Normal,40830724.1,0,40830724.1,selecionada,,Novo PAC - Seleção,"769, de 2024",https://www.in.gov.br/en/web/dou/-/portaria-mcid-n-769-de-26-de-julho-de-2024-574546917
S-687,Cidades Sustentáveis e Resilientes,Esgotamento Sanitário,Esgotamento Sanitário,OGU,OGU,2024,CE,QUIXADA,Nordeste,"56000000870/2023",Seleção Normal,25887369.8,0,25887369.8,selecionada,,Novo PAC - Seleção,"769, de 2024",https://www.in.gov.br/en/web/dou/-/portaria-mcid-n-769-de-26-de-julho-de-2024-574546917
S-688,Cidades Sustentáveis e Resilientes,Esgotamento Sanitário,Esgotamento Sanitário,OGU,OGU,2024,CE,QUIXERAMOBIM,Nordeste,"56000000985/2023",Seleção Normal,1000834.5,0,1000834.5,selecionada,,Novo PAC - Seleção,"769, de 2024",https://www.in.gov.br/en/web/dou/-/portaria-mcid-n-769-de-26-de-julho-de-2024-574546917
S-689,Cidades Sustentáveis e Resilientes,Esgotamento Sanitário,Esgotamento Sanitário,OGU,OGU,2024,SP,CAPIVARI,Sudeste,"56000001093/2023",Seleção Normal,15760944.6,0,15760944.6,selecionada,,Novo PAC - Seleção,"769, de 2024",https://www.in.gov.br/en/web/dou/-/portaria-mcid-n-769-de-26-de-julho-de-2024-574546917
S-690,Cidades Sustentáveis e Resilientes,Esgotamento Sanitário,Esgotamento Sanitário,OGU,OGU,2024,PA,BELTERRA,Norte,"56000001782/2023",Seleção Normal,30223342.71,0,30223342.71,selecionada,,Novo PAC - Seleção,"769, de 2024",https://www.in.gov.br/en/web/dou/-/portaria-mcid-n-769-de-26-de-julho-de-2024-574546917
S-691,Cidades Sustentáveis e Resilientes,Esgotamento Sanitário,Esgotamento Sanitário,OGU,OGU,2024,RJ,SAO SEBASTIAO DO ALTO,Sudeste,"56000002070/2023",Seleção Normal,15001000,0,15001000,selecionada,,Novo PAC - Seleção,"769, de 2024",https://www.in.gov.br/en/web/dou/-/portaria-mcid-n-769-de-26-de-julho-de-2024-574546917
S-692,Cidades Sustentáveis e Resilientes,Esgotamento Sanitário,Esgotamento Sanitário,OGU,OGU,2024,SP,RIO DAS PEDRAS,Sudeste,"56000002288/2023",Seleção Normal,5895009.22,0,5895009.22,selecionada,,Novo PAC - Seleção,"769, de 2024",https://www.in.gov.br/en/web/dou/-/portaria-mcid-n-769-de-26-de-julho-de-2024-574546917
S-693,Cidades Sustentáveis e Resilientes,Esgotamento Sanitário,Esgotamento Sanitário,OGU,OGU,2024,PE,BUIQUE,Nordeste,"56000004300/2023",Seleção Normal,4206011.1,0,4206011.1,selecionada,,Novo PAC - Seleção,"769, de 2024",https://www.in.gov.br/en/web/dou/-/portaria-mcid-n-769-de-26-de-julho-de-2024-574546917
S-694,Cidades Sustentáveis e Resilientes,Esgotamento Sanitário,Esgotamento Sanitário,OGU,OGU,2024,TO,SAO BENTO DO TOCANTINS,Norte,"56000002682/2023",Seleção Normal,9528646.19,0,9528646.19,selecionada,,Novo PAC - Seleção,"769, de 2024",https://www.in.gov.br/en/web/dou/-/portaria-mcid-n-769-de-26-de-julho-de-2024-574546917
S-695,Cidades Sustentáveis e Resilientes,Esgotamento Sanitário,Esgotamento Sanitário,OGU,OGU,2024,PA,SANTA ISABEL DO PARA,Norte,"56000002806/2023",Seleção Normal,76051537.98,0,76051537.98,selecionada,,Novo PAC - Seleção,"769, de 2024",https://www.in.gov.br/en/web/dou/-/portaria-mcid-n-769-de-26-de-julho-de-2024-574546917
S-696,Cidades Sustentáveis e Resilientes,Mobilidade Urbana Sustentável,Renovação de Frota,FIN,FGTS,2026,AM,Manaus,Norte,carta consulta 205/2025,Seleção Normal,0,2154000,2154000,selecionada,Setor Privado,Novo PAC - Seleção,"78, de 2026",https://www.in.gov.br/web/dou/-/portaria-mcid-n-78-de-23-de-janeiro-de-2026-684175260
S-697,Cidades Sustentáveis e Resilientes,Mobilidade Urbana Sustentável,Renovação de Frota,FIN,FGTS,2026,MG,Belo Horizonte,Sudeste,carta consulta 204/2025,Seleção Normal,0,13635000,13635000,selecionada,Setor Privado,Novo PAC - Seleção,"163, de 2026",https://www.in.gov.br/web/dou/-/portaria-mcid-n-163-de-20-de-fevereiro-de-2026-688406686
S-698,Cidades Sustentáveis e Resilientes,Mobilidade Urbana Sustentável,Renovação de Frota,FIN,FGTS,2026,SP,Caieiras,Sudeste,carta consulta 05/2026,Seleção Normal,0,28200000,28200000,selecionada,Setor Privado,Novo PAC - Seleção,"170, de 2026",https://www.in.gov.br/web/dou/-/portaria-mcid-n-170-de-20-de-fevereiro-de-2026-688407562
S-699,Cidades Sustentáveis e Resilientes,Prevenção a Desastres,Contenção de Encostas,OGU,OGU,2025,SP,SANTO ANDRE,Sudeste,"56000001519/2025",Seleção Normal,16427840,0,16427840,selecionada,,Novo PAC - Seleção,"1.075, de 2025",https://www.in.gov.br/en/web/dou/-/portaria-n-1.075-de-17-de-setembro-de-2025-657769071
S-700,Cidades Sustentáveis e Resilientes,Prevenção a Desastres,Drenagem Urbana,OGU,OGU,2025,AL,SANTANA DO IPANEMA,Nordeste,"56000002402/2025",Seleção Normal,13509051.95,0,13509051.95,selecionada,,Novo PAC - Seleção,"1.083, de 2025",https://www.in.gov.br/en/web/dou/-/portaria-mcid-n-1.083-de-18-de-setembro-de-2025-657673658
S-701,Cidades Sustentáveis e Resilientes,Prevenção a Desastres,Drenagem Urbana,OGU,OGU,2025,AP,SANTANA,Norte,"56000001320/2025",Seleção Normal,11020595.39,0,11020595.39,selecionada,,Novo PAC - Seleção,"1.083, de 2025",https://www.in.gov.br/en/web/dou/-/portaria-mcid-n-1.083-de-18-de-setembro-de-2025-657673658
S-702,Cidades Sustentáveis e Resilientes,Prevenção a Desastres,Drenagem Urbana,OGU,OGU,2025,BA,ESTADO DA BAHIA,Nordeste,"56000000899/2025",Seleção Normal,176469150.46,0,176469150.46,selecionada,,Novo PAC - Seleção,"1.083, de 2025",https://www.in.gov.br/en/web/dou/-/portaria-mcid-n-1.083-de-18-de-setembro-de-2025-657673658
S-703,Cidades Sustentáveis e Resilientes,Prevenção a Desastres,Drenagem Urbana,OGU,OGU,2025,CE,BREJO SANTO,Nordeste,"56000001606/2025",Seleção Normal,11550000,0,11550000,selecionada,,Novo PAC - Seleção,"1.083, de 2025",https://www.in.gov.br/en/web/dou/-/portaria-mcid-n-1.083-de-18-de-setembro-de-2025-657673658
S-704,Cidades Sustentáveis e Resilientes,Prevenção a Desastres,Drenagem Urbana,OGU,OGU,2025,CE,FORTALEZA,Nordeste,"56000000344/2025",Seleção Normal,103335000,0,103335000,selecionada,,Novo PAC - Seleção,"1.083, de 2025",https://www.in.gov.br/en/web/dou/-/portaria-mcid-n-1.083-de-18-de-setembro-de-2025-657673658
S-705,Cidades Sustentáveis e Resilientes,Prevenção a Desastres,Drenagem Urbana,OGU,OGU,2025,ES,VIANA,Sudeste,"56000000387/2025",Seleção Normal,40701239.64,0,40701239.64,selecionada,,Novo PAC - Seleção,"1.083, de 2025",https://www.in.gov.br/en/web/dou/-/portaria-mcid-n-1.083-de-18-de-setembro-de-2025-657673658
S-706,Cidades Sustentáveis e Resilientes,Prevenção a Desastres,Drenagem Urbana,OGU,OGU,2025,MA,ACAILANDIA,Nordeste,"56000000108/2025",Seleção Normal,30000000,0,30000000,selecionada,,Novo PAC - Seleção,"1.083, de 2025",https://www.in.gov.br/en/web/dou/-/portaria-mcid-n-1.083-de-18-de-setembro-de-2025-657673658
S-707,Cidades Sustentáveis e Resilientes,Prevenção a Desastres,Drenagem Urbana,OGU,OGU,2025,MA,GRAJAU,Nordeste,"56000001065/2025",Seleção Normal,43088937.5,0,43088937.5,selecionada,,Novo PAC - Seleção,"1.083, de 2025",https://www.in.gov.br/en/web/dou/-/portaria-mcid-n-1.083-de-18-de-setembro-de-2025-657673658
S-708,Cidades Sustentáveis e Resilientes,Prevenção a Desastres,Drenagem Urbana,OGU,OGU,2025,MG,BELO HORIZONTE,Sudeste,"56000001009/2025",Seleção Normal,62835950.39,0,62835950.39,selecionada,,Novo PAC - Seleção,"1.083, de 2025",https://www.in.gov.br/en/web/dou/-/portaria-mcid-n-1.083-de-18-de-setembro-de-2025-657673658
S-709,Cidades Sustentáveis e Resilientes,Prevenção a Desastres,Drenagem Urbana,OGU,OGU,2025,MG,UBA,Sudeste,"56000001313/2025",Seleção Normal,64731781.33,0,64731781.33,selecionada,,Novo PAC - Seleção,"1.083, de 2025",https://www.in.gov.br/en/web/dou/-/portaria-mcid-n-1.083-de-18-de-setembro-de-2025-657673658
S-710,Cidades Sustentáveis e Resilientes,Prevenção a Desastres,Drenagem Urbana,OGU,OGU,2025,PA,ESTADO DO PARA,Norte,"56000000902/2025",Seleção Normal,107000000,0,107000000,selecionada,,Novo PAC - Seleção,"1.083, de 2025",https://www.in.gov.br/en/web/dou/-/portaria-mcid-n-1.083-de-18-de-setembro-de-2025-657673658
S-711,Cidades Sustentáveis e Resilientes,Prevenção a Desastres,Drenagem Urbana,OGU,OGU,2025,PA,BELEM,Norte,"56000000687/2025",Seleção Normal,92435817.49,0,92435817.49,selecionada,,Novo PAC - Seleção,"1.083, de 2025",https://www.in.gov.br/en/web/dou/-/portaria-mcid-n-1.083-de-18-de-setembro-de-2025-657673658
S-712,Cidades Sustentáveis e Resilientes,Prevenção a Desastres,Drenagem Urbana,OGU,OGU,2025,PA,CAPITAO POCO,Norte,"56000000790/2025",Seleção Normal,10000000,0,10000000,selecionada,,Novo PAC - Seleção,"1.083, de 2025",https://www.in.gov.br/en/web/dou/-/portaria-mcid-n-1.083-de-18-de-setembro-de-2025-657673658
S-713,Cidades Sustentáveis e Resilientes,Prevenção a Desastres,Drenagem Urbana,OGU,OGU,2025,PA,JACUNDA,Norte,"56000000479/2025",Seleção Normal,12264522.38,0,12264522.38,selecionada,,Novo PAC - Seleção,"1.083, de 2025",https://www.in.gov.br/en/web/dou/-/portaria-mcid-n-1.083-de-18-de-setembro-de-2025-657673658
S-714,Cidades Sustentáveis e Resilientes,Prevenção a Desastres,Drenagem Urbana,OGU,OGU,2025,PA,NOVO PROGRESSO,Norte,"56000000566/2025",Seleção Normal,11859006.34,0,11859006.34,selecionada,,Novo PAC - Seleção,"1.083, de 2025",https://www.in.gov.br/en/web/dou/-/portaria-mcid-n-1.083-de-18-de-setembro-de-2025-657673658
S-715,Água Para Todos,Abastecimento de Água,Abastecimento de Água - Urbano,OGU,OGU,2024,MA,SAO LUIS,Nordeste,GOV03,Governadores,493000000,0,493000000,selecionada,,Novo PAC - Seleção,NA,
S-716,Cidades Sustentáveis e Resilientes,Esgotamento Sanitário,Esgotamento Sanitário,OGU,OGU,2024,AL,JEQUIA DA PRAIA,Nordeste,"56000002976/2023",Seleção Normal,18765896.23,0,18765896.23,selecionada,,Novo PAC - Seleção,"769, de 2024",https://www.in.gov.br/en/web/dou/-/portaria-mcid-n-769-de-26-de-julho-de-2024-574546917
S-717,Cidades Sustentáveis e Resilientes,Esgotamento Sanitário,Esgotamento Sanitário,OGU,OGU,2024,ES,JOAO NEIVA,Sudeste,"56000003136/2023",Seleção Normal,530764.15,0,530764.15,selecionada,,Novo PAC - Seleção,"769, de 2024",https://www.in.gov.br/en/web/dou/-/portaria-mcid-n-769-de-26-de-julho-de-2024-574546917
S-718,Cidades Sustentáveis e Resilientes,Esgotamento Sanitário,Esgotamento Sanitário,OGU,OGU,2024,SC,LUZERNA,Sul,"56000003350/2023",Seleção Normal,1251526.41,0,1251526.41,selecionada,,Novo PAC - Seleção,"769, de 2024",https://www.in.gov.br/en/web/dou/-/portaria-mcid-n-769-de-26-de-julho-de-2024-574546917
S-719,Cidades Sustentáveis e Resilientes,Esgotamento Sanitário,Esgotamento Sanitário,OGU,OGU,2024,PA,MUANA,Norte,"56000003412/2023",Seleção Normal,6798335.5,0,6798335.5,selecionada,,Novo PAC - Seleção,"769, de 2024",https://www.in.gov.br/en/web/dou/-/portaria-mcid-n-769-de-26-de-julho-de-2024-574546917
S-720,Cidades Sustentáveis e Resilientes,Esgotamento Sanitário,Esgotamento Sanitário,OGU,OGU,2024,PA,PICARRA,Norte,"56000003454/2023",Seleção Normal,7430000,0,7430000,selecionada,,Novo PAC - Seleção,"769, de 2024",https://www.in.gov.br/en/web/dou/-/portaria-mcid-n-769-de-26-de-julho-de-2024-574546917
S-721,Cidades Sustentáveis e Resilientes,Esgotamento Sanitário,Esgotamento Sanitário,OGU,OGU,2024,PA,CACHOEIRA DO ARARI,Norte,"56000003529/2023",Seleção Normal,3327447.2,0,3327447.2,selecionada,,Novo PAC - Seleção,"769, de 2024",https://www.in.gov.br/en/web/dou/-/portaria-mcid-n-769-de-26-de-julho-de-2024-574546917
S-722,Cidades Sustentáveis e Resilientes,Esgotamento Sanitário,Esgotamento Sanitário,OGU,OGU,2024,MA,NOVA OLINDA DO MARANHAO,Nordeste,"56000003625/2023",Seleção Normal,45823933.77,0,45823933.77,selecionada,,Novo PAC - Seleção,"769, de 2024",https://www.in.gov.br/en/web/dou/-/portaria-mcid-n-769-de-26-de-julho-de-2024-574546917
S-723,Cidades Sustentáveis e Resilientes,Esgotamento Sanitário,Esgotamento Sanitário,OGU,OGU,2024,CE,ICAPUI,Nordeste,"56000003706/2023",Seleção Normal,28724171.01,0,28724171.01,selecionada,,Novo PAC - Seleção,"769, de 2024",https://www.in.gov.br/en/web/dou/-/portaria-mcid-n-769-de-26-de-julho-de-2024-574546917
S-724,Cidades Sustentáveis e Resilientes,Esgotamento Sanitário,Esgotamento Sanitário,OGU,OGU,2024,SC,OURO,Sul,"56000003985/2023",Seleção Normal,8174944.68,0,8174944.68,selecionada,,Novo PAC - Seleção,"769, de 2024",https://www.in.gov.br/en/web/dou/-/portaria-mcid-n-769-de-26-de-julho-de-2024-574546917
S-725,Cidades Sustentáveis e Resilientes,Esgotamento Sanitário,Esgotamento Sanitário,OGU,OGU,2024,AC,RIO BRANCO,Norte,"56000004318/2023",Seleção Normal,1095800.51,0,1095800.51,selecionada,,Novo PAC - Seleção,"769, de 2024",https://www.in.gov.br/en/web/dou/-/portaria-mcid-n-769-de-26-de-julho-de-2024-574546917
S-726,Cidades Sustentáveis e Resilientes,Mobilidade Urbana Sustentável,Renovação de Frota,FIN,FGTS,2026,PR,Toledo,Sul,carta consulta 199/2025,Seleção Normal,0,15766516,15766516,selecionada,Setor Privado,Novo PAC - Seleção,"75, de 2026",https://www.in.gov.br/web/dou/-/portaria-mcid-n-75-de-23-de-janeiro-de-2026-684169623
S-727,Cidades Sustentáveis e Resilientes,Mobilidade Urbana Sustentável,Renovação de Frota,FIN,FGTS,2026,SP,São José do Rio Preto,Sudeste,carta consulta 202/2025,Seleção Normal,0,24000000,24000000,selecionada,Setor Privado,Novo PAC - Seleção,"166, de 2026",https://www.in.gov.br/web/dou/-/portaria-mcid-n-166-de-20-de-fevereiro-de-2026-688417439
S-728,Cidades Sustentáveis e Resilientes,Mobilidade Urbana Sustentável,Renovação de Frota,FIN,FGTS,2026,PR,"Curitiba, Colombo e Bocaiuva do Sul",Sul,carta consulta 04/2026,Seleção Normal,0,46423564,46423564,selecionada,Setor Privado,Novo PAC - Seleção,"168, de 2026",https://www.in.gov.br/web/dou/-/portaria-mcid-n-168-de-20-de-fevereiro-de-2026-688408409
S-729,Cidades Sustentáveis e Resilientes,Prevenção a Desastres,Drenagem Urbana,OGU,OGU,2025,BA,CAMACARI,Nordeste,"56000001300/2025",Seleção Normal,125000000,0,125000000,selecionada,,Novo PAC - Seleção,"1.083, de 2025",https://www.in.gov.br/en/web/dou/-/portaria-mcid-n-1.083-de-18-de-setembro-de-2025-657673658
S-730,Cidades Sustentáveis e Resilientes,Prevenção a Desastres,Drenagem Urbana,OGU,OGU,2025,AM,COARI,Norte,"56000001752/2025",Seleção Normal,10000000,0,10000000,selecionada,,Novo PAC - Seleção,"1.083, de 2025",https://www.in.gov.br/en/web/dou/-/portaria-mcid-n-1.083-de-18-de-setembro-de-2025-657673658
S-731,Cidades Sustentáveis e Resilientes,Prevenção a Desastres,Drenagem Urbana,OGU,OGU,2025,AP,MACAPA,Norte,"56000001322/2025",Seleção Normal,30000000,0,30000000,selecionada,,Novo PAC - Seleção,"1.083, de 2025",https://www.in.gov.br/en/web/dou/-/portaria-mcid-n-1.083-de-18-de-setembro-de-2025-657673658
S-732,Cidades Sustentáveis e Resilientes,Prevenção a Desastres,Drenagem Urbana,OGU,OGU,2025,BA,JACOBINA,Nordeste,"56000000412/2025",Seleção Normal,49131424.01,0,49131424.01,selecionada,,Novo PAC - Seleção,"1.083, de 2025",https://www.in.gov.br/en/web/dou/-/portaria-mcid-n-1.083-de-18-de-setembro-de-2025-657673658
S-733,Cidades Sustentáveis e Resilientes,Prevenção a Desastres,Drenagem Urbana,OGU,OGU,2025,PA,SAO DOMINGOS DO CAPIM,Norte,"56000000761/2025",Seleção Normal,10000000,0,10000000,selecionada,,Novo PAC - Seleção,"1.083, de 2025",https://www.in.gov.br/en/web/dou/-/portaria-mcid-n-1.083-de-18-de-setembro-de-2025-657673658
S-734,Cidades Sustentáveis e Resilientes,Prevenção a Desastres,Drenagem Urbana,OGU,OGU,2025,PA,XINGUARA,Norte,"56000001741/2025",Seleção Normal,14000000,0,14000000,selecionada,,Novo PAC - Seleção,"1.083, de 2025",https://www.in.gov.br/en/web/dou/-/portaria-mcid-n-1.083-de-18-de-setembro-de-2025-657673658
S-735,Cidades Sustentáveis e Resilientes,Prevenção a Desastres,Drenagem Urbana,OGU,OGU,2025,PE,ESTADO DE PERNAMBUCO,Nordeste,"56000001383/2025",Seleção Normal,44407000,0,44407000,selecionada,,Novo PAC - Seleção,"1.083, de 2025",https://www.in.gov.br/en/web/dou/-/portaria-mcid-n-1.083-de-18-de-setembro-de-2025-657673658
S-736,Cidades Sustentáveis e Resilientes,Prevenção a Desastres,Drenagem Urbana,OGU,OGU,2025,PE,SERRA TALHADA,Nordeste,"56000002424/2025",Seleção Normal,28168741.24,0,28168741.24,selecionada,,Novo PAC - Seleção,"1.083, de 2025",https://www.in.gov.br/en/web/dou/-/portaria-mcid-n-1.083-de-18-de-setembro-de-2025-657673658
S-737,Cidades Sustentáveis e Resilientes,Prevenção a Desastres,Drenagem Urbana,OGU,OGU,2025,PI,SAO RAIMUNDO NONATO,Nordeste,"56000001920/2025",Seleção Normal,47000000,0,47000000,selecionada,,Novo PAC - Seleção,"1.083, de 2025",https://www.in.gov.br/en/web/dou/-/portaria-mcid-n-1.083-de-18-de-setembro-de-2025-657673658
S-738,Cidades Sustentáveis e Resilientes,Prevenção a Desastres,Drenagem Urbana,OGU,OGU,2025,RJ,BELFORD ROXO,Sudeste,"56000000543/2025",Seleção Normal,30000000,0,30000000,selecionada,,Novo PAC - Seleção,"1.083, de 2025",https://www.in.gov.br/en/web/dou/-/portaria-mcid-n-1.083-de-18-de-setembro-de-2025-657673658
S-739,Cidades Sustentáveis e Resilientes,Prevenção a Desastres,Drenagem Urbana,OGU,OGU,2025,RJ,RIO DAS OSTRAS,Sudeste,"56000002134/2025",Seleção Normal,22706886.53,0,22706886.53,selecionada,,Novo PAC - Seleção,"1.083, de 2025",https://www.in.gov.br/en/web/dou/-/portaria-mcid-n-1.083-de-18-de-setembro-de-2025-657673658
S-740,Cidades Sustentáveis e Resilientes,Prevenção a Desastres,Drenagem Urbana,OGU,OGU,2025,RN,NATAL,Nordeste,"56000000216/2025",Seleção Normal,90000000,0,90000000,selecionada,,Novo PAC - Seleção,"1.083, de 2025",https://www.in.gov.br/en/web/dou/-/portaria-mcid-n-1.083-de-18-de-setembro-de-2025-657673658
S-741,Cidades Sustentáveis e Resilientes,Prevenção a Desastres,Drenagem Urbana,OGU,OGU,2025,RS,CRUZEIRO DO SUL,Sul,"56000000223/2025",Seleção Normal,12242563.78,0,12242563.78,selecionada,,Novo PAC - Seleção,"1.083, de 2025",https://www.in.gov.br/en/web/dou/-/portaria-mcid-n-1.083-de-18-de-setembro-de-2025-657673658
S-742,Cidades Sustentáveis e Resilientes,Prevenção a Desastres,Drenagem Urbana,OGU,OGU,2025,RS,PELOTAS,Sul,"56000001813/2025",Seleção Normal,23936635.67,0,23936635.67,selecionada,,Novo PAC - Seleção,"1.083, de 2025",https://www.in.gov.br/en/web/dou/-/portaria-mcid-n-1.083-de-18-de-setembro-de-2025-657673658
S-743,Cidades Sustentáveis e Resilientes,Prevenção a Desastres,Drenagem Urbana,OGU,OGU,2025,RS,RIO GRANDE,Sul,"56000002363/2025",Seleção Normal,42430169.21,0,42430169.21,selecionada,,Novo PAC - Seleção,"1.083, de 2025",https://www.in.gov.br/en/web/dou/-/portaria-mcid-n-1.083-de-18-de-setembro-de-2025-657673658
S-744,Cidades Sustentáveis e Resilientes,Prevenção a Desastres,Drenagem Urbana,OGU,OGU,2025,SC,FLORIANOPOLIS,Sul,"56000001845/2025",Seleção Normal,19238500.14,0,19238500.14,selecionada,,Novo PAC - Seleção,"1.083, de 2025",https://www.in.gov.br/en/web/dou/-/portaria-mcid-n-1.083-de-18-de-setembro-de-2025-657673658
S-745,Cidades Sustentáveis e Resilientes,Prevenção a Desastres,Drenagem Urbana,OGU,OGU,2025,SP,APIAI,Sudeste,"56000000352/2025",Seleção Normal,31190399.33,0,31190399.33,selecionada,,Novo PAC - Seleção,"1.083, de 2025",https://www.in.gov.br/en/web/dou/-/portaria-mcid-n-1.083-de-18-de-setembro-de-2025-657673658
S-746,Cidades Sustentáveis e Resilientes,Prevenção a Desastres,Drenagem Urbana,OGU,OGU,2025,SP,DIADEMA,Sudeste,"56000001498/2025",Seleção Normal,13752691.07,0,13752691.07,selecionada,,Novo PAC - Seleção,"1.083, de 2025",https://www.in.gov.br/en/web/dou/-/portaria-mcid-n-1.083-de-18-de-setembro-de-2025-657673658
S-747,Cidades Sustentáveis e Resilientes,Prevenção a Desastres,Drenagem Urbana,OGU,OGU,2025,SP,JACAREI,Sudeste,"56000001547/2025",Seleção Normal,21204792.02,0,21204792.02,selecionada,,Novo PAC - Seleção,"1.083, de 2025",https://www.in.gov.br/en/web/dou/-/portaria-mcid-n-1.083-de-18-de-setembro-de-2025-657673658
S-748,Cidades Sustentáveis e Resilientes,Prevenção a Desastres,Drenagem Urbana,OGU,OGU,2025,SP,SAO CARLOS,Sudeste,"56000001439/2025",Seleção Normal,10225198.74,0,10225198.74,selecionada,,Novo PAC - Seleção,"1.083, de 2025",https://www.in.gov.br/en/web/dou/-/portaria-mcid-n-1.083-de-18-de-setembro-de-2025-657673658
S-749,Cidades Sustentáveis e Resilientes,Prevenção a Desastres,Contenção de Encostas,OGU,OGU,2025,AL,CORURIPE,Nordeste,"56000000221/2025",Seleção Normal,4044629.7,0,4044629.7,selecionada,,Novo PAC - Seleção,"1.075, de 2025",https://www.in.gov.br/en/web/dou/-/portaria-n-1.075-de-17-de-setembro-de-2025-657769071
S-750,Cidades Sustentáveis e Resilientes,Prevenção a Desastres,Contenção de Encostas,OGU,OGU,2025,BA,SALVADOR,Nordeste,"56000000359/2025",Seleção Normal,59251888.43,0,59251888.43,selecionada,,Novo PAC - Seleção,"1.075, de 2025",https://www.in.gov.br/en/web/dou/-/portaria-n-1.075-de-17-de-setembro-de-2025-657769071
S-751,Cidades Sustentáveis e Resilientes,Prevenção a Desastres,Contenção de Encostas,OGU,OGU,2025,BA,IBICARAI,Nordeste,"56000001873/2025",Seleção Normal,563340.28,0,563340.28,selecionada,,Novo PAC - Seleção,"1.075, de 2025",https://www.in.gov.br/en/web/dou/-/portaria-n-1.075-de-17-de-setembro-de-2025-657769071
S-752,Cidades Sustentáveis e Resilientes,Prevenção a Desastres,Contenção de Encostas,OGU,OGU,2025,BA,SALVADOR,Nordeste,"56000001978/2025",Seleção Normal,46443482.12,0,46443482.12,selecionada,,Novo PAC - Seleção,"1.075, de 2025",https://www.in.gov.br/en/web/dou/-/portaria-n-1.075-de-17-de-setembro-de-2025-657769071
S-753,Cidades Sustentáveis e Resilientes,Prevenção a Desastres,Drenagem Urbana,OGU,OGU,2025,CE,CAUCAIA,Nordeste,"56000000769/2025",Seleção Normal,85615302.76,0,85615302.76,selecionada,,Novo PAC - Seleção,"1.083, de 2025",https://www.in.gov.br/en/web/dou/-/portaria-mcid-n-1.083-de-18-de-setembro-de-2025-657673658
S-754,Cidades Sustentáveis e Resilientes,Prevenção a Desastres,Drenagem Urbana,OGU,OGU,2025,CE,JUAZEIRO DO NORTE,Nordeste,"56000000272/2025",Seleção Normal,13034723.05,0,13034723.05,selecionada,,Novo PAC - Seleção,"1.083, de 2025",https://www.in.gov.br/en/web/dou/-/portaria-mcid-n-1.083-de-18-de-setembro-de-2025-657673658
S-755,Cidades Sustentáveis e Resilientes,Prevenção a Desastres,Drenagem Urbana,OGU,OGU,2025,ES,VILA VELHA,Sudeste,"56000002234/2025",Seleção Normal,50400000,0,50400000,selecionada,,Novo PAC - Seleção,"1.083, de 2025",https://www.in.gov.br/en/web/dou/-/portaria-mcid-n-1.083-de-18-de-setembro-de-2025-657673658
S-756,Cidades Sustentáveis e Resilientes,Prevenção a Desastres,Drenagem Urbana,OGU,OGU,2025,MA,ARAME,Nordeste,"56000000334/2025",Seleção Normal,29658154.2,0,29658154.2,selecionada,,Novo PAC - Seleção,"1.083, de 2025",https://www.in.gov.br/en/web/dou/-/portaria-mcid-n-1.083-de-18-de-setembro-de-2025-657673658
S-757,Cidades Sustentáveis e Resilientes,Prevenção a Desastres,Drenagem Urbana,OGU,OGU,2025,MA,IMPERATRIZ,Nordeste,"56000000823/2025",Seleção Normal,19800000,0,19800000,selecionada,,Novo PAC - Seleção,"1.083, de 2025",https://www.in.gov.br/en/web/dou/-/portaria-mcid-n-1.083-de-18-de-setembro-de-2025-657673658
S-758,Cidades Sustentáveis e Resilientes,Prevenção a Desastres,Drenagem Urbana,OGU,OGU,2025,MG,CONTAGEM,Sudeste,"56000000433/2025",Seleção Normal,80231383.47,0,80231383.47,selecionada,,Novo PAC - Seleção,"1.083, de 2025",https://www.in.gov.br/en/web/dou/-/portaria-mcid-n-1.083-de-18-de-setembro-de-2025-657673658
S-759,Cidades Sustentáveis e Resilientes,Prevenção a Desastres,Drenagem Urbana,OGU,OGU,2025,MS,TRES LAGOAS,Centro-Oeste,"56000001642/2025",Seleção Normal,25137265.06,0,25137265.06,selecionada,,Novo PAC - Seleção,"1.083, de 2025",https://www.in.gov.br/en/web/dou/-/portaria-mcid-n-1.083-de-18-de-setembro-de-2025-657673658
S-760,Cidades Sustentáveis e Resilientes,Prevenção a Desastres,Drenagem Urbana,OGU,OGU,2025,PA,ACARA,Norte,"56000001350/2025",Seleção Normal,10000000,0,10000000,selecionada,,Novo PAC - Seleção,"1.083, de 2025",https://www.in.gov.br/en/web/dou/-/portaria-mcid-n-1.083-de-18-de-setembro-de-2025-657673658
S-761,Cidades Sustentáveis e Resilientes,Prevenção a Desastres,Drenagem Urbana,OGU,OGU,2025,PA,BENEVIDES,Norte,"56000007789/2025",Seleção Normal,30000000,0,30000000,selecionada,,Novo PAC - Seleção,"1.083, de 2025",https://www.in.gov.br/en/web/dou/-/portaria-mcid-n-1.083-de-18-de-setembro-de-2025-657673658
S-762,Cidades Sustentáveis e Resilientes,Prevenção a Desastres,Drenagem Urbana,OGU,OGU,2025,PA,CASTANHAL,Norte,"56000000024/2025",Seleção Normal,35000000,0,35000000,selecionada,,Novo PAC - Seleção,"1.083, de 2025",https://www.in.gov.br/en/web/dou/-/portaria-mcid-n-1.083-de-18-de-setembro-de-2025-657673658
S-763,Cidades Sustentáveis e Resilientes,Prevenção a Desastres,Drenagem Urbana,OGU,OGU,2025,PA,MARITUBA,Norte,"56000000883/2025",Seleção Normal,28429928.09,0,28429928.09,selecionada,,Novo PAC - Seleção,"1.083, de 2025",https://www.in.gov.br/en/web/dou/-/portaria-mcid-n-1.083-de-18-de-setembro-de-2025-657673658
S-764,Cidades Sustentáveis e Resilientes,Prevenção a Desastres,Drenagem Urbana,OGU,OGU,2025,PA,OBIDOS,Norte,"56000000179/2025",Seleção Normal,15000000,0,15000000,selecionada,,Novo PAC - Seleção,"1.083, de 2025",https://www.in.gov.br/en/web/dou/-/portaria-mcid-n-1.083-de-18-de-setembro-de-2025-657673658
S-765,Cidades Sustentáveis e Resilientes,Prevenção a Desastres,Drenagem Urbana,OGU,OGU,2025,PA,ULIANOPOLIS,Norte,"56000001675/2025",Seleção Normal,14936737.24,0,14936737.24,selecionada,,Novo PAC - Seleção,"1.083, de 2025",https://www.in.gov.br/en/web/dou/-/portaria-mcid-n-1.083-de-18-de-setembro-de-2025-657673658
S-766,Cidades Sustentáveis e Resilientes,Prevenção a Desastres,Drenagem Urbana,OGU,OGU,2025,PB,CABEDELO,Nordeste,"56000000912/2025",Seleção Normal,27516671.62,0,27516671.62,selecionada,,Novo PAC - Seleção,"1.083, de 2025",https://www.in.gov.br/en/web/dou/-/portaria-mcid-n-1.083-de-18-de-setembro-de-2025-657673658
S-767,Cidades Sustentáveis e Resilientes,Prevenção a Desastres,Drenagem Urbana,OGU,OGU,2025,PE,FLORESTA,Nordeste,"56000002133/2025",Seleção Normal,12524047.76,0,12524047.76,selecionada,,Novo PAC - Seleção,"1.083, de 2025",https://www.in.gov.br/en/web/dou/-/portaria-mcid-n-1.083-de-18-de-setembro-de-2025-657673658
S-768,Cidades Sustentáveis e Resilientes,Prevenção a Desastres,Drenagem Urbana,OGU,OGU,2025,PE,VITORIA DE SANTO ANTAO,Nordeste,"56000002265/2025",Seleção Normal,38894019.16,0,38894019.16,selecionada,,Novo PAC - Seleção,"1.083, de 2025",https://www.in.gov.br/en/web/dou/-/portaria-mcid-n-1.083-de-18-de-setembro-de-2025-657673658
S-769,Cidades Sustentáveis e Resilientes,Prevenção a Desastres,Drenagem Urbana,OGU,OGU,2025,PR,ALMIRANTE TAMANDARE,Sul,"56000001948/2025",Seleção Normal,79374468.95,0,79374468.95,selecionada,,Novo PAC - Seleção,"1.083, de 2025",https://www.in.gov.br/en/web/dou/-/portaria-mcid-n-1.083-de-18-de-setembro-de-2025-657673658
S-770,Cidades Sustentáveis e Resilientes,Prevenção a Desastres,Drenagem Urbana,OGU,OGU,2025,RJ,CAMBUCI,Sudeste,"56000000449/2025",Seleção Normal,15700000,0,15700000,selecionada,,Novo PAC - Seleção,"1.083, de 2025",https://www.in.gov.br/en/web/dou/-/portaria-mcid-n-1.083-de-18-de-setembro-de-2025-657673658
S-771,Cidades Sustentáveis e Resilientes,Prevenção a Desastres,Drenagem Urbana,OGU,OGU,2025,RJ,SANTO ANTONIO DE PADUA,Sudeste,"56000000908/2025",Seleção Normal,11000000,0,11000000,selecionada,,Novo PAC - Seleção,"1.083, de 2025",https://www.in.gov.br/en/web/dou/-/portaria-mcid-n-1.083-de-18-de-setembro-de-2025-657673658
S-772,Cidades Sustentáveis e Resilientes,Prevenção a Desastres,Drenagem Urbana,OGU,OGU,2025,RO,PORTO VELHO,Norte,"56000001773/2025",Seleção Normal,90000000,0,90000000,selecionada,,Novo PAC - Seleção,"1.083, de 2025",https://www.in.gov.br/en/web/dou/-/portaria-mcid-n-1.083-de-18-de-setembro-de-2025-657673658
S-773,Cidades Sustentáveis e Resilientes,Resíduos Sólidos,Resíduos Sólidos,OGU,OGU,2025,AP,VITORIA DO JARI,Norte,"56000008384/2025",Seleção Normal,3063060,,3063060,selecionada,Setor Público,Novo PAC - Seleção,"1.488, de 2025",https://in.gov.br/web/dou/-/portaria-mcid-n-1.488-de-24-de-dezembro-de-2025-678071129
S-774,Cidades Sustentáveis e Resilientes,Resíduos Sólidos,Resíduos Sólidos,OGU,OGU,2025,MA,SAO JOSE DOS BASILIOS,Nordeste,"56000008417/2025",Seleção Normal,15352000,,15352000,selecionada,Setor Público,Novo PAC - Seleção,"1.488, de 2025",https://in.gov.br/web/dou/-/portaria-mcid-n-1.488-de-24-de-dezembro-de-2025-678071129
S-775,Cidades Sustentáveis e Resilientes,Resíduos Sólidos,Resíduos Sólidos,OGU,OGU,2025,MT,DIAMANTINO,Centro-Oeste,"56000008340/2025",Seleção Normal,12555875,,12555875,selecionada,Setor Público,Novo PAC - Seleção,"1.488, de 2025",https://in.gov.br/web/dou/-/portaria-mcid-n-1.488-de-24-de-dezembro-de-2025-678071129
S-776,Cidades Sustentáveis e Resilientes,Prevenção a Desastres,Drenagem Urbana,OGU,OGU,2025,BA,ITABUNA,Nordeste,"56000001517/2025",Seleção Normal,31200000,0,31200000,selecionada,,Novo PAC - Seleção,"1.083, de 2025",https://www.in.gov.br/en/web/dou/-/portaria-mcid-n-1.083-de-18-de-setembro-de-2025-657673658
S-777,Cidades Sustentáveis e Resilientes,Resíduos Sólidos,Resíduos Sólidos,OGU,OGU,2025,PB,JOAO PESSOA,Nordeste,"56000008448/2025",Seleção Normal,4850000,,4850000,selecionada,Setor Público,Novo PAC - Seleção,"1.488, de 2025",https://in.gov.br/web/dou/-/portaria-mcid-n-1.488-de-24-de-dezembro-de-2025-678071129
S-778,Cidades Sustentáveis e Resilientes,Resíduos Sólidos,Resíduos Sólidos,OGU,OGU,2025,PR,FAXINAL,Sul,"56000008574/2025",Seleção Normal,3000000,,3000000,selecionada,Setor Público,Novo PAC - Seleção,"1.488, de 2025",https://in.gov.br/web/dou/-/portaria-mcid-n-1.488-de-24-de-dezembro-de-2025-678071129
S-779,Cidades Sustentáveis e Resilientes,Resíduos Sólidos,Resíduos Sólidos,OGU,OGU,2025,RJ,TERESOPOLIS,Sudeste,"56000008402/2025",Seleção Normal,4500000,,4500000,selecionada,Setor Público,Novo PAC - Seleção,"1.488, de 2025",https://in.gov.br/web/dou/-/portaria-mcid-n-1.488-de-24-de-dezembro-de-2025-678071129
S-780,Cidades Sustentáveis e Resilientes,Resíduos Sólidos,Resíduos Sólidos,OGU,OGU,2025,SC,ESTADO DE SC,Sul,"56000008368/2025",Seleção Normal,9980000,,9980000,selecionada,Setor Público,Novo PAC - Seleção,"1.488, de 2025",https://in.gov.br/web/dou/-/portaria-mcid-n-1.488-de-24-de-dezembro-de-2025-678071129
S-781,Cidades Sustentáveis e Resilientes,Resíduos Sólidos,Resíduos Sólidos,OGU,OGU,2025,SP,ANALANDIA,Sudeste,"56000008557/2025",Seleção Normal,1700000,,1700000,selecionada,Setor Público,Novo PAC - Seleção,"1.488, de 2025",https://in.gov.br/web/dou/-/portaria-mcid-n-1.488-de-24-de-dezembro-de-2025-678071129
S-782,Cidades Sustentáveis e Resilientes,Resíduos Sólidos,Resíduos Sólidos,OGU,OGU,2025,SP,PORTO FERREIRA,Sudeste,"56000008369/2025",Seleção Normal,700000,,700000,selecionada,Setor Público,Novo PAC - Seleção,"1.488, de 2025",https://in.gov.br/web/dou/-/portaria-mcid-n-1.488-de-24-de-dezembro-de-2025-678071129
S-783,Cidades Sustentáveis e Resilientes,Esgotamento Sanitário,Esgotamento Sanitário,OGU,OGU,2024,RJ,RIO DAS FLORES,Sudeste,"56000004380/2023",Seleção Normal,10000000,0,10000000,selecionada,,Novo PAC - Seleção,"769, de 2024",https://www.in.gov.br/en/web/dou/-/portaria-mcid-n-769-de-26-de-julho-de-2024-574546917
S-784,Cidades Sustentáveis e Resilientes,Esgotamento Sanitário,Esgotamento Sanitário,OGU,OGU,2024,TO,MURICILANDIA,Norte,"56000004557/2023",Seleção Normal,9372186.11,0,9372186.11,selecionada,,Novo PAC - Seleção,"769, de 2024",https://www.in.gov.br/en/web/dou/-/portaria-mcid-n-769-de-26-de-julho-de-2024-574546917
S-785,Cidades Sustentáveis e Resilientes,Prevenção a Desastres,Drenagem Urbana,OGU,OGU,2025,AC,ESTADO DO ACRE,Norte,"56000001521/2025",Seleção Normal,21376069,0,21376069,selecionada,,Novo PAC - Seleção,"1.083, de 2025",https://www.in.gov.br/en/web/dou/-/portaria-mcid-n-1.083-de-18-de-setembro-de-2025-657673658
S-786,Cidades Sustentáveis e Resilientes,Prevenção a Desastres,Drenagem Urbana,OGU,OGU,2025,RJ,NOVA IGUACU,Sudeste,"56000001264/2025",Seleção Normal,49971314.87,0,49971314.87,selecionada,,Novo PAC - Seleção,"1.083, de 2025",https://www.in.gov.br/en/web/dou/-/portaria-mcid-n-1.083-de-18-de-setembro-de-2025-657673658
S-787,Cidades Sustentáveis e Resilientes,Prevenção a Desastres,Drenagem Urbana,OGU,OGU,2025,RS,DOM PEDRITO,Sul,"56000000027/2025",Seleção Normal,11226648.26,0,11226648.26,selecionada,,Novo PAC - Seleção,"1.083, de 2025",https://www.in.gov.br/en/web/dou/-/portaria-mcid-n-1.083-de-18-de-setembro-de-2025-657673658
S-788,Cidades Sustentáveis e Resilientes,Prevenção a Desastres,Drenagem Urbana,OGU,OGU,2025,RS,SANTA MARIA,Sul,"56000001665/2025",Seleção Normal,39622188.09,0,39622188.09,selecionada,,Novo PAC - Seleção,"1.083, de 2025",https://www.in.gov.br/en/web/dou/-/portaria-mcid-n-1.083-de-18-de-setembro-de-2025-657673658
S-789,Cidades Sustentáveis e Resilientes,Prevenção a Desastres,Drenagem Urbana,OGU,OGU,2025,SC,CONSORCIO INTERMUNICIPAL MULTIFINALITARIO DA REGIAO DA AMFRI - CIM-AMFRI,Sul,"56000000219/2025",Seleção Normal,73308077.77,0,73308077.77,selecionada,,Novo PAC - Seleção,"1.083, de 2025",https://www.in.gov.br/en/web/dou/-/portaria-mcid-n-1.083-de-18-de-setembro-de-2025-657673658
S-790,Cidades Sustentáveis e Resilientes,Prevenção a Desastres,Drenagem Urbana,OGU,OGU,2025,SC,IMBITUBA,Sul,"56000000564/2025",Seleção Normal,16304094.79,0,16304094.79,selecionada,,Novo PAC - Seleção,"1.083, de 2025",https://www.in.gov.br/en/web/dou/-/portaria-mcid-n-1.083-de-18-de-setembro-de-2025-657673658
S-791,Cidades Sustentáveis e Resilientes,Prevenção a Desastres,Drenagem Urbana,OGU,OGU,2025,SP,BARUERI,Sudeste,"56000007718/2025",Seleção Normal,30000000,0,30000000,selecionada,,Novo PAC - Seleção,"1.083, de 2025",https://www.in.gov.br/en/web/dou/-/portaria-mcid-n-1.083-de-18-de-setembro-de-2025-657673658
S-792,Cidades Sustentáveis e Resilientes,Prevenção a Desastres,Drenagem Urbana,OGU,OGU,2025,SP,FERRAZ DE VASCONCELOS,Sudeste,"56000006792/2025",Seleção Normal,53103619.29,0,53103619.29,selecionada,,Novo PAC - Seleção,"1.083, de 2025",https://www.in.gov.br/en/web/dou/-/portaria-mcid-n-1.083-de-18-de-setembro-de-2025-657673658
S-793,Cidades Sustentáveis e Resilientes,Prevenção a Desastres,Drenagem Urbana,OGU,OGU,2025,SP,MARILIA,Sudeste,"56000001033/2025",Seleção Normal,42584825.1,0,42584825.1,selecionada,,Novo PAC - Seleção,"1.083, de 2025",https://www.in.gov.br/en/web/dou/-/portaria-mcid-n-1.083-de-18-de-setembro-de-2025-657673658
S-794,Cidades Sustentáveis e Resilientes,Prevenção a Desastres,Drenagem Urbana,OGU,OGU,2025,TO,ARAGUAINA,Norte,"56000000406/2025",Seleção Normal,26221896.01,0,26221896.01,selecionada,,Novo PAC - Seleção,"1.083, de 2025",https://www.in.gov.br/en/web/dou/-/portaria-mcid-n-1.083-de-18-de-setembro-de-2025-657673658
S-795,Cidades Sustentáveis e Resilientes,Prevenção a Desastres,Contenção de Encostas,OGU,OGU,2025,AL,MACEIO,Nordeste,"56000000778/2025",Seleção Normal,2695680,0,2695680,selecionada,,Novo PAC - Seleção,"1.075, de 2025",https://www.in.gov.br/en/web/dou/-/portaria-n-1.075-de-17-de-setembro-de-2025-657769071
S-796,Cidades Sustentáveis e Resilientes,Prevenção a Desastres,Contenção de Encostas,OGU,OGU,2025,BA,CAMACAN,Nordeste,"56000001135/2025",Seleção Normal,845926.36,0,845926.36,selecionada,,Novo PAC - Seleção,"1.075, de 2025",https://www.in.gov.br/en/web/dou/-/portaria-n-1.075-de-17-de-setembro-de-2025-657769071
S-797,Cidades Sustentáveis e Resilientes,Prevenção a Desastres,Contenção de Encostas,OGU,OGU,2025,BA,ILHEUS,Nordeste,"56000000607/2025",Seleção Normal,1435300,0,1435300,selecionada,,Novo PAC - Seleção,"1.075, de 2025",https://www.in.gov.br/en/web/dou/-/portaria-n-1.075-de-17-de-setembro-de-2025-657769071
S-798,Cidades Sustentáveis e Resilientes,Prevenção a Desastres,Contenção de Encostas,OGU,OGU,2025,BA,TEOLANDIA,Nordeste,"56000001731/2025",Seleção Normal,576953,0,576953,selecionada,,Novo PAC - Seleção,"1.075, de 2025",https://www.in.gov.br/en/web/dou/-/portaria-n-1.075-de-17-de-setembro-de-2025-657769071
S-799,Cidades Sustentáveis e Resilientes,Prevenção a Desastres,Contenção de Encostas,OGU,OGU,2025,MA,SAO LUIS,Nordeste,"56000002034/2025",Seleção Normal,1695952.35,0,1695952.35,selecionada,,Novo PAC - Seleção,"1.075, de 2025",https://www.in.gov.br/en/web/dou/-/portaria-n-1.075-de-17-de-setembro-de-2025-657769071
S-800,Cidades Sustentáveis e Resilientes,Prevenção a Desastres,Contenção de Encostas,OGU,OGU,2025,PE,CAMARAGIBE,Nordeste,"56000001129/2025",Seleção Normal,7421037.72,0,7421037.72,selecionada,,Novo PAC - Seleção,"1.075, de 2025",https://www.in.gov.br/en/web/dou/-/portaria-n-1.075-de-17-de-setembro-de-2025-657769071
S-801,Cidades Sustentáveis e Resilientes,Prevenção a Desastres,Contenção de Encostas,OGU,OGU,2025,PE,RIBEIRAO,Nordeste,"56000000667/2025",Seleção Normal,2400000,0,2400000,selecionada,,Novo PAC - Seleção,"1.075, de 2025",https://www.in.gov.br/en/web/dou/-/portaria-n-1.075-de-17-de-setembro-de-2025-657769071
S-802,Cidades Sustentáveis e Resilientes,Prevenção a Desastres,Contenção de Encostas,OGU,OGU,2025,SE,ARACAJU,Nordeste,"56000000231/2025",Seleção Normal,4288200,0,4288200,selecionada,,Novo PAC - Seleção,"1.075, de 2025",https://www.in.gov.br/en/web/dou/-/portaria-n-1.075-de-17-de-setembro-de-2025-657769071
S-803,Cidades Sustentáveis e Resilientes,Prevenção a Desastres,Contenção de Encostas,OGU,OGU,2025,PA,ALMEIRIM,Norte,"56000000533/2025",Seleção Normal,11558081.85,0,11558081.85,selecionada,,Novo PAC - Seleção,"1.075, de 2025",https://www.in.gov.br/en/web/dou/-/portaria-n-1.075-de-17-de-setembro-de-2025-657769071
S-804,Cidades Sustentáveis e Resilientes,Prevenção a Desastres,Contenção de Encostas,OGU,OGU,2025,ES,CARIACICA,Sudeste,"56000000362/2025",Seleção Normal,18143766.97,0,18143766.97,selecionada,,Novo PAC - Seleção,"1.075, de 2025",https://www.in.gov.br/en/web/dou/-/portaria-n-1.075-de-17-de-setembro-de-2025-657769071
S-805,Cidades Sustentáveis e Resilientes,Prevenção a Desastres,Contenção de Encostas,OGU,OGU,2025,ES,SERRA,Sudeste,"56000000567/2025",Seleção Normal,21830363.26,0,21830363.26,selecionada,,Novo PAC - Seleção,"1.075, de 2025",https://www.in.gov.br/en/web/dou/-/portaria-n-1.075-de-17-de-setembro-de-2025-657769071
S-806,Cidades Sustentáveis e Resilientes,Prevenção a Desastres,Contenção de Encostas,OGU,OGU,2025,MG,ALEM PARAIBA,Sudeste,"56000000459/2025",Seleção Normal,35713571.39,0,35713571.39,selecionada,,Novo PAC - Seleção,"1.075, de 2025",https://www.in.gov.br/en/web/dou/-/portaria-n-1.075-de-17-de-setembro-de-2025-657769071
S-807,Cidades Sustentáveis e Resilientes,Prevenção a Desastres,Contenção de Encostas,OGU,OGU,2025,MG,JUIZ DE FORA,Sudeste,"56000000758/2025",Seleção Normal,8579208.5,0,8579208.5,selecionada,,Novo PAC - Seleção,"1.075, de 2025",https://www.in.gov.br/en/web/dou/-/portaria-n-1.075-de-17-de-setembro-de-2025-657769071
S-808,Cidades Sustentáveis e Resilientes,Prevenção a Desastres,Contenção de Encostas,OGU,OGU,2025,RJ,SAO JOAO DO MERITI,Sudeste,"56000000887/2025",Seleção Normal,5999191.47,0,5999191.47,selecionada,,Novo PAC - Seleção,"1.075, de 2025",https://www.in.gov.br/en/web/dou/-/portaria-n-1.075-de-17-de-setembro-de-2025-657769071
S-809,Cidades Sustentáveis e Resilientes,Prevenção a Desastres,Contenção de Encostas,OGU,OGU,2025,RJ,NITEROI,Sudeste,"56000000903/2025",Seleção Normal,4500000,0,4500000,selecionada,,Novo PAC - Seleção,"1.075, de 2025",https://www.in.gov.br/en/web/dou/-/portaria-n-1.075-de-17-de-setembro-de-2025-657769071
S-810,Cidades Sustentáveis e Resilientes,Prevenção a Desastres,Contenção de Encostas,OGU,OGU,2025,RJ,QUEIMADOS,Sudeste,"56000000547/2025",Seleção Normal,1257976.82,0,1257976.82,selecionada,,Novo PAC - Seleção,"1.075, de 2025",https://www.in.gov.br/en/web/dou/-/portaria-n-1.075-de-17-de-setembro-de-2025-657769071
S-811,Cidades Sustentáveis e Resilientes,Prevenção a Desastres,Contenção de Encostas,OGU,OGU,2025,SP,GUARUJA,Sudeste,"56000001363/2025",Seleção Normal,33867443.89,0,33867443.89,selecionada,,Novo PAC - Seleção,"1.075, de 2025",https://www.in.gov.br/en/web/dou/-/portaria-n-1.075-de-17-de-setembro-de-2025-657769071
S-812,Cidades Sustentáveis e Resilientes,Prevenção a Desastres,Contenção de Encostas,OGU,OGU,2025,SP,ITAQUAQUECETUBA,Sudeste,"56000001447/2025",Seleção Normal,3494145.13,0,3494145.13,selecionada,,Novo PAC - Seleção,"1.075, de 2025",https://www.in.gov.br/en/web/dou/-/portaria-n-1.075-de-17-de-setembro-de-2025-657769071
S-813,Cidades Sustentáveis e Resilientes,Prevenção a Desastres,Contenção de Encostas,OGU,OGU,2025,SP,SANTOS,Sudeste,"56000001584/2025",Seleção Normal,18135164.82,0,18135164.82,selecionada,,Novo PAC - Seleção,"1.075, de 2025",https://www.in.gov.br/en/web/dou/-/portaria-n-1.075-de-17-de-setembro-de-2025-657769071
S-814,Cidades Sustentáveis e Resilientes,Prevenção a Desastres,Contenção de Encostas,OGU,OGU,2025,SP,SAO SEBASTIAO,Sudeste,"56000001424/2025",Seleção Normal,8825273.43,0,8825273.43,selecionada,,Novo PAC - Seleção,"1.075, de 2025",https://www.in.gov.br/en/web/dou/-/portaria-n-1.075-de-17-de-setembro-de-2025-657769071
S-815,Cidades Sustentáveis e Resilientes,Prevenção a Desastres,Contenção de Encostas,OGU,OGU,2025,RS,CANELA,Sul,"56000001917/2025",Seleção Normal,1470000,0,1470000,selecionada,,Novo PAC - Seleção,"1.075, de 2025",https://www.in.gov.br/en/web/dou/-/portaria-n-1.075-de-17-de-setembro-de-2025-657769071
S-816,Cidades Sustentáveis e Resilientes,Prevenção a Desastres,Contenção de Encostas,OGU,OGU,2025,RS,TRES COROAS,Sul,"56000001804/2025",Seleção Normal,15212273.65,0,15212273.65,selecionada,,Novo PAC - Seleção,"1.075, de 2025",https://www.in.gov.br/en/web/dou/-/portaria-n-1.075-de-17-de-setembro-de-2025-657769071
S-817,Cidades Sustentáveis e Resilientes,Prevenção a Desastres,Contenção de Encostas,OGU,OGU,2025,SC,JOINVILLE,Sul,"56000001185/2025",Seleção Normal,1243481.4,0,1243481.4,selecionada,,Novo PAC - Seleção,"1.075, de 2025",https://www.in.gov.br/en/web/dou/-/portaria-n-1.075-de-17-de-setembro-de-2025-657769071
S-818,Cidades Sustentáveis e Resilientes,Minha Casa Minha Vida MCMV,MCMV FNHIS,OGU,OGU,2024,RS,DIVERSOS,Sul,MCMVFNHIS/2024,Calamidade RS,56500000,0,56500000,selecionada,,Novo PAC - Seleção,NA,
S-819,Cidades Sustentáveis e Resilientes,Mobilidade Urbana Sustentável,Médias e Grandes Cidades,FIN,BNDES,2024,DF ,BRASILIA,Centro-Oeste,GOV06,Governadores,0,400000000,400000000,selecionada,,Novo PAC - Seleção,NA,
S-820,Cidades Sustentáveis e Resilientes,Mobilidade Urbana Sustentável,Renovação de Frota,FIN,FGTS,2024,SP,RIBEIRAO PRETO,Sudeste,"56000001317/2023",Seleção Normal,0,210000000,210000000,selecionada,Setor Público,Novo PAC - Seleção,"445, de 2024",https://www.in.gov.br/web/dou/-/portaria-mcid-n-445-de-7-de-maio-de-2024-558553015
S-821,Cidades Sustentáveis e Resilientes,Mobilidade Urbana Sustentável,Renovação de Frota,FIN,FGTS,2024,GO,VALPARAISO DE GOIAS,Centro-Oeste,"56000001128/2023",Seleção Normal,0,20000000,20000000,selecionada,Setor Público,Novo PAC - Seleção,"445, de 2024",https://www.in.gov.br/web/dou/-/portaria-mcid-n-445-de-7-de-maio-de-2024-558553015
S-822,Cidades Sustentáveis e Resilientes,Mobilidade Urbana Sustentável,Renovação de Frota,FIN,FGTS,2024,PR,CASCAVEL,Sul,"56000001454/2023",Seleção Normal,0,52776939,52776939,selecionada,Setor Público,Novo PAC - Seleção,"445, de 2024",https://www.in.gov.br/web/dou/-/portaria-mcid-n-445-de-7-de-maio-de-2024-558553015
S-823,Cidades Sustentáveis e Resilientes,Mobilidade Urbana Sustentável,Renovação de Frota,FIN,FGTS,2024,AL,MACEIO,Nordeste,"56000001971/2023",Seleção Normal,0,250000000,250000000,selecionada,Setor Público,Novo PAC - Seleção,"445, de 2024",https://www.in.gov.br/web/dou/-/portaria-mcid-n-445-de-7-de-maio-de-2024-558553015
S-824,Cidades Sustentáveis e Resilientes,Prevenção a Desastres,Drenagem Urbana,OGU,OGU,2025,RN,ASSU,Nordeste,"56000001882/2025",Seleção Normal,11867393.07,0,11867393.07,selecionada,,Novo PAC - Seleção,"1.083, de 2025",https://www.in.gov.br/en/web/dou/-/portaria-mcid-n-1.083-de-18-de-setembro-de-2025-657673658
S-825,Cidades Sustentáveis e Resilientes,Esgotamento Sanitário,Esgotamento Sanitário,OGU,OGU,2024,RJ,QUISSAMA,Sudeste,"56000004786/2023",Seleção Normal,15606792.38,0,15606792.38,selecionada,,Novo PAC - Seleção,"769, de 2024",https://www.in.gov.br/en/web/dou/-/portaria-mcid-n-769-de-26-de-julho-de-2024-574546917
S-826,Cidades Sustentáveis e Resilientes,Esgotamento Sanitário,Esgotamento Sanitário,OGU,OGU,2024,PR,NOVA FATIMA,Sul,"56000005046/2023",Seleção Normal,30663499,0,30663499,selecionada,,Novo PAC - Seleção,"769, de 2024",https://www.in.gov.br/en/web/dou/-/portaria-mcid-n-769-de-26-de-julho-de-2024-574546917
S-827,Cidades Sustentáveis e Resilientes,Esgotamento Sanitário,Esgotamento Sanitário,OGU,OGU,2024,SP,MURUTINGA DO SUL,Sudeste,"56000005259/2023",Seleção Normal,4208889.64,0,4208889.64,selecionada,,Novo PAC - Seleção,"769, de 2024",https://www.in.gov.br/en/web/dou/-/portaria-mcid-n-769-de-26-de-julho-de-2024-574546917
S-828,Cidades Sustentáveis e Resilientes,Esgotamento Sanitário,Esgotamento Sanitário,OGU,OGU,2024,PB,INGA,Nordeste,"56000005881/2023",Seleção Normal,5630458.51,0,5630458.51,selecionada,,Novo PAC - Seleção,"769, de 2024",https://www.in.gov.br/en/web/dou/-/portaria-mcid-n-769-de-26-de-julho-de-2024-574546917
S-829,Cidades Sustentáveis e Resilientes,Esgotamento Sanitário,Esgotamento Sanitário,OGU,OGU,2024,PI,BREJO DO PIAUI,Nordeste,"56000006012/2023",Seleção Normal,7036858.71,0,7036858.71,selecionada,,Novo PAC - Seleção,"769, de 2024",https://www.in.gov.br/en/web/dou/-/portaria-mcid-n-769-de-26-de-julho-de-2024-574546917
S-830,Cidades Sustentáveis e Resilientes,Esgotamento Sanitário,Esgotamento Sanitário,OGU,OGU,2024,PI,PATOS DO PIAUI,Nordeste,"56000006084/2023",Seleção Normal,9126326.23,0,9126326.23,selecionada,,Novo PAC - Seleção,"769, de 2024",https://www.in.gov.br/en/web/dou/-/portaria-mcid-n-769-de-26-de-julho-de-2024-574546917
S-831,Cidades Sustentáveis e Resilientes,Esgotamento Sanitário,Esgotamento Sanitário,OGU,OGU,2024,BA,CICERO DANTAS,Nordeste,"56000006274/2023",Seleção Normal,96921279.31,0,96921279.31,selecionada,,Novo PAC - Seleção,"769, de 2024",https://www.in.gov.br/en/web/dou/-/portaria-mcid-n-769-de-26-de-julho-de-2024-574546917
S-832,Cidades Sustentáveis e Resilientes,Esgotamento Sanitário,Esgotamento Sanitário,OGU,OGU,2024,PI,SIMPLICIO MENDES,Nordeste,"56000006425/2023",Seleção Normal,6652411.44,0,6652411.44,selecionada,,Novo PAC - Seleção,"769, de 2024",https://www.in.gov.br/en/web/dou/-/portaria-mcid-n-769-de-26-de-julho-de-2024-574546917
S-833,Cidades Sustentáveis e Resilientes,Esgotamento Sanitário,Esgotamento Sanitário,OGU,OGU,2024,MA,ITAPECURU MIRIM,Nordeste,"56000006511/2023",Seleção Normal,34707975,0,34707975,selecionada,,Novo PAC - Seleção,"769, de 2024",https://www.in.gov.br/en/web/dou/-/portaria-mcid-n-769-de-26-de-julho-de-2024-574546917
S-834,Cidades Sustentáveis e Resilientes,Mobilidade Urbana Sustentável,Renovação de Frota,FIN,FGTS,2026,RS,Ijuí,Sul,carta consulta 206/2025,Seleção Normal,0,4250000,4250000,selecionada,Setor Privado,Novo PAC - Seleção,"77, de 2026",https://www.in.gov.br/web/dou/-/portaria-mcid-n-89-de-27-de-janeiro-de-2026-684181747
S-835,Cidades Sustentáveis e Resilientes,Mobilidade Urbana Sustentável,Renovação de Frota,FIN,FGTS,2026,SE,"Aracaju, Nossa Senhora do Socorro e Barra dos Coqueiros",Nordeste,carta consulta 01/2026,Seleção Normal,0,19146428.75,19146428.75,selecionada,Setor Privado,Novo PAC - Seleção,"89, de 2026",https://www.in.gov.br/web/dou/-/portaria-mcid-n-89-de-27-de-janeiro-de-2026-684181747
S-836,Cidades Sustentáveis e Resilientes,Mobilidade Urbana Sustentável,Renovação de Frota,FIN,FGTS,2026,SP,Itapecerica da Serra e São Paulo,Sudeste,carta consulta 08/2026,Seleção Normal,0,47035550,47035550,selecionada,Setor Privado,Novo PAC - Seleção,"169, de 2026",https://www.in.gov.br/web/dou/-/portaria-mcid-n-169-de-20-de-fevereiro-de-2026-688408651
S-837,Cidades Sustentáveis e Resilientes,Periferia Viva,Regularização Fundiária,OGU,OGU,2024,PA,TOME-ACU,Norte,"56000002784/2023",Seleção Normal,1000000,0,1000000,selecionada,,Novo PAC - Seleção,"450, de 2024",https://www.in.gov.br/web/dou/-/portaria-mcid-n-450-de-7-de-maio-de-2024-558553649
S-838,Cidades Sustentáveis e Resilientes,Prevenção a Desastres,Drenagem Urbana,OGU,OGU,2025,AL,RIO LARGO,Nordeste,"56000000523/2025",Seleção Normal,16124679.98,0,16124679.98,selecionada,,Novo PAC - Seleção,"1.083, de 2025",https://www.in.gov.br/en/web/dou/-/portaria-mcid-n-1.083-de-18-de-setembro-de-2025-657673658
S-839,Cidades Sustentáveis e Resilientes,Prevenção a Desastres,Drenagem Urbana,OGU,OGU,2025,AM,MANAUS,Norte,"56000000781/2025",Seleção Normal,79861244.48,0,79861244.48,selecionada,,Novo PAC - Seleção,"1.083, de 2025",https://www.in.gov.br/en/web/dou/-/portaria-mcid-n-1.083-de-18-de-setembro-de-2025-657673658
S-840,Cidades Sustentáveis e Resilientes,Prevenção a Desastres,Drenagem Urbana,OGU,OGU,2025,BA,ESTADO DA BAHIA,Nordeste,"56000001639/2025",Seleção Normal,123990027.2,0,123990027.2,selecionada,,Novo PAC - Seleção,"1.083, de 2025",https://www.in.gov.br/en/web/dou/-/portaria-mcid-n-1.083-de-18-de-setembro-de-2025-657673658
S-841,Cidades Sustentáveis e Resilientes,Prevenção a Desastres,Drenagem Urbana,OGU,OGU,2025,BA,VALENCA,Nordeste,"56000002319/2025",Seleção Normal,33487488.21,0,33487488.21,selecionada,,Novo PAC - Seleção,"1.083, de 2025",https://www.in.gov.br/en/web/dou/-/portaria-mcid-n-1.083-de-18-de-setembro-de-2025-657673658
S-842,Cidades Sustentáveis e Resilientes,Prevenção a Desastres,Drenagem Urbana,OGU,OGU,2025,CE,CRATO,Nordeste,"56000001953/2025",Seleção Normal,10022528.47,0,10022528.47,selecionada,,Novo PAC - Seleção,"1.083, de 2025",https://www.in.gov.br/en/web/dou/-/portaria-mcid-n-1.083-de-18-de-setembro-de-2025-657673658
S-843,Cidades Sustentáveis e Resilientes,Prevenção a Desastres,Drenagem Urbana,OGU,OGU,2025,ES,SAO GABRIEL DA PALHA,Sudeste,"56000000873/2025",Seleção Normal,16760192.13,0,16760192.13,selecionada,,Novo PAC - Seleção,"1.083, de 2025",https://www.in.gov.br/en/web/dou/-/portaria-mcid-n-1.083-de-18-de-setembro-de-2025-657673658
S-844,Cidades Sustentáveis e Resilientes,Prevenção a Desastres,Drenagem Urbana,OGU,OGU,2025,GO,VALPARAISO DE GOIAS,Centro-Oeste,"56000001612/2025",Seleção Normal,50000000,0,50000000,selecionada,,Novo PAC - Seleção,"1.083, de 2025",https://www.in.gov.br/en/web/dou/-/portaria-mcid-n-1.083-de-18-de-setembro-de-2025-657673658
S-845,Cidades Sustentáveis e Resilientes,Prevenção a Desastres,Drenagem Urbana,OGU,OGU,2025,MA,BURITICUPU,Nordeste,"56000000636/2025",Seleção Normal,73025413.66,0,73025413.66,selecionada,,Novo PAC - Seleção,"1.083, de 2025",https://www.in.gov.br/en/web/dou/-/portaria-mcid-n-1.083-de-18-de-setembro-de-2025-657673658
S-846,Cidades Sustentáveis e Resilientes,Prevenção a Desastres,Drenagem Urbana,OGU,OGU,2025,MA,SANTA QUITERIA,Nordeste,"56000000527/2025",Seleção Normal,17735793.26,0,17735793.26,selecionada,,Novo PAC - Seleção,"1.083, de 2025",https://www.in.gov.br/en/web/dou/-/portaria-mcid-n-1.083-de-18-de-setembro-de-2025-657673658
S-847,Cidades Sustentáveis e Resilientes,Prevenção a Desastres,Drenagem Urbana,OGU,OGU,2025,MG,SANTA LUZIA,Sudeste,"56000001607/2025",Seleção Normal,33664298.27,0,33664298.27,selecionada,,Novo PAC - Seleção,"1.083, de 2025",https://www.in.gov.br/en/web/dou/-/portaria-mcid-n-1.083-de-18-de-setembro-de-2025-657673658
S-848,Cidades Sustentáveis e Resilientes,Prevenção a Desastres,Drenagem Urbana,OGU,OGU,2025,MT,SANTA TEREZINHA,Centro-Oeste,"56000002415/2025",Seleção Normal,15455377.66,0,15455377.66,selecionada,,Novo PAC - Seleção,"1.083, de 2025",https://www.in.gov.br/en/web/dou/-/portaria-mcid-n-1.083-de-18-de-setembro-de-2025-657673658
S-849,Cidades Sustentáveis e Resilientes,Prevenção a Desastres,Drenagem Urbana,OGU,OGU,2025,PA,ALTAMIRA,Norte,"56000000513/2025",Seleção Normal,25000000,0,25000000,selecionada,,Novo PAC - Seleção,"1.083, de 2025",https://www.in.gov.br/en/web/dou/-/portaria-mcid-n-1.083-de-18-de-setembro-de-2025-657673658
S-850,Cidades Sustentáveis e Resilientes,Prevenção a Desastres,Drenagem Urbana,OGU,OGU,2025,PA,CAPANEMA,Norte,"56000002090/2025",Seleção Normal,25000000,0,25000000,selecionada,,Novo PAC - Seleção,"1.083, de 2025",https://www.in.gov.br/en/web/dou/-/portaria-mcid-n-1.083-de-18-de-setembro-de-2025-657673658
S-851,Cidades Sustentáveis e Resilientes,Prevenção a Desastres,Drenagem Urbana,OGU,OGU,2025,PA,ITUPIRANGA,Norte,"56000000417/2025",Seleção Normal,15000000,0,15000000,selecionada,,Novo PAC - Seleção,"1.083, de 2025",https://www.in.gov.br/en/web/dou/-/portaria-mcid-n-1.083-de-18-de-setembro-de-2025-657673658
S-852,Cidades Sustentáveis e Resilientes,Prevenção a Desastres,Drenagem Urbana,OGU,OGU,2025,PA,NOVA ESPERANCA DO PIRIA,Norte,"56000001621/2025",Seleção Normal,11178967.2,0,11178967.2,selecionada,,Novo PAC - Seleção,"1.083, de 2025",https://www.in.gov.br/en/web/dou/-/portaria-mcid-n-1.083-de-18-de-setembro-de-2025-657673658
S-853,Cidades Sustentáveis e Resilientes,Prevenção a Desastres,Drenagem Urbana,OGU,OGU,2025,PA,PRAINHA,Norte,"56000000775/2025",Seleção Normal,18000000,0,18000000,selecionada,,Novo PAC - Seleção,"1.083, de 2025",https://www.in.gov.br/en/web/dou/-/portaria-mcid-n-1.083-de-18-de-setembro-de-2025-657673658
S-854,Cidades Sustentáveis e Resilientes,Prevenção a Desastres,Drenagem Urbana,OGU,OGU,2025,PA,VISEU,Norte,"56000000734/2025",Seleção Normal,24000000,0,24000000,selecionada,,Novo PAC - Seleção,"1.083, de 2025",https://www.in.gov.br/en/web/dou/-/portaria-mcid-n-1.083-de-18-de-setembro-de-2025-657673658
S-855,Cidades Sustentáveis e Resilientes,Prevenção a Desastres,Drenagem Urbana,OGU,OGU,2025,PE,ESTADO DE PERNAMBUCO,Nordeste,"56000001405/2025",Seleção Normal,57356787.5,0,57356787.5,selecionada,,Novo PAC - Seleção,"1.083, de 2025",https://www.in.gov.br/en/web/dou/-/portaria-mcid-n-1.083-de-18-de-setembro-de-2025-657673658
S-856,Cidades Sustentáveis e Resilientes,Prevenção a Desastres,Drenagem Urbana,OGU,OGU,2025,PE,PALMARES,Nordeste,"56000002411/2025",Seleção Normal,11098278.48,0,11098278.48,selecionada,,Novo PAC - Seleção,"1.083, de 2025",https://www.in.gov.br/en/web/dou/-/portaria-mcid-n-1.083-de-18-de-setembro-de-2025-657673658
S-857,Cidades Sustentáveis e Resilientes,Prevenção a Desastres,Drenagem Urbana,OGU,OGU,2025,PI,ESTADO DO PIAUI,Nordeste,"56000001477/2025",Seleção Normal,45011402.63,0,45011402.63,selecionada,,Novo PAC - Seleção,"1.083, de 2025",https://www.in.gov.br/en/web/dou/-/portaria-mcid-n-1.083-de-18-de-setembro-de-2025-657673658
S-858,Cidades Sustentáveis e Resilientes,Esgotamento Sanitário,Esgotamento Sanitário,OGU,OGU,2024,CE,VARZEA ALEGRE,Nordeste,"56000006817/2023",Seleção Normal,12380113.17,0,12380113.17,selecionada,,Novo PAC - Seleção,"769, de 2024",https://www.in.gov.br/en/web/dou/-/portaria-mcid-n-769-de-26-de-julho-de-2024-574546917
S-859,Cidades Sustentáveis e Resilientes,Esgotamento Sanitário,Esgotamento Sanitário,OGU,OGU,2024,PI,COCAL,Nordeste,"56000006963/2023",Seleção Normal,11011100,0,11011100,selecionada,,Novo PAC - Seleção,"769, de 2024",https://www.in.gov.br/en/web/dou/-/portaria-mcid-n-769-de-26-de-julho-de-2024-574546917
S-860,Cidades Sustentáveis e Resilientes,Prevenção a Desastres,Drenagem Urbana,OGU,OGU,2025,RJ,BARRA MANSA,Sudeste,"56000001687/2025",Seleção Normal,48761298.68,0,48761298.68,selecionada,,Novo PAC - Seleção,"1.083, de 2025",https://www.in.gov.br/en/web/dou/-/portaria-mcid-n-1.083-de-18-de-setembro-de-2025-657673658
S-861,Cidades Sustentáveis e Resilientes,Mobilidade Urbana Sustentável,Renovação de Frota,FIN,FGTS,2024,MG,IPATINGA,Sudeste,"56000002415/2023",Seleção Normal,0,65297917,65297917,selecionada,Setor Público,Novo PAC - Seleção,"445, de 2024",https://www.in.gov.br/web/dou/-/portaria-mcid-n-445-de-7-de-maio-de-2024-558553015
S-862,Cidades Sustentáveis e Resilientes,Mobilidade Urbana Sustentável,Renovação de Frota,FIN,FGTS,2024,AL,MACEIO,Nordeste,"56000002892/2023",Seleção Normal,0,95340000,95340000,selecionada,Setor Público,Novo PAC - Seleção,"445, de 2024",https://www.in.gov.br/web/dou/-/portaria-mcid-n-445-de-7-de-maio-de-2024-558553015
S-863,Cidades Sustentáveis e Resilientes,Mobilidade Urbana Sustentável,Renovação de Frota,FIN,FGTS,2024,SP,HORTOLANDIA,Sudeste,"56000003538/2023",Seleção Normal,0,29000000,29000000,selecionada,Setor Público,Novo PAC - Seleção,"445, de 2024",https://www.in.gov.br/web/dou/-/portaria-mcid-n-445-de-7-de-maio-de-2024-558553015
S-864,Cidades Sustentáveis e Resilientes,Mobilidade Urbana Sustentável,Renovação de Frota,FIN,FGTS,2024,PR,GUARAPUAVA,Sul,"56000003658/2023",Seleção Normal,0,40000000,40000000,selecionada,Setor Público,Novo PAC - Seleção,"445, de 2024",https://www.in.gov.br/web/dou/-/portaria-mcid-n-445-de-7-de-maio-de-2024-558553015
S-865,Cidades Sustentáveis e Resilientes,Mobilidade Urbana Sustentável,Renovação de Frota,FIN,FGTS,2024,BA,FEIRA DE SANTANA,Nordeste,"56000004560/2023",Seleção Normal,0,37374000,37374000,selecionada,Setor Público,Novo PAC - Seleção,"445, de 2024",https://www.in.gov.br/web/dou/-/portaria-mcid-n-445-de-7-de-maio-de-2024-558553015
S-866,Cidades Sustentáveis e Resilientes,Mobilidade Urbana Sustentável,Renovação de Frota,FIN,FGTS,2024,MG,PATOS DE MINAS,Sudeste,"56000004855/2023",Seleção Normal,0,191240000,191240000,selecionada,Setor Público,Novo PAC - Seleção,"445, de 2024",https://www.in.gov.br/web/dou/-/portaria-mcid-n-445-de-7-de-maio-de-2024-558553015
S-867,Cidades Sustentáveis e Resilientes,Mobilidade Urbana Sustentável,Renovação de Frota,FIN,FGTS,2024,RJ,NOVA FRIBURGO,Sudeste,"56000005593/2023",Seleção Normal,0,50000000,50000000,selecionada,Setor Público,Novo PAC - Seleção,"445, de 2024",https://www.in.gov.br/web/dou/-/portaria-mcid-n-445-de-7-de-maio-de-2024-558553015
S-868,Cidades Sustentáveis e Resilientes,Mobilidade Urbana Sustentável,Renovação de Frota,FIN,FGTS,2024,PE,JABOATAO DOS GUARARAPES,Nordeste,"56000005862/2023",Seleção Normal,0,140000000,140000000,selecionada,Setor Público,Novo PAC - Seleção,"445, de 2024",https://www.in.gov.br/web/dou/-/portaria-mcid-n-445-de-7-de-maio-de-2024-558553015
S-869,Cidades Sustentáveis e Resilientes,Mobilidade Urbana Sustentável,Renovação de Frota,FIN,FGTS,2024,PA,PARAUAPEBAS,Norte,"56000006162/2023",Seleção Normal,0,42460991.52,42460991.52,selecionada,Setor Público,Novo PAC - Seleção,"445, de 2024",https://www.in.gov.br/web/dou/-/portaria-mcid-n-445-de-7-de-maio-de-2024-558553015
S-870,Cidades Sustentáveis e Resilientes,Mobilidade Urbana Sustentável,Renovação de Frota,FIN,FGTS,2024,BA,CAMACARI,Nordeste,"56000006311/2023",Seleção Normal,0,95340000,95340000,selecionada,Setor Público,Novo PAC - Seleção,"445, de 2024",https://www.in.gov.br/web/dou/-/portaria-mcid-n-445-de-7-de-maio-de-2024-558553015
S-871,Cidades Sustentáveis e Resilientes,Mobilidade Urbana Sustentável,Renovação de Frota,FIN,FGTS,2024,GO,AGUAS LINDAS DE GOIAS,Centro-Oeste,"56000006765/2023",Seleção Normal,0,60120000,60120000,selecionada,Setor Público,Novo PAC - Seleção,"445, de 2024",https://www.in.gov.br/web/dou/-/portaria-mcid-n-445-de-7-de-maio-de-2024-558553015
S-872,Cidades Sustentáveis e Resilientes,Periferia Viva,Urbanização de Favelas,OGU,OGU,2024,PA,BELEM,Norte,"56000000419/2023",Seleção Normal,121349579.04,0,121349579.04,selecionada,,Novo PAC - Seleção,"449, de 2024",https://www.in.gov.br/web/dou/-/portaria-mcid-n-449-de-7-de-maio-de-2024-558553094
S-873,Cidades Sustentáveis e Resilientes,Esgotamento Sanitário,Esgotamento Sanitário,FIN,FGTS,2024,MG,RODEIRO,Sudeste,"56000002000/2023",Seleção Normal,0,12764599.58,12764599.58,selecionada,Setor Público,Novo PAC - Seleção,"769, de 2024",https://www.in.gov.br/en/web/dou/-/portaria-mcid-n-769-de-26-de-julho-de-2024-574546917
S-874,Cidades Sustentáveis e Resilientes,Periferia Viva,Urbanização de Favelas,OGU,OGU,2024,SP,SANTO ANDRE,Sudeste,"56000001783/2023",Seleção Normal,28150647,0,28150647,selecionada,,Novo PAC - Seleção,"449, de 2024",https://www.in.gov.br/web/dou/-/portaria-mcid-n-449-de-7-de-maio-de-2024-558553094
S-875,Cidades Sustentáveis e Resilientes,Prevenção a Desastres,Drenagem Urbana,OGU,OGU,2025,RS,CAMPO BOM,Sul,"56000001468/2025",Seleção Normal,10044164.33,0,10044164.33,selecionada,,Novo PAC - Seleção,"1.083, de 2025",https://www.in.gov.br/en/web/dou/-/portaria-mcid-n-1.083-de-18-de-setembro-de-2025-657673658
S-876,Cidades Sustentáveis e Resilientes,Periferia Viva,Urbanização de Favelas,OGU,OGU,2024,MG,BELO HORIZONTE,Sudeste,"56000001989/2023",Seleção Normal,75000000,0,75000000,selecionada,,Novo PAC - Seleção,"449, de 2024",https://www.in.gov.br/web/dou/-/portaria-mcid-n-449-de-7-de-maio-de-2024-558553094
S-877,Cidades Sustentáveis e Resilientes,Esgotamento Sanitário,Esgotamento Sanitário,FIN,FGTS,2024,SC,JARAGUA DO SUL,Sul,"56000001276/2023",Seleção Normal,0,24266002.64,24266002.64,selecionada,Setor Público,Novo PAC - Seleção,"769, de 2024",https://www.in.gov.br/en/web/dou/-/portaria-mcid-n-769-de-26-de-julho-de-2024-574546917
S-878,Cidades Sustentáveis e Resilientes,Periferia Viva,Urbanização de Favelas,OGU,OGU,2024,SP,GUARULHOS,Sudeste,"56000002424/2023",Seleção Normal,65484979,0,65484979,selecionada,,Novo PAC - Seleção,"449, de 2024",https://www.in.gov.br/web/dou/-/portaria-mcid-n-449-de-7-de-maio-de-2024-558553094
S-879,Cidades Sustentáveis e Resilientes,Periferia Viva,Urbanização de Favelas,OGU,OGU,2024,CE,MARANGUAPE,Nordeste,"56000002950/2023",Seleção Normal,37333540,0,37333540,selecionada,,Novo PAC - Seleção,"449, de 2024",https://www.in.gov.br/web/dou/-/portaria-mcid-n-449-de-7-de-maio-de-2024-558553094
S-880,Cidades Sustentáveis e Resilientes,Periferia Viva,Urbanização de Favelas,OGU,OGU,2024,BA,SALVADOR,Nordeste,"56000003446/2023",Seleção Normal,55325000,0,55325000,selecionada,,Novo PAC - Seleção,"449, de 2024",https://www.in.gov.br/web/dou/-/portaria-mcid-n-449-de-7-de-maio-de-2024-558553094
S-881,Cidades Sustentáveis e Resilientes,Periferia Viva,Urbanização de Favelas,OGU,OGU,2024,SP,EMBU,Sudeste,"56000004859/2023",Seleção Normal,86570626,0,86570626,selecionada,,Novo PAC - Seleção,"449, de 2024",https://www.in.gov.br/web/dou/-/portaria-mcid-n-449-de-7-de-maio-de-2024-558553094
S-882,Cidades Sustentáveis e Resilientes,Periferia Viva,Urbanização de Favelas,OGU,OGU,2024,RS,SAO LEOPOLDO,Sul,"56000005481/2023",Seleção Normal,138030286.73,0,138030286.73,selecionada,,Novo PAC - Seleção,"449, de 2024",https://www.in.gov.br/web/dou/-/portaria-mcid-n-449-de-7-de-maio-de-2024-558553094
S-883,Cidades Sustentáveis e Resilientes,Periferia Viva,Urbanização de Favelas,OGU,OGU,2024,BA,SALVADOR,Nordeste,"56000006752/2023",Seleção Normal,200000000,0,200000000,selecionada,,Novo PAC - Seleção,"449, de 2024",https://www.in.gov.br/web/dou/-/portaria-mcid-n-449-de-7-de-maio-de-2024-558553094
S-884,Cidades Sustentáveis e Resilientes,Esgotamento Sanitário,Esgotamento Sanitário,FIN,FGTS,2024,RO,OURO PRETO DO OESTE,Norte,"56000000385/2023",Seleção Normal,0,154893578.6,154893578.6,selecionada,Setor Público,Novo PAC - Seleção,"769, de 2024",https://www.in.gov.br/en/web/dou/-/portaria-mcid-n-769-de-26-de-julho-de-2024-574546917
S-885,Cidades Sustentáveis e Resilientes,Esgotamento Sanitário,Esgotamento Sanitário,FIN,FGTS,2024,MS,ITAQUIRAI,Centro-Oeste,"56000000372/2023",Seleção Normal,0,12741934.09,12741934.09,selecionada,Setor Público,Novo PAC - Seleção,"769, de 2024",https://www.in.gov.br/en/web/dou/-/portaria-mcid-n-769-de-26-de-julho-de-2024-574546917
S-886,Cidades Sustentáveis e Resilientes,Esgotamento Sanitário,Esgotamento Sanitário,FIN,FGTS,2024,MS,COXIM,Centro-Oeste,"56000000181/2023",Seleção Normal,0,29067584.44,29067584.44,selecionada,Setor Público,Novo PAC - Seleção,"769, de 2024",https://www.in.gov.br/en/web/dou/-/portaria-mcid-n-769-de-26-de-julho-de-2024-574546917
S-887,Cidades Sustentáveis e Resilientes,Esgotamento Sanitário,Esgotamento Sanitário,FIN,FGTS,2024,MS,RIO BRILHANTE,Centro-Oeste,"56000000648/2023",Seleção Normal,0,13545796.59,13545796.59,selecionada,Setor Público,Novo PAC - Seleção,"769, de 2024",https://www.in.gov.br/en/web/dou/-/portaria-mcid-n-769-de-26-de-julho-de-2024-574546917
S-888,Cidades Sustentáveis e Resilientes,Esgotamento Sanitário,Esgotamento Sanitário,FIN,FGTS,2024,MG,SABINOPOLIS,Sudeste,"56000000161/2023",Seleção Normal,0,8169057.03,8169057.03,selecionada,Setor Público,Novo PAC - Seleção,"769, de 2024",https://www.in.gov.br/en/web/dou/-/portaria-mcid-n-769-de-26-de-julho-de-2024-574546917
S-889,Cidades Sustentáveis e Resilientes,Esgotamento Sanitário,Esgotamento Sanitário,FIN,FGTS,2024,MG,CONCEICAO DA APARECIDA,Sudeste,"56000000357/2023",Seleção Normal,0,10000000,10000000,selecionada,Setor Público,Novo PAC - Seleção,"769, de 2024",https://www.in.gov.br/en/web/dou/-/portaria-mcid-n-769-de-26-de-julho-de-2024-574546917
S-890,Cidades Sustentáveis e Resilientes,Esgotamento Sanitário,Esgotamento Sanitário,FIN,FGTS,2024,MG,BELO ORIENTE,Sudeste,"56000000395/2023",Seleção Normal,0,15753375,15753375,selecionada,Setor Público,Novo PAC - Seleção,"769, de 2024",https://www.in.gov.br/en/web/dou/-/portaria-mcid-n-769-de-26-de-julho-de-2024-574546917
S-891,Cidades Sustentáveis e Resilientes,Esgotamento Sanitário,Esgotamento Sanitário,FIN,FGTS,2024,BA,LIVRAMENTO DE NOSSA SENHORA,Nordeste,"56000000594/2023",Seleção Normal,0,132833256.35,132833256.35,selecionada,Setor Público,Novo PAC - Seleção,"769, de 2024",https://www.in.gov.br/en/web/dou/-/portaria-mcid-n-769-de-26-de-julho-de-2024-574546917
S-892,Cidades Sustentáveis e Resilientes,Esgotamento Sanitário,Esgotamento Sanitário,FIN,FGTS,2024,MG,ITAMARATI DE MINAS,Sudeste,"56000000684/2023",Seleção Normal,0,10911691.57,10911691.57,selecionada,Setor Público,Novo PAC - Seleção,"769, de 2024",https://www.in.gov.br/en/web/dou/-/portaria-mcid-n-769-de-26-de-julho-de-2024-574546917
S-893,Cidades Sustentáveis e Resilientes,Esgotamento Sanitário,Esgotamento Sanitário,FIN,FGTS,2024,CE,PIQUET CARNEIRO,Nordeste,"56000000745/2023",Seleção Normal,0,82823315.46,82823315.46,selecionada,Setor Público,Novo PAC - Seleção,"769, de 2024",https://www.in.gov.br/en/web/dou/-/portaria-mcid-n-769-de-26-de-julho-de-2024-574546917
S-894,Cidades Sustentáveis e Resilientes,Esgotamento Sanitário,Esgotamento Sanitário,FIN,FGTS,2024,SC,TRES BARRAS,Sul,"56000000868/2023",Seleção Normal,0,74222135.11,74222135.11,selecionada,Setor Público,Novo PAC - Seleção,"769, de 2024",https://www.in.gov.br/en/web/dou/-/portaria-mcid-n-769-de-26-de-julho-de-2024-574546917
S-895,Cidades Sustentáveis e Resilientes,Esgotamento Sanitário,Esgotamento Sanitário,FIN,FGTS,2024,PI,SAO RAIMUNDO NONATO,Nordeste,"56000000996/2023",Seleção Normal,0,19236744.9,19236744.9,selecionada,Setor Público,Novo PAC - Seleção,"769, de 2024",https://www.in.gov.br/en/web/dou/-/portaria-mcid-n-769-de-26-de-julho-de-2024-574546917
S-896,Cidades Sustentáveis e Resilientes,Esgotamento Sanitário,Esgotamento Sanitário,FIN,FGTS,2024,PR,BOM SUCESSO,Sul,"56000001540/2023",Seleção Normal,0,11409060.79,11409060.79,selecionada,Setor Público,Novo PAC - Seleção,"769, de 2024",https://www.in.gov.br/en/web/dou/-/portaria-mcid-n-769-de-26-de-julho-de-2024-574546917
S-897,Cidades Sustentáveis e Resilientes,Esgotamento Sanitário,Esgotamento Sanitário,FIN,FGTS,2024,PR,ENEAS MARQUES,Sul,"56000001871/2023",Seleção Normal,0,10490860.44,10490860.44,selecionada,Setor Público,Novo PAC - Seleção,"769, de 2024",https://www.in.gov.br/en/web/dou/-/portaria-mcid-n-769-de-26-de-julho-de-2024-574546917
S-898,Cidades Sustentáveis e Resilientes,Esgotamento Sanitário,Esgotamento Sanitário,FIN,FGTS,2024,PA,BELEM,Norte,"56000001924/2023",Seleção Normal,0,359175051.11,359175051.11,selecionada,Setor Público,Novo PAC - Seleção,"769, de 2024",https://www.in.gov.br/en/web/dou/-/portaria-mcid-n-769-de-26-de-julho-de-2024-574546917
S-899,Cidades Sustentáveis e Resilientes,Esgotamento Sanitário,Esgotamento Sanitário,FIN,FGTS,2024,MG,AIMORES,Sudeste,"56000001948/2023",Seleção Normal,0,5143085,5143085,selecionada,Setor Público,Novo PAC - Seleção,"769, de 2024",https://www.in.gov.br/en/web/dou/-/portaria-mcid-n-769-de-26-de-julho-de-2024-574546917
S-900,Cidades Sustentáveis e Resilientes,Esgotamento Sanitário,Esgotamento Sanitário,FIN,FGTS,2024,TO,SANTA TEREZINHA DO TOCANTINS,Norte,"56000002301/2023",Seleção Normal,0,7203789.22,7203789.22,selecionada,Setor Público,Novo PAC - Seleção,"769, de 2024",https://www.in.gov.br/en/web/dou/-/portaria-mcid-n-769-de-26-de-julho-de-2024-574546917
S-901,Cidades Sustentáveis e Resilientes,Prevenção a Desastres,Contenção de Encostas,OGU,OGU,2025,PE,RECIFE,Nordeste,"56000000537/2025",Seleção Normal,29602929.43,0,29602929.43,selecionada,,Novo PAC - Seleção,"1.075, de 2025",https://www.in.gov.br/en/web/dou/-/portaria-n-1.075-de-17-de-setembro-de-2025-657769071
S-902,Cidades Sustentáveis e Resilientes,Esgotamento Sanitário,Esgotamento Sanitário,FIN,FGTS,2024,ES,FUNDAO,Sudeste,"56000002429/2023",Seleção Normal,0,38783907.27,38783907.27,selecionada,Setor Público,Novo PAC - Seleção,"769, de 2024",https://www.in.gov.br/en/web/dou/-/portaria-mcid-n-769-de-26-de-julho-de-2024-574546917
S-903,Cidades Sustentáveis e Resilientes,Esgotamento Sanitário,Esgotamento Sanitário,FIN,FGTS,2024,TO,COUTO MAGALHAES,Norte,"56000002555/2023",Seleção Normal,0,10801620.17,10801620.17,selecionada,Setor Público,Novo PAC - Seleção,"769, de 2024",https://www.in.gov.br/en/web/dou/-/portaria-mcid-n-769-de-26-de-julho-de-2024-574546917
S-904,Cidades Sustentáveis e Resilientes,Esgotamento Sanitário,Esgotamento Sanitário,FIN,FGTS,2024,TO,MARIANOPOLIS DO TOCANTINS,Norte,"56000002640/2023",Seleção Normal,0,9804741.18,9804741.18,selecionada,Setor Público,Novo PAC - Seleção,"769, de 2024",https://www.in.gov.br/en/web/dou/-/portaria-mcid-n-769-de-26-de-julho-de-2024-574546917
S-905,Cidades Sustentáveis e Resilientes,Esgotamento Sanitário,Esgotamento Sanitário,FIN,FGTS,2024,PB,PAULISTA,Nordeste,"56000002844/2023",Seleção Normal,0,26587000,26587000,selecionada,Setor Público,Novo PAC - Seleção,"769, de 2024",https://www.in.gov.br/en/web/dou/-/portaria-mcid-n-769-de-26-de-julho-de-2024-574546917
S-906,Cidades Sustentáveis e Resilientes,Esgotamento Sanitário,Esgotamento Sanitário,FIN,FGTS,2024,MG,PALMA,Sudeste,"56000003003/2023",Seleção Normal,0,12300398.87,12300398.87,selecionada,Setor Público,Novo PAC - Seleção,"769, de 2024",https://www.in.gov.br/en/web/dou/-/portaria-mcid-n-769-de-26-de-julho-de-2024-574546917
S-907,Cidades Sustentáveis e Resilientes,Esgotamento Sanitário,Esgotamento Sanitário,FIN,FGTS,2024,PI,CARIDADE DO PIAUI,Nordeste,"56000006430/2023",Seleção Normal,0,9498171.52,9498171.52,selecionada,Setor Público,Novo PAC - Seleção,"769, de 2024",https://www.in.gov.br/en/web/dou/-/portaria-mcid-n-769-de-26-de-julho-de-2024-574546917
S-908,Cidades Sustentáveis e Resilientes,Esgotamento Sanitário,Esgotamento Sanitário,FIN,FGTS,2024,MG,PASSOS,Sudeste,"56000003291/2023",Seleção Normal,0,5819655.71,5819655.71,selecionada,Setor Público,Novo PAC - Seleção,"769, de 2024",https://www.in.gov.br/en/web/dou/-/portaria-mcid-n-769-de-26-de-julho-de-2024-574546917
S-909,Cidades Sustentáveis e Resilientes,Esgotamento Sanitário,Esgotamento Sanitário,FIN,FGTS,2024,RJ,ITAPERUNA,Sudeste,"56000003794/2023",Seleção Normal,0,103549638.74,103549638.74,selecionada,Setor Público,Novo PAC - Seleção,"769, de 2024",https://www.in.gov.br/en/web/dou/-/portaria-mcid-n-769-de-26-de-julho-de-2024-574546917
S-910,Cidades Sustentáveis e Resilientes,Esgotamento Sanitário,Esgotamento Sanitário,FIN,FGTS,2024,GO,AGUAS LINDAS DE GOIAS,Centro-Oeste,"56000004111/2023",Seleção Normal,0,45036500,45036500,selecionada,Setor Público,Novo PAC - Seleção,"769, de 2024",https://www.in.gov.br/en/web/dou/-/portaria-mcid-n-769-de-26-de-julho-de-2024-574546917
S-911,Cidades Sustentáveis e Resilientes,Esgotamento Sanitário,Esgotamento Sanitário,FIN,FGTS,2024,MG,EWBANK DA CAMARA,Sudeste,"56000004235/2023",Seleção Normal,0,28860761.89,28860761.89,selecionada,Setor Público,Novo PAC - Seleção,"769, de 2024",https://www.in.gov.br/en/web/dou/-/portaria-mcid-n-769-de-26-de-julho-de-2024-574546917
S-912,Cidades Sustentáveis e Resilientes,Esgotamento Sanitário,Esgotamento Sanitário,FIN,FGTS,2024,MT,AGUA BOA,Centro-Oeste,"56000004339/2023",Seleção Normal,0,30025985.31,30025985.31,selecionada,Setor Público,Novo PAC - Seleção,"769, de 2024",https://www.in.gov.br/en/web/dou/-/portaria-mcid-n-769-de-26-de-julho-de-2024-574546917
S-913,Água Para Todos,Abastecimento de Água,Abastecimento de Água - Urbano,OGU,OGU,2024,MA,IMPERATRIZ,Nordeste,GOV02,Governadores,287000000,0,287000000,selecionada,,Novo PAC - Seleção,NA,
S-914,Cidades Sustentáveis e Resilientes,Resíduos Sólidos,Resíduos Sólidos,OGU,OGU,2024,SE,ESTANCIA,Nordeste,"56000002102/2023",Seleção Normal,6798485,0,6798485,selecionada,,Novo PAC - Seleção,"1.119, de 2024",https://www.in.gov.br/en/web/dou/-/portaria-mcid-n-1.119-de-7-de-outubro-de-2024-596577847
S-915,Cidades Sustentáveis e Resilientes,Resíduos Sólidos,Resíduos Sólidos,OGU,OGU,2024,MT,VILA BELA DA SANTISSIMA TRINDADE,Centro-Oeste,"56000000410/2023",Seleção Normal,6000000,0,6000000,selecionada,,Novo PAC - Seleção,"1.119, de 2024",https://www.in.gov.br/en/web/dou/-/portaria-mcid-n-1.119-de-7-de-outubro-de-2024-596577847
S-916,Cidades Sustentáveis e Resilientes,Prevenção a Desastres,Contenção de Encostas,OGU,OGU,2025,RN,NATAL,Nordeste,"56000000530/2025",Seleção Normal,34991821.15,0,34991821.15,selecionada,,Novo PAC - Seleção,"1.075, de 2025",https://www.in.gov.br/en/web/dou/-/portaria-n-1.075-de-17-de-setembro-de-2025-657769071
S-917,Cidades Sustentáveis e Resilientes,Resíduos Sólidos,Resíduos Sólidos,OGU,OGU,2024,PA,BRAGANCA,Norte,"56000000931/2023",Seleção Normal,5825312,0,5825312,selecionada,,Novo PAC - Seleção,"1.119, de 2024",https://www.in.gov.br/en/web/dou/-/portaria-mcid-n-1.119-de-7-de-outubro-de-2024-596577847
S-918,Cidades Sustentáveis e Resilientes,Resíduos Sólidos,Resíduos Sólidos,OGU,OGU,2024,CE,RUSSAS,Nordeste,"56000001242/2023",Seleção Normal,1500000,0,1500000,selecionada,,Novo PAC - Seleção,"1.119, de 2024",https://www.in.gov.br/en/web/dou/-/portaria-mcid-n-1.119-de-7-de-outubro-de-2024-596577847
S-919,Cidades Sustentáveis e Resilientes,Resíduos Sólidos,Resíduos Sólidos,OGU,OGU,2024,CE,CANINDE,Nordeste,"56000002147/2023",Seleção Normal,1700000,0,1700000,selecionada,,Novo PAC - Seleção,"1.119, de 2024",https://www.in.gov.br/en/web/dou/-/portaria-mcid-n-1.119-de-7-de-outubro-de-2024-596577847
S-920,Cidades Sustentáveis e Resilientes,Resíduos Sólidos,Resíduos Sólidos,OGU,OGU,2024,CE,CHOROZINHO,Nordeste,"56000002334/2023",Seleção Normal,328000,0,328000,selecionada,,Novo PAC - Seleção,"1.119, de 2024",https://www.in.gov.br/en/web/dou/-/portaria-mcid-n-1.119-de-7-de-outubro-de-2024-596577847
S-921,Cidades Sustentáveis e Resilientes,Resíduos Sólidos,Resíduos Sólidos,OGU,OGU,2024,RN,"ACARI, BODO, CERRO CORA, CARNAUBA DOS DANTAS, CURRAIS NOVOS, CAICO, CRUZETA, EQUADOR, FLORANIA, IPUEIRA, JARDIM DE PIRANHAS, JARDIM DO SERIDO, JUCURUTU, LAGOA NOVA, OURO BRANCO, PARELHAS, SANTANA DO MATOS, SANTANA DO SERIDO, SAO FERNANDO, SAO JOAO DO SABUGI, SAO JOSE DO SERIDO, SERRA NEGRA DO NORTE, SAO VICENTE, TIMBAUBA DOS BATISTAS E TENENTE LAURENTINO CRUZ.",Nordeste,"56000002816/2023",Seleção Normal,21255283,0,21255283,selecionada,,Novo PAC - Seleção,"1.119, de 2024",https://www.in.gov.br/en/web/dou/-/portaria-mcid-n-1.119-de-7-de-outubro-de-2024-596577847
S-922,Cidades Sustentáveis e Resilientes,Resíduos Sólidos,Resíduos Sólidos,OGU,OGU,2024,RR,BOA VISTA,Norte,"56000002989/2023",Seleção Normal,4900000,0,4900000,selecionada,,Novo PAC - Seleção,"1.119, de 2024",https://www.in.gov.br/en/web/dou/-/portaria-mcid-n-1.119-de-7-de-outubro-de-2024-596577847
S-923,Cidades Sustentáveis e Resilientes,Resíduos Sólidos,Resíduos Sólidos,OGU,OGU,2024,PE,TRINDADE,Nordeste,"56000003780/2023",Seleção Normal,1450957,0,1450957,selecionada,,Novo PAC - Seleção,"1.119, de 2024",https://www.in.gov.br/en/web/dou/-/portaria-mcid-n-1.119-de-7-de-outubro-de-2024-596577847
S-924,Cidades Sustentáveis e Resilientes,Resíduos Sólidos,Resíduos Sólidos,OGU,OGU,2024,PR,"BORRAZOPOLIS, CAMPO LARGO, IBIPORA, CASCAVEL, IVAIPORA, MARECHAL CANDIDO RONDON E RIBEIRAO CLARO.
",Sul,"56000004106/2023",Seleção Normal,21000000,0,21000000,selecionada,,Novo PAC - Seleção,"1.119, de 2024",https://www.in.gov.br/en/web/dou/-/portaria-mcid-n-1.119-de-7-de-outubro-de-2024-596577847
S-925,Cidades Sustentáveis e Resilientes,Resíduos Sólidos,Resíduos Sólidos,OGU,OGU,2024,MG,SANTA JULIANA E PEDRINOPOLIS,Sudeste,"56000004510/2023",Seleção Normal,1532152,0,1532152,selecionada,,Novo PAC - Seleção,"1.119, de 2024",https://www.in.gov.br/en/web/dou/-/portaria-mcid-n-1.119-de-7-de-outubro-de-2024-596577847
S-926,Cidades Sustentáveis e Resilientes,Resíduos Sólidos,Resíduos Sólidos,OGU,OGU,2024,SP,"SAO JOAO DA BOA VISTA, PIRASSUNUNGA, MOGI MIRIM, LEME",Sudeste,"56000004968/2023",Seleção Normal,6314620,0,6314620,selecionada,,Novo PAC - Seleção,"1.119, de 2024",https://www.in.gov.br/en/web/dou/-/portaria-mcid-n-1.119-de-7-de-outubro-de-2024-596577847
S-927,Cidades Sustentáveis e Resilientes,Resíduos Sólidos,Resíduos Sólidos,OGU,OGU,2024,SE,"CAMPO DO BRITO, CARIRA, FREI PAULO, MACAMBIRA, MALHADOR, MOITA BONITA, NOSSA SENHORA APARECIDA, NOSSA SENHORA DAS DORES, S DOMINGOS, AMPARO DO SAO FRANCISCO , AQUIDABA, CAPELA, FEIRA NOVA, GRACCHO CARDOSO, ITABI, MALHADA DOS BOIS, MONTE ALEGRE, SERGIPE, MURIBECA, N SENHORA DA GLORIA, N SENHORA DE LOURDES, POCO REDONDO PORTO DA FOLHA, SANTANA S FRANCISCO, TELHA, ARAUA, BOQUIM, CRISTINAPOLIS, ESTANCIA, ITABAIANINHA, LAGARTO, PEDRINHAS, POCO VERDE, RIACHAO DO DANTAS, SALGADO, SIMAO DIAS, TOBIAS BARRETO, TOMAR DO GERU E UMBAUBA",Nordeste,"56000005256/2023",Seleção Normal,10663026,0,10663026,selecionada,,Novo PAC - Seleção,"1.119, de 2024",https://www.in.gov.br/en/web/dou/-/portaria-mcid-n-1.119-de-7-de-outubro-de-2024-596577847
S-928,Cidades Sustentáveis e Resilientes,Prevenção a Desastres,Contenção de Encostas,OGU,OGU,2025,MA,BURITICUPU,Nordeste,"56000000637/2025",Seleção Normal,16797773.73,0,16797773.73,selecionada,,Novo PAC - Seleção,"1.075, de 2025",https://www.in.gov.br/en/web/dou/-/portaria-n-1.075-de-17-de-setembro-de-2025-657769071
S-929,Cidades Sustentáveis e Resilientes,Prevenção a Desastres,Contenção de Encostas,OGU,OGU,2025,PE,PAULISTA,Nordeste,"56000000759/2025",Seleção Normal,25587500,0,25587500,selecionada,,Novo PAC - Seleção,"1.075, de 2025",https://www.in.gov.br/en/web/dou/-/portaria-n-1.075-de-17-de-setembro-de-2025-657769071
S-930,Cidades Sustentáveis e Resilientes,Prevenção a Desastres,Contenção de Encostas,OGU,OGU,2025,AM,PRESIDENTE FIGUEIREDO,Norte,"56000001114/2025",Seleção Normal,2500929.85,0,2500929.85,selecionada,,Novo PAC - Seleção,"1.075, de 2025",https://www.in.gov.br/en/web/dou/-/portaria-n-1.075-de-17-de-setembro-de-2025-657769071
S-931,Cidades Sustentáveis e Resilientes,Prevenção a Desastres,Contenção de Encostas,OGU,OGU,2025,ES,CACHOEIRO DE ITAPEMIRIM,Sudeste,"56000001515/2025",Seleção Normal,1081365.24,0,1081365.24,selecionada,,Novo PAC - Seleção,"1.075, de 2025",https://www.in.gov.br/en/web/dou/-/portaria-n-1.075-de-17-de-setembro-de-2025-657769071
S-932,Cidades Sustentáveis e Resilientes,Prevenção a Desastres,Contenção de Encostas,OGU,OGU,2025,ES,SAO GABRIEL DA PALHA,Sudeste,"56000001031/2025",Seleção Normal,1240929.19,0,1240929.19,selecionada,,Novo PAC - Seleção,"1.075, de 2025",https://www.in.gov.br/en/web/dou/-/portaria-n-1.075-de-17-de-setembro-de-2025-657769071
S-933,Cidades Sustentáveis e Resilientes,Prevenção a Desastres,Contenção de Encostas,OGU,OGU,2025,ES,VITORIA,Sudeste,"56000000322/2025",Seleção Normal,7140800,0,7140800,selecionada,,Novo PAC - Seleção,"1.075, de 2025",https://www.in.gov.br/en/web/dou/-/portaria-n-1.075-de-17-de-setembro-de-2025-657769071
S-934,Cidades Sustentáveis e Resilientes,Prevenção a Desastres,Contenção de Encostas,OGU,OGU,2025,MG,GOVERNADOR VALADARES,Sudeste,"56000000859/2025",Seleção Normal,3600000,0,3600000,selecionada,,Novo PAC - Seleção,"1.075, de 2025",https://www.in.gov.br/en/web/dou/-/portaria-n-1.075-de-17-de-setembro-de-2025-657769071
S-935,Cidades Sustentáveis e Resilientes,Prevenção a Desastres,Contenção de Encostas,OGU,OGU,2025,RJ,PETROPOLIS,Sudeste,"56000001110/2025",Seleção Normal,11042550.45,0,11042550.45,selecionada,,Novo PAC - Seleção,"1.075, de 2025",https://www.in.gov.br/en/web/dou/-/portaria-n-1.075-de-17-de-setembro-de-2025-657769071
S-936,Cidades Sustentáveis e Resilientes,Prevenção a Desastres,Contenção de Encostas,OGU,OGU,2025,RJ,BELFORD ROXO,Sudeste,"56000000430/2025",Seleção Normal,11017964.63,0,11017964.63,selecionada,,Novo PAC - Seleção,"1.075, de 2025",https://www.in.gov.br/en/web/dou/-/portaria-n-1.075-de-17-de-setembro-de-2025-657769071
S-937,Cidades Sustentáveis e Resilientes,Prevenção a Desastres,Contenção de Encostas,OGU,OGU,2025,RJ,PIRAI,Sudeste,"56000001874/2025",Seleção Normal,14743837.78,0,14743837.78,selecionada,,Novo PAC - Seleção,"1.075, de 2025",https://www.in.gov.br/en/web/dou/-/portaria-n-1.075-de-17-de-setembro-de-2025-657769071
S-938,Cidades Sustentáveis e Resilientes,Prevenção a Desastres,Contenção de Encostas,OGU,OGU,2025,SP,FRANCO DA ROCHA,Sudeste,"56000000924/2025",Seleção Normal,1321009.83,0,1321009.83,selecionada,,Novo PAC - Seleção,"1.075, de 2025",https://www.in.gov.br/en/web/dou/-/portaria-n-1.075-de-17-de-setembro-de-2025-657769071
S-939,Cidades Sustentáveis e Resilientes,Prevenção a Desastres,Contenção de Encostas,OGU,OGU,2025,SP,ITAPEVI,Sudeste,"56000001384/2025",Seleção Normal,23011958.88,0,23011958.88,selecionada,,Novo PAC - Seleção,"1.075, de 2025",https://www.in.gov.br/en/web/dou/-/portaria-n-1.075-de-17-de-setembro-de-2025-657769071
S-940,Cidades Sustentáveis e Resilientes,Prevenção a Desastres,Contenção de Encostas,OGU,OGU,2025,SP,PEDREIRA,Sudeste,"56000000650/2025",Seleção Normal,4417493.6,0,4417493.6,selecionada,,Novo PAC - Seleção,"1.075, de 2025",https://www.in.gov.br/en/web/dou/-/portaria-n-1.075-de-17-de-setembro-de-2025-657769071
S-941,Cidades Sustentáveis e Resilientes,Prevenção a Desastres,Contenção de Encostas,OGU,OGU,2025,SP,SAO PAULO,Sudeste,"56000001016/2025",Seleção Normal,49077711.73,0,49077711.73,selecionada,,Novo PAC - Seleção,"1.075, de 2025",https://www.in.gov.br/en/web/dou/-/portaria-n-1.075-de-17-de-setembro-de-2025-657769071
S-942,Cidades Sustentáveis e Resilientes,Prevenção a Desastres,Contenção de Encostas,OGU,OGU,2025,RS,BENTO GONCALVES,Sul,"56000001244/2025",Seleção Normal,8662500,0,8662500,selecionada,,Novo PAC - Seleção,"1.075, de 2025",https://www.in.gov.br/en/web/dou/-/portaria-n-1.075-de-17-de-setembro-de-2025-657769071
S-943,Cidades Sustentáveis e Resilientes,Prevenção a Desastres,Contenção de Encostas,OGU,OGU,2025,RS,MUCUM,Sul,"56000001805/2025",Seleção Normal,12191113.97,0,12191113.97,selecionada,,Novo PAC - Seleção,"1.075, de 2025",https://www.in.gov.br/en/web/dou/-/portaria-n-1.075-de-17-de-setembro-de-2025-657769071
S-944,Cidades Sustentáveis e Resilientes,Prevenção a Desastres,Contenção de Encostas,OGU,OGU,2025,SC,FLORIANOPOLIS,Sul,"56000001080/2025",Seleção Normal,17765302.51,0,17765302.51,selecionada,,Novo PAC - Seleção,"1.075, de 2025",https://www.in.gov.br/en/web/dou/-/portaria-n-1.075-de-17-de-setembro-de-2025-657769071
S-945,Cidades Sustentáveis e Resilientes,Mobilidade Urbana Sustentável,Médias e Grandes Cidades,OGU,OGU,2024,DF ,BRASILIA,Centro-Oeste,GOV07,Governadores,975000000,0,975000000,selecionada,,Novo PAC - Seleção,NA,
S-946,Cidades Sustentáveis e Resilientes,Mobilidade Urbana Sustentável,Médias e Grandes Cidades,OGU,OGU,2024,BA,SALVADOR,Nordeste,GOV11,Governadores,1518586194.68,0,1518586194.68,selecionada,,Novo PAC - Seleção,"CGPAC 4, de 2024",https://www.in.gov.br/en/web/dou/-/resolucao-cgpac-n-4-de-20-de-maio-de-2024-560767525
S-947,Cidades Sustentáveis e Resilientes,Mobilidade Urbana Sustentável,Renovação de Frota,FIN,FGTS,2024,BA,JEQUIE,Nordeste,"56000005257/2023",Seleção Normal,0,10100000,10100000,selecionada,Setor Público,Novo PAC - Seleção,"445, de 2024",https://www.in.gov.br/web/dou/-/portaria-mcid-n-445-de-7-de-maio-de-2024-558553015
S-948,Cidades Sustentáveis e Resilientes,Mobilidade Urbana Sustentável,Renovação de Frota,FIN,FGTS,2024,AC,RIO BRANCO,Norte,"56000000999/2023",Seleção Normal,0,90000000,90000000,selecionada,Setor Público,Novo PAC - Seleção,"445, de 2024",https://www.in.gov.br/web/dou/-/portaria-mcid-n-445-de-7-de-maio-de-2024-558553015
S-949,Cidades Sustentáveis e Resilientes,Esgotamento Sanitário,Esgotamento Sanitário,FIN,FGTS,2024,MG,PERDIGAO,Sudeste,"56000006355/2023",Seleção Normal,0,18657833.49,18657833.49,selecionada,Setor Público,Novo PAC - Seleção,"769, de 2024",https://www.in.gov.br/en/web/dou/-/portaria-mcid-n-769-de-26-de-julho-de-2024-574546917
S-950,Cidades Sustentáveis e Resilientes,Mobilidade Urbana Sustentável,Renovação de Frota,FIN,FGTS,2024,MG,UBERLANDIA,Sudeste,"56000003028/2023",Seleção Normal,0,641000000,641000000,selecionada,Setor Público,Novo PAC - Seleção,"445, de 2024",https://www.in.gov.br/web/dou/-/portaria-mcid-n-445-de-7-de-maio-de-2024-558553015
S-951,Cidades Sustentáveis e Resilientes,Mobilidade Urbana Sustentável,Renovação de Frota,FIN,FGTS,2024,RJ,NITEROI,Sudeste,"56000001896/2023",Seleção Normal,0,95340000,95340000,selecionada,Setor Público,Novo PAC - Seleção,"445, de 2024",https://www.in.gov.br/web/dou/-/portaria-mcid-n-445-de-7-de-maio-de-2024-558553015
S-952,Cidades Sustentáveis e Resilientes,Mobilidade Urbana Sustentável,Renovação de Frota,FIN,FGTS,2024,RJ,MARICA,Sudeste,"56000002281/2023",Seleção Normal,0,95340000,95340000,selecionada,Setor Público,Novo PAC - Seleção,"445, de 2024",https://www.in.gov.br/web/dou/-/portaria-mcid-n-445-de-7-de-maio-de-2024-558553015
S-953,Cidades Sustentáveis e Resilientes,Mobilidade Urbana Sustentável,Renovação de Frota,FIN,FGTS,2024,MG,RIBEIRAO DAS NEVES,Sudeste,"56000002619/2023",Seleção Normal,0,30000000,30000000,selecionada,Setor Público,Novo PAC - Seleção,"445, de 2024",https://www.in.gov.br/web/dou/-/portaria-mcid-n-445-de-7-de-maio-de-2024-558553015
S-954,Cidades Sustentáveis e Resilientes,Mobilidade Urbana Sustentável,Renovação de Frota,FIN,FGTS,2024,TO,PALMAS,Norte,"56000003514/2023",Seleção Normal,0,191108000,191108000,selecionada,Setor Público,Novo PAC - Seleção,"445, de 2024",https://www.in.gov.br/web/dou/-/portaria-mcid-n-445-de-7-de-maio-de-2024-558553015
S-955,Cidades Sustentáveis e Resilientes,Mobilidade Urbana Sustentável,Renovação de Frota,FIN,FGTS,2024,RS,SAO LEOPOLDO,Sul,"56000003654/2023",Seleção Normal,0,15600000,15600000,selecionada,Setor Público,Novo PAC - Seleção,"445, de 2024",https://www.in.gov.br/web/dou/-/portaria-mcid-n-445-de-7-de-maio-de-2024-558553015
S-956,Cidades Sustentáveis e Resilientes,Mobilidade Urbana Sustentável,Renovação de Frota,FIN,FGTS,2024,SE,ARACAJU,Nordeste,"56000004522/2023",Seleção Normal,0,36000000,36000000,selecionada,Setor Público,Novo PAC - Seleção,"445, de 2024",https://www.in.gov.br/web/dou/-/portaria-mcid-n-445-de-7-de-maio-de-2024-558553015
S-957,Cidades Sustentáveis e Resilientes,Mobilidade Urbana Sustentável,Renovação de Frota,FIN,FGTS,2024,SP,PRAIA GRANDE,Sudeste,"56000004771/2023",Seleção Normal,0,4300000,4300000,selecionada,Setor Público,Novo PAC - Seleção,"445, de 2024",https://www.in.gov.br/web/dou/-/portaria-mcid-n-445-de-7-de-maio-de-2024-558553015
S-958,Cidades Sustentáveis e Resilientes,Mobilidade Urbana Sustentável,Renovação de Frota,FIN,FGTS,2024,RS,SANTA MARIA,Sul,"56000005429/2023",Seleção Normal,0,60200000,60200000,selecionada,Setor Público,Novo PAC - Seleção,"445, de 2024",https://www.in.gov.br/web/dou/-/portaria-mcid-n-445-de-7-de-maio-de-2024-558553015
S-959,Cidades Sustentáveis e Resilientes,Mobilidade Urbana Sustentável,Renovação de Frota,FIN,FGTS,2024,SC,PALHOCA,Sul,"56000005791/2023",Seleção Normal,0,38136000,38136000,selecionada,Setor Público,Novo PAC - Seleção,"445, de 2024",https://www.in.gov.br/web/dou/-/portaria-mcid-n-445-de-7-de-maio-de-2024-558553015
S-960,Cidades Sustentáveis e Resilientes,Mobilidade Urbana Sustentável,Renovação de Frota,FIN,FGTS,2024,PR,LONDRINA,Sul,"56000005995/2023",Seleção Normal,0,95340000,95340000,selecionada,Setor Público,Novo PAC - Seleção,"445, de 2024",https://www.in.gov.br/web/dou/-/portaria-mcid-n-445-de-7-de-maio-de-2024-558553015
S-961,Cidades Sustentáveis e Resilientes,Mobilidade Urbana Sustentável,Renovação de Frota,FIN,FGTS,2024,SP,ITAPETININGA,Sudeste,"56000006221/2023",Seleção Normal,0,10500000,10500000,selecionada,Setor Público,Novo PAC - Seleção,"445, de 2024",https://www.in.gov.br/web/dou/-/portaria-mcid-n-445-de-7-de-maio-de-2024-558553015
S-962,Cidades Sustentáveis e Resilientes,Mobilidade Urbana Sustentável,Renovação de Frota,FIN,FGTS,2024,PB,CAMPINA GRANDE,Nordeste,"56000006507/2023",Seleção Normal,0,61723055.01,61723055.01,selecionada,Setor Público,Novo PAC - Seleção,"445, de 2024",https://www.in.gov.br/web/dou/-/portaria-mcid-n-445-de-7-de-maio-de-2024-558553015
S-963,Cidades Sustentáveis e Resilientes,Esgotamento Sanitário,Esgotamento Sanitário,FIN,FGTS,2024,PB,SAO JOSE DA LAGOA TAPADA,Nordeste,"56000006692/2023",Seleção Normal,0,7728510.26,7728510.26,selecionada,Setor Público,Novo PAC - Seleção,"769, de 2024",https://www.in.gov.br/en/web/dou/-/portaria-mcid-n-769-de-26-de-julho-de-2024-574546917
S-964,Cidades Sustentáveis e Resilientes,Periferia Viva,Urbanização de Favelas,OGU,OGU,2024,PI,TERESINA,Nordeste,"56000000340/2023",Seleção Normal,26784111.79,0,26784111.79,selecionada,,Novo PAC - Seleção,"449, de 2024",https://www.in.gov.br/web/dou/-/portaria-mcid-n-449-de-7-de-maio-de-2024-558553094
S-965,Cidades Sustentáveis e Resilientes,Periferia Viva,Urbanização de Favelas,OGU,OGU,2024,PB,JOAO PESSOA,Nordeste,"56000000490/2023",Seleção Normal,100000000,0,100000000,selecionada,,Novo PAC - Seleção,"449, de 2024",https://www.in.gov.br/web/dou/-/portaria-mcid-n-449-de-7-de-maio-de-2024-558553094
S-966,Cidades Sustentáveis e Resilientes,Periferia Viva,Urbanização de Favelas,OGU,OGU,2024,SP,TABOAO DA SERRA,Sudeste,"56000001443/2023",Seleção Normal,102698001,0,102698001,selecionada,,Novo PAC - Seleção,"449, de 2024",https://www.in.gov.br/web/dou/-/portaria-mcid-n-449-de-7-de-maio-de-2024-558553094
S-967,Cidades Sustentáveis e Resilientes,Periferia Viva,Urbanização de Favelas,OGU,OGU,2024,RJ,RIO DE JANEIRO,Sudeste,"56000001875/2023",Seleção Normal,170058285.54,0,170058285.54,selecionada,,Novo PAC - Seleção,"449, de 2024",https://www.in.gov.br/web/dou/-/portaria-mcid-n-449-de-7-de-maio-de-2024-558553094
S-968,Cidades Sustentáveis e Resilientes,Periferia Viva,Urbanização de Favelas,OGU,OGU,2024,PE,JABOATAO DOS GUARARAPES,Nordeste,"56000004596/2023",Seleção Normal,10465501,0,10465501,selecionada,,Novo PAC - Seleção,"449, de 2024",https://www.in.gov.br/web/dou/-/portaria-mcid-n-449-de-7-de-maio-de-2024-558553094
S-969,Cidades Sustentáveis e Resilientes,Periferia Viva,Urbanização de Favelas,OGU,OGU,2024,ES,VILA VELHA,Sudeste,"56000002608/2023",Seleção Normal,85443091,0,85443091,selecionada,,Novo PAC - Seleção,"449, de 2024",https://www.in.gov.br/web/dou/-/portaria-mcid-n-449-de-7-de-maio-de-2024-558553094
S-970,Cidades Sustentáveis e Resilientes,Periferia Viva,Urbanização de Favelas,OGU,OGU,2024,PR,COLOMBO,Sul,"56000003439/2023",Seleção Normal,19380000,0,19380000,selecionada,,Novo PAC - Seleção,"449, de 2024",https://www.in.gov.br/web/dou/-/portaria-mcid-n-449-de-7-de-maio-de-2024-558553094
S-971,Cidades Sustentáveis e Resilientes,Periferia Viva,Urbanização de Favelas,OGU,OGU,2024,RN,NATAL,Nordeste,"56000004734/2023",Seleção Normal,28589401.75,0,28589401.75,selecionada,,Novo PAC - Seleção,"449, de 2024",https://www.in.gov.br/web/dou/-/portaria-mcid-n-449-de-7-de-maio-de-2024-558553094
S-972,Cidades Sustentáveis e Resilientes,Periferia Viva,Urbanização de Favelas,OGU,OGU,2024,PE,OLINDA,Nordeste,"56000005061/2023",Seleção Normal,75526244.98,0,75526244.98,selecionada,,Novo PAC - Seleção,"449, de 2024",https://www.in.gov.br/web/dou/-/portaria-mcid-n-449-de-7-de-maio-de-2024-558553094
S-973,Cidades Sustentáveis e Resilientes,Resíduos Sólidos,Resíduos Sólidos,OGU,OGU,2024,RJ,DUQUE DE CAXIAS,Sudeste,"56000005523/2023",Seleção Normal,21993486,0,21993486,selecionada,,Novo PAC - Seleção,"1.119, de 2024",https://www.in.gov.br/en/web/dou/-/portaria-mcid-n-1.119-de-7-de-outubro-de-2024-596577847
S-974,Cidades Sustentáveis e Resilientes,Resíduos Sólidos,Resíduos Sólidos,OGU,OGU,2025,MG,OLIVEIRA,Sudeste,"56000008550/2025",Seleção Normal,12768960,,12768960,selecionada,Setor Público,Novo PAC - Seleção,"1.488, de 2025",https://in.gov.br/web/dou/-/portaria-mcid-n-1.488-de-24-de-dezembro-de-2025-678071129
S-975,Cidades Sustentáveis e Resilientes,Resíduos Sólidos,Resíduos Sólidos,OGU,OGU,2024,RO,JARU,Norte,"56000006136/2023",Seleção Normal,440000,0,440000,selecionada,,Novo PAC - Seleção,"1.119, de 2024",https://www.in.gov.br/en/web/dou/-/portaria-mcid-n-1.119-de-7-de-outubro-de-2024-596577847
S-976,Cidades Sustentáveis e Resilientes,Resíduos Sólidos,Resíduos Sólidos,OGU,OGU,2024,AL,"PIRANHAS, MARECHAL DEODORO, CRAIBAS, PALMEIRA DOS INDIOS, ARAPIRACA",Nordeste,"56000006324/2023",Seleção Normal,4256000,0,4256000,selecionada,,Novo PAC - Seleção,"1.119, de 2024",https://www.in.gov.br/en/web/dou/-/portaria-mcid-n-1.119-de-7-de-outubro-de-2024-596577847
S-977,Cidades Sustentáveis e Resilientes,Resíduos Sólidos,Resíduos Sólidos,OGU,OGU,2024,PE,SANTA CRUZ,Nordeste,"56000006665/2023",Seleção Normal,626781,0,626781,selecionada,,Novo PAC - Seleção,"1.119, de 2024",https://www.in.gov.br/en/web/dou/-/portaria-mcid-n-1.119-de-7-de-outubro-de-2024-596577847
S-978,Cidades Sustentáveis e Resilientes,Resíduos Sólidos,Resíduos Sólidos,OGU,OGU,2024,TO,"ALIANCA DO TOCANTINS, ARAGUACU, BREJINHO DE NAZARE , CARIRI DO TOCANTINS , CRIXAS DO TOCANTINS, DUERE, FATIMA, FIGUEIROPOLIS, FORMOSO DO ARAGUAIA, JAU DO TOCANTINS, NOVA ROSALANDIA, OLIVEIRA DE FATIMA, PALMEIROPOLIS, PARANA, PEIXE, PUGMIL, SANDOLANDIA, SAO SALVADOR DO TOCANTINS, SAO VALERIO DA NATIVIDADE E TALISMA.",Norte,"56000007005/2023",Seleção Normal,31100960,0,31100960,selecionada,,Novo PAC - Seleção,"1.119, de 2024",https://www.in.gov.br/en/web/dou/-/portaria-mcid-n-1.119-de-7-de-outubro-de-2024-596577847
S-979,Cidades Sustentáveis e Resilientes,Prevenção a Desastres,Drenagem Urbana,OGU,OGU,2024,BA,SALVADOR,Nordeste,"56000001031/2023",Seleção Normal,208995485,0,208995485,selecionada,,Novo PAC - Seleção,"765, de 2024",https://www.in.gov.br/en/web/dou/-/portaria-mcid-n-765-de-25-de-julho-de-2024-574546514
S-980,Cidades Sustentáveis e Resilientes,Prevenção a Desastres,Drenagem Urbana,OGU,OGU,2024,CE,CRATO,Nordeste,"56000000252/2023",Seleção Normal,28644941,0,28644941,selecionada,,Novo PAC - Seleção,"765, de 2024",https://www.in.gov.br/en/web/dou/-/portaria-mcid-n-765-de-25-de-julho-de-2024-574546514
S-981,Cidades Sustentáveis e Resilientes,Prevenção a Desastres,Drenagem Urbana,OGU,OGU,2024,BA,ILHEUS,Nordeste,"56000000629/2023",Seleção Normal,5501512,0,5501512,selecionada,,Novo PAC - Seleção,"765, de 2024",https://www.in.gov.br/en/web/dou/-/portaria-mcid-n-765-de-25-de-julho-de-2024-574546514
S-982,Cidades Sustentáveis e Resilientes,Esgotamento Sanitário,Esgotamento Sanitário,FIN,FGTS,2024,SP,GUARATINGUETA,Sudeste,"56000005332/2023",Seleção Normal,0,78911135,78911135,selecionada,Setor Público,Novo PAC - Seleção,"769, de 2024",https://www.in.gov.br/en/web/dou/-/portaria-mcid-n-769-de-26-de-julho-de-2024-574546917
S-983,Cidades Sustentáveis e Resilientes,Esgotamento Sanitário,Esgotamento Sanitário,FIN,FGTS,2024,PI,CONCEICAO DO CANINDE,Nordeste,"56000006441/2023",Seleção Normal,0,8701702.19,8701702.19,selecionada,Setor Público,Novo PAC - Seleção,"769, de 2024",https://www.in.gov.br/en/web/dou/-/portaria-mcid-n-769-de-26-de-julho-de-2024-574546917
S-984,Cidades Sustentáveis e Resilientes,Esgotamento Sanitário,Esgotamento Sanitário,FIN,FGTS,2024,RS,PORTO ALEGRE,Sul,"56000004731/2023",Seleção Normal,0,58209584.28,58209584.28,selecionada,Setor Público,Novo PAC - Seleção,"769, de 2024",https://www.in.gov.br/en/web/dou/-/portaria-mcid-n-769-de-26-de-julho-de-2024-574546917
S-985,Cidades Sustentáveis e Resilientes,Esgotamento Sanitário,Esgotamento Sanitário,FIN,FGTS,2024,MT,ARAPUTANGA,Centro-Oeste,"56000004899/2023",Seleção Normal,0,24000000,24000000,selecionada,Setor Público,Novo PAC - Seleção,"769, de 2024",https://www.in.gov.br/en/web/dou/-/portaria-mcid-n-769-de-26-de-julho-de-2024-574546917
S-986,Cidades Sustentáveis e Resilientes,Esgotamento Sanitário,Esgotamento Sanitário,FIN,FGTS,2024,MT,NOVA CANAA DO NORTE,Centro-Oeste,"56000005640/2023",Seleção Normal,0,27888277.31,27888277.31,selecionada,Setor Público,Novo PAC - Seleção,"769, de 2024",https://www.in.gov.br/en/web/dou/-/portaria-mcid-n-769-de-26-de-julho-de-2024-574546917
S-987,Cidades Sustentáveis e Resilientes,Periferia Viva,Urbanização de Favelas,OGU,OGU,2024,AP,MACAPA,Norte,"56000006131/2023",Seleção Normal,43712215.5,0,43712215.5,selecionada,,Novo PAC - Seleção,"449, de 2024",https://www.in.gov.br/web/dou/-/portaria-mcid-n-449-de-7-de-maio-de-2024-558553094
S-988,Cidades Sustentáveis e Resilientes,Resíduos Sólidos,Resíduos Sólidos,OGU,OGU,2025,PA,BRAGANCA,Norte,"56000008453/2025",Seleção Normal,20000000,,20000000,selecionada,Setor Público,Novo PAC - Seleção,"1.488, de 2025",https://in.gov.br/web/dou/-/portaria-mcid-n-1.488-de-24-de-dezembro-de-2025-678071129
S-989,Cidades Sustentáveis e Resilientes,Esgotamento Sanitário,Esgotamento Sanitário,FIN,FGTS,2024,SP,CAMPINAS,Sudeste,"56000002893/2023",Seleção Normal,0,154547279,154547279,selecionada,Setor Público,Novo PAC - Seleção,"769, de 2024",https://www.in.gov.br/en/web/dou/-/portaria-mcid-n-769-de-26-de-julho-de-2024-574546917
S-990,Cidades Sustentáveis e Resilientes,Esgotamento Sanitário,Esgotamento Sanitário,FIN,FGTS,2024,SC,ICARA,Sul,"56000004521/2023",Seleção Normal,0,8212818.37,8212818.37,selecionada,Setor Público,Novo PAC - Seleção,"769, de 2024",https://www.in.gov.br/en/web/dou/-/portaria-mcid-n-769-de-26-de-julho-de-2024-574546917
S-991,Cidades Sustentáveis e Resilientes,Esgotamento Sanitário,Esgotamento Sanitário,FIN,FGTS,2024,MS,RIBAS DO RIO PARDO,Centro-Oeste,"56000000960/2023",Seleção Normal,0,26882387.37,26882387.37,selecionada,Setor Público,Novo PAC - Seleção,"769, de 2024",https://www.in.gov.br/en/web/dou/-/portaria-mcid-n-769-de-26-de-julho-de-2024-574546917
S-992,Cidades Sustentáveis e Resilientes,Esgotamento Sanitário,Esgotamento Sanitário,FIN,FGTS,2024,BA,RIO REAL,Nordeste,"56000000585/2023",Seleção Normal,0,174529117.11,174529117.11,selecionada,Setor Público,Novo PAC - Seleção,"769, de 2024",https://www.in.gov.br/en/web/dou/-/portaria-mcid-n-769-de-26-de-julho-de-2024-574546917
S-993,Cidades Sustentáveis e Resilientes,Esgotamento Sanitário,Esgotamento Sanitário,FIN,FGTS,2024,RS,CAXIAS DO SUL,Sul,"56000000159/2023",Seleção Normal,0,10598637.29,10598637.29,selecionada,Setor Público,Novo PAC - Seleção,"769, de 2024",https://www.in.gov.br/en/web/dou/-/portaria-mcid-n-769-de-26-de-julho-de-2024-574546917
S-994,Cidades Sustentáveis e Resilientes,Esgotamento Sanitário,Esgotamento Sanitário,FIN,FGTS,2024,MG,TRES PONTAS,Sudeste,"56000000331/2023",Seleção Normal,0,44754490.98,44754490.98,selecionada,Setor Público,Novo PAC - Seleção,"769, de 2024",https://www.in.gov.br/en/web/dou/-/portaria-mcid-n-769-de-26-de-julho-de-2024-574546917
S-995,Cidades Sustentáveis e Resilientes,Esgotamento Sanitário,Esgotamento Sanitário,FIN,FGTS,2024,SE,ITABAIANA,Nordeste,"56000000764/2023",Seleção Normal,0,201373793.75,201373793.75,selecionada,Setor Público,Novo PAC - Seleção,"769, de 2024",https://www.in.gov.br/en/web/dou/-/portaria-mcid-n-769-de-26-de-julho-de-2024-574546917
S-996,Cidades Sustentáveis e Resilientes,Esgotamento Sanitário,Esgotamento Sanitário,FIN,FGTS,2024,BA,CAETITE,Nordeste,"56000000593/2023",Seleção Normal,0,131178286.74,131178286.74,selecionada,Setor Público,Novo PAC - Seleção,"769, de 2024",https://www.in.gov.br/en/web/dou/-/portaria-mcid-n-769-de-26-de-julho-de-2024-574546917
S-997,Cidades Sustentáveis e Resilientes,Esgotamento Sanitário,Esgotamento Sanitário,FIN,FGTS,2024,SP,JAGUARIUNA,Sudeste,"56000000656/2023",Seleção Normal,0,54322398.26,54322398.26,selecionada,Setor Público,Novo PAC - Seleção,"769, de 2024",https://www.in.gov.br/en/web/dou/-/portaria-mcid-n-769-de-26-de-julho-de-2024-574546917
S-998,Cidades Sustentáveis e Resilientes,Esgotamento Sanitário,Esgotamento Sanitário,FIN,FGTS,2024,CE,MOMBACA,Nordeste,"56000000722/2023",Seleção Normal,0,115587023.48,115587023.48,selecionada,Setor Público,Novo PAC - Seleção,"769, de 2024",https://www.in.gov.br/en/web/dou/-/portaria-mcid-n-769-de-26-de-julho-de-2024-574546917
S-999,Cidades Sustentáveis e Resilientes,Esgotamento Sanitário,Esgotamento Sanitário,FIN,FGTS,2024,CE,TAMBORIL,Nordeste,"56000000815/2023",Seleção Normal,0,119913029.91,119913029.91,selecionada,Setor Público,Novo PAC - Seleção,"769, de 2024",https://www.in.gov.br/en/web/dou/-/portaria-mcid-n-769-de-26-de-julho-de-2024-574546917
S-1000,Cidades Sustentáveis e Resilientes,Mobilidade Urbana Sustentável,Renovação de Frota,FIN,FGTS,2025,PI,ESTADO DO PIAUI,Nordeste,﻿56000002536/2025,Seleção Normal,0,207330000,207330000,selecionada,Setor Público,Novo PAC - Seleção,"980, de 2025",https://www.in.gov.br/web/dou/-/portaria-mcid-n-980-de-29-de-agosto-de-2025-652031101
S-1001,Cidades Sustentáveis e Resilientes,Resíduos Sólidos,Resíduos Sólidos,OGU,OGU,2025,CE,CRATO,Nordeste,"56000008406/2025",Seleção Normal,20550000,,20550000,selecionada,Setor Público,Novo PAC - Seleção,"1.488, de 2025",https://in.gov.br/web/dou/-/portaria-mcid-n-1.488-de-24-de-dezembro-de-2025-678071129
S-1002,Cidades Sustentáveis e Resilientes,Resíduos Sólidos,Resíduos Sólidos,OGU,OGU,2025,PA,QUATIPURU,Norte,"56000008566/2025",Seleção Normal,4115869,,4115869,selecionada,Setor Público,Novo PAC - Seleção,"1.488, de 2025",https://in.gov.br/web/dou/-/portaria-mcid-n-1.488-de-24-de-dezembro-de-2025-678071129
S-1003,Cidades Sustentáveis e Resilientes,Resíduos Sólidos,Resíduos Sólidos,OGU,OGU,2025,PE,SANTA MARIA DA BOA VISTA,Nordeste,"56000008457/2025",Seleção Normal,1960247,,1960247,selecionada,Setor Público,Novo PAC - Seleção,"1.488, de 2025",https://in.gov.br/web/dou/-/portaria-mcid-n-1.488-de-24-de-dezembro-de-2025-678071129
S-1004,Cidades Sustentáveis e Resilientes,Resíduos Sólidos,Resíduos Sólidos,OGU,OGU,2025,RJ,RIO DAS OSTRAS,Sudeste,"56000008390/2025",Seleção Normal,1031342,,1031342,selecionada,Setor Público,Novo PAC - Seleção,"1.488, de 2025",https://in.gov.br/web/dou/-/portaria-mcid-n-1.488-de-24-de-dezembro-de-2025-678071129
S-1005,Cidades Sustentáveis e Resilientes,Resíduos Sólidos,Resíduos Sólidos,OGU,OGU,2025,RS,CAXIAS DO SUL,Sul,"56000008483/2025",Seleção Normal,1200000,,1200000,selecionada,Setor Público,Novo PAC - Seleção,"1.488, de 2025",https://in.gov.br/web/dou/-/portaria-mcid-n-1.488-de-24-de-dezembro-de-2025-678071129
S-1006,Cidades Sustentáveis e Resilientes,Resíduos Sólidos,Resíduos Sólidos,OGU,OGU,2025,SE,ITABAIANA,Nordeste,"56000008336/2025",Seleção Normal,4100000,,4100000,selecionada,Setor Público,Novo PAC - Seleção,"1.488, de 2025",https://in.gov.br/web/dou/-/portaria-mcid-n-1.488-de-24-de-dezembro-de-2025-678071129
S-1007,Cidades Sustentáveis e Resilientes,Resíduos Sólidos,Resíduos Sólidos,OGU,OGU,2025,SP,CHARQUEADA,Sudeste,"56000008463/2025",Seleção Normal,500000,,500000,selecionada,Setor Público,Novo PAC - Seleção,"1.488, de 2025",https://in.gov.br/web/dou/-/portaria-mcid-n-1.488-de-24-de-dezembro-de-2025-678071129
S-1008,Cidades Sustentáveis e Resilientes,Resíduos Sólidos,Resíduos Sólidos,OGU,OGU,2025,SP,TAQUARITINGA,Sudeste,"56000008353/2025",Seleção Normal,7000000,,7000000,selecionada,Setor Público,Novo PAC - Seleção,"1.488, de 2025",https://in.gov.br/web/dou/-/portaria-mcid-n-1.488-de-24-de-dezembro-de-2025-678071129
S-1009,Cidades Sustentáveis e Resilientes,Esgotamento Sanitário,Esgotamento Sanitário,FIN,FGTS,2024,CE,FORQUILHA,Nordeste,"56000000971/2023",Seleção Normal,0,1850295.88,1850295.88,selecionada,Setor Público,Novo PAC - Seleção,"769, de 2024",https://www.in.gov.br/en/web/dou/-/portaria-mcid-n-769-de-26-de-julho-de-2024-574546917
S-1010,Cidades Sustentáveis e Resilientes,Esgotamento Sanitário,Esgotamento Sanitário,FIN,FGTS,2024,PA,ANANINDEUA,Norte,"56000001250/2023",Seleção Normal,0,25065958.4,25065958.4,selecionada,Setor Público,Novo PAC - Seleção,"769, de 2024",https://www.in.gov.br/en/web/dou/-/portaria-mcid-n-769-de-26-de-julho-de-2024-574546917
S-1011,Cidades Sustentáveis e Resilientes,Esgotamento Sanitário,Esgotamento Sanitário,FIN,FGTS,2024,PE,RECIFE,Nordeste,"56000001672/2023",Seleção Normal,0,13246725.24,13246725.24,selecionada,Setor Público,Novo PAC - Seleção,"769, de 2024",https://www.in.gov.br/en/web/dou/-/portaria-mcid-n-769-de-26-de-julho-de-2024-574546917
S-1012,Cidades Sustentáveis e Resilientes,Esgotamento Sanitário,Esgotamento Sanitário,FIN,FGTS,2024,PB,JUNCO DO SERIDO,Nordeste,"56000003887/2023",Seleção Normal,0,27634200,27634200,selecionada,Setor Público,Novo PAC - Seleção,"769, de 2024",https://www.in.gov.br/en/web/dou/-/portaria-mcid-n-769-de-26-de-julho-de-2024-574546917
S-1013,Cidades Sustentáveis e Resilientes,Esgotamento Sanitário,Esgotamento Sanitário,FIN,FGTS,2024,PI,BATALHA,Nordeste,"56000002223/2023",Seleção Normal,0,30000000,30000000,selecionada,Setor Público,Novo PAC - Seleção,"769, de 2024",https://www.in.gov.br/en/web/dou/-/portaria-mcid-n-769-de-26-de-julho-de-2024-574546917
S-1014,Cidades Sustentáveis e Resilientes,Prevenção a Desastres,Drenagem Urbana,OGU,OGU,2025,RS,NOVA SANTA RITA,Sul,"56000000891/2025",Seleção Normal,11051248.07,0,11051248.07,selecionada,,Novo PAC - Seleção,"1.083, de 2025",https://www.in.gov.br/en/web/dou/-/portaria-mcid-n-1.083-de-18-de-setembro-de-2025-657673658
S-1015,Cidades Sustentáveis e Resilientes,Prevenção a Desastres,Drenagem Urbana,OGU,OGU,2025,RS,TAQUARA,Sul,"56000002098/2025",Seleção Normal,48886481.91,0,48886481.91,selecionada,,Novo PAC - Seleção,"1.083, de 2025",https://www.in.gov.br/en/web/dou/-/portaria-mcid-n-1.083-de-18-de-setembro-de-2025-657673658
S-1016,Cidades Sustentáveis e Resilientes,Prevenção a Desastres,Drenagem Urbana,OGU,OGU,2025,SC,CONCORDIA,Sul,"56000002159/2025",Seleção Normal,10151539.95,0,10151539.95,selecionada,,Novo PAC - Seleção,"1.083, de 2025",https://www.in.gov.br/en/web/dou/-/portaria-mcid-n-1.083-de-18-de-setembro-de-2025-657673658
S-1017,Cidades Sustentáveis e Resilientes,Prevenção a Desastres,Drenagem Urbana,OGU,OGU,2025,SE,ARACAJU,Nordeste,"56000000275/2025",Seleção Normal,25623224.12,0,25623224.12,selecionada,,Novo PAC - Seleção,"1.083, de 2025",https://www.in.gov.br/en/web/dou/-/portaria-mcid-n-1.083-de-18-de-setembro-de-2025-657673658
S-1018,Cidades Sustentáveis e Resilientes,Prevenção a Desastres,Drenagem Urbana,OGU,OGU,2025,SP,CARAPICUIBA,Sudeste,"56000001886/2025",Seleção Normal,29222444.13,0,29222444.13,selecionada,,Novo PAC - Seleção,"1.083, de 2025",https://www.in.gov.br/en/web/dou/-/portaria-mcid-n-1.083-de-18-de-setembro-de-2025-657673658
S-1019,Cidades Sustentáveis e Resilientes,Prevenção a Desastres,Drenagem Urbana,OGU,OGU,2025,SP,HORTOLANDIA,Sudeste,"56000007068/2025",Seleção Normal,38439898.61,0,38439898.61,selecionada,,Novo PAC - Seleção,"1.083, de 2025",https://www.in.gov.br/en/web/dou/-/portaria-mcid-n-1.083-de-18-de-setembro-de-2025-657673658
S-1020,Cidades Sustentáveis e Resilientes,Prevenção a Desastres,Drenagem Urbana,OGU,OGU,2025,SP,PIRAPORA DO BOM JESUS,Sudeste,"56000002289/2025",Seleção Normal,20000000,0,20000000,selecionada,,Novo PAC - Seleção,"1.083, de 2025",https://www.in.gov.br/en/web/dou/-/portaria-mcid-n-1.083-de-18-de-setembro-de-2025-657673658
S-1021,Cidades Sustentáveis e Resilientes,Prevenção a Desastres,Contenção de Encostas,OGU,OGU,2025,MS,CORUMBA,Centro-Oeste,"56000001172/2025",Seleção Normal,5000000,0,5000000,selecionada,,Novo PAC - Seleção,"1.075, de 2025",https://www.in.gov.br/en/web/dou/-/portaria-n-1.075-de-17-de-setembro-de-2025-657769071
S-1022,Cidades Sustentáveis e Resilientes,Prevenção a Desastres,Contenção de Encostas,OGU,OGU,2025,BA,"CANDEIAS, EUNAPOLIS, IBICARAI, ILHEUS, IPIAU, MEDEIROS NETO, MUNDO NOVO, NAZARE, SIMOES FILHO, VITORIA DA CONQUISTA",Nordeste,"56000000361/2025",Seleção Normal,63528484.45,0,63528484.45,selecionada,,Novo PAC - Seleção,"1.075, de 2025",https://www.in.gov.br/en/web/dou/-/portaria-n-1.075-de-17-de-setembro-de-2025-657769071
S-1023,Cidades Sustentáveis e Resilientes,Prevenção a Desastres,Contenção de Encostas,OGU,OGU,2025,BA,GANDU,Nordeste,"56000000377/2025",Seleção Normal,8628321.07,0,8628321.07,selecionada,,Novo PAC - Seleção,"1.075, de 2025",https://www.in.gov.br/en/web/dou/-/portaria-n-1.075-de-17-de-setembro-de-2025-657769071
S-1024,Cidades Sustentáveis e Resilientes,Prevenção a Desastres,Contenção de Encostas,OGU,OGU,2025,BA,NILO PECANHA,Nordeste,"56000001779/2025",Seleção Normal,4000000,0,4000000,selecionada,,Novo PAC - Seleção,"1.075, de 2025",https://www.in.gov.br/en/web/dou/-/portaria-n-1.075-de-17-de-setembro-de-2025-657769071
S-1025,Cidades Sustentáveis e Resilientes,Prevenção a Desastres,Contenção de Encostas,OGU,OGU,2025,CE,PALMACIA,Nordeste,"56000002092/2025",Seleção Normal,6322741.94,0,6322741.94,selecionada,,Novo PAC - Seleção,"1.075, de 2025",https://www.in.gov.br/en/web/dou/-/portaria-n-1.075-de-17-de-setembro-de-2025-657769071
S-1026,Cidades Sustentáveis e Resilientes,Prevenção a Desastres,Contenção de Encostas,OGU,OGU,2025,PE,JABOATAO DOS GUARARAPES,Nordeste,"56000001037/2025",Seleção Normal,13635000,0,13635000,selecionada,,Novo PAC - Seleção,"1.075, de 2025",https://www.in.gov.br/en/web/dou/-/portaria-n-1.075-de-17-de-setembro-de-2025-657769071
S-1027,Cidades Sustentáveis e Resilientes,Prevenção a Desastres,Contenção de Encostas,OGU,OGU,2025,PE,OLINDA,Nordeste,"56000000959/2025",Seleção Normal,42153577.37,0,42153577.37,selecionada,,Novo PAC - Seleção,"1.075, de 2025",https://www.in.gov.br/en/web/dou/-/portaria-n-1.075-de-17-de-setembro-de-2025-657769071
S-1028,Cidades Sustentáveis e Resilientes,Prevenção a Desastres,Contenção de Encostas,OGU,OGU,2025,PI,PICOS,Nordeste,"56000002144/2025",Seleção Normal,543856,0,543856,selecionada,,Novo PAC - Seleção,"1.075, de 2025",https://www.in.gov.br/en/web/dou/-/portaria-n-1.075-de-17-de-setembro-de-2025-657769071
S-1029,Cidades Sustentáveis e Resilientes,Prevenção a Desastres,Contenção de Encostas,OGU,OGU,2025,AM,MANAUS,Norte,"56000000645/2025",Seleção Normal,20600000,0,20600000,selecionada,,Novo PAC - Seleção,"1.075, de 2025",https://www.in.gov.br/en/web/dou/-/portaria-n-1.075-de-17-de-setembro-de-2025-657769071
S-1030,Cidades Sustentáveis e Resilientes,Prevenção a Desastres,Contenção de Encostas,OGU,OGU,2025,ES,ALEGRE,Sudeste,"56000001722/2025",Seleção Normal,3553910.18,0,3553910.18,selecionada,,Novo PAC - Seleção,"1.075, de 2025",https://www.in.gov.br/en/web/dou/-/portaria-n-1.075-de-17-de-setembro-de-2025-657769071
S-1031,Cidades Sustentáveis e Resilientes,Prevenção a Desastres,Contenção de Encostas,OGU,OGU,2025,ES,SANTA LEOPOLDINA,Sudeste,"56000001478/2025",Seleção Normal,1455000,0,1455000,selecionada,,Novo PAC - Seleção,"1.075, de 2025",https://www.in.gov.br/en/web/dou/-/portaria-n-1.075-de-17-de-setembro-de-2025-657769071
S-1032,Cidades Sustentáveis e Resilientes,Prevenção a Desastres,Contenção de Encostas,OGU,OGU,2025,ES,VILA VELHA,Sudeste,"56000002057/2025",Seleção Normal,1019120.88,0,1019120.88,selecionada,,Novo PAC - Seleção,"1.075, de 2025",https://www.in.gov.br/en/web/dou/-/portaria-n-1.075-de-17-de-setembro-de-2025-657769071
S-1033,Cidades Sustentáveis e Resilientes,Prevenção a Desastres,Contenção de Encostas,OGU,OGU,2025,MG,CONTAGEM,Sudeste,"56000000488/2025",Seleção Normal,13844569.94,0,13844569.94,selecionada,,Novo PAC - Seleção,"1.075, de 2025",https://www.in.gov.br/en/web/dou/-/portaria-n-1.075-de-17-de-setembro-de-2025-657769071
S-1034,Cidades Sustentáveis e Resilientes,Esgotamento Sanitário,Esgotamento Sanitário,OGU,OGU,2024,PR,PITANGUEIRAS,Sul,"56000003565/2023",Seleção Normal,6424175.71,0,6424175.71,selecionada,,Novo PAC - Seleção,"769, de 2024",https://www.in.gov.br/en/web/dou/-/portaria-mcid-n-769-de-26-de-julho-de-2024-574546917
S-1035,Cidades Sustentáveis e Resilientes,Esgotamento Sanitário,Esgotamento Sanitário,FIN,FGTS,2024,MG,ITUIUTABA,Sudeste,"56000002388/2023",Seleção Normal,0,9350000,9350000,selecionada,Setor Público,Novo PAC - Seleção,"769, de 2024",https://www.in.gov.br/en/web/dou/-/portaria-mcid-n-769-de-26-de-julho-de-2024-574546917
S-1036,Cidades Sustentáveis e Resilientes,Esgotamento Sanitário,Esgotamento Sanitário,FIN,FGTS,2024,GO,CIDADE OCIDENTAL,Centro-Oeste,"56000002500/2023",Seleção Normal,0,12804675.4,12804675.4,selecionada,Setor Público,Novo PAC - Seleção,"769, de 2024",https://www.in.gov.br/en/web/dou/-/portaria-mcid-n-769-de-26-de-julho-de-2024-574546917
S-1037,Cidades Sustentáveis e Resilientes,Esgotamento Sanitário,Esgotamento Sanitário,FIN,FGTS,2024,MG,ITUETA,Sudeste,"56000002609/2023",Seleção Normal,0,5313844.15,5313844.15,selecionada,Setor Público,Novo PAC - Seleção,"769, de 2024",https://www.in.gov.br/en/web/dou/-/portaria-mcid-n-769-de-26-de-julho-de-2024-574546917
S-1038,Cidades Sustentáveis e Resilientes,Esgotamento Sanitário,Esgotamento Sanitário,FIN,FGTS,2024,PE,CARUARU,Nordeste,"56000002818/2023",Seleção Normal,0,299700000,299700000,selecionada,Setor Público,Novo PAC - Seleção,"769, de 2024",https://www.in.gov.br/en/web/dou/-/portaria-mcid-n-769-de-26-de-julho-de-2024-574546917
S-1039,Cidades Sustentáveis e Resilientes,Esgotamento Sanitário,Esgotamento Sanitário,FIN,FGTS,2024,RS,SAO LEOPOLDO,Sul,"56000002988/2023",Seleção Normal,0,123872414.82,123872414.82,selecionada,Setor Público,Novo PAC - Seleção,"769, de 2024",https://www.in.gov.br/en/web/dou/-/portaria-mcid-n-769-de-26-de-julho-de-2024-574546917
S-1040,Cidades Sustentáveis e Resilientes,Esgotamento Sanitário,Esgotamento Sanitário,FIN,FGTS,2024,PA,PORTEL,Norte,"56000003128/2023",Seleção Normal,0,14943084.75,14943084.75,selecionada,Setor Público,Novo PAC - Seleção,"769, de 2024",https://www.in.gov.br/en/web/dou/-/portaria-mcid-n-769-de-26-de-julho-de-2024-574546917
S-1041,Cidades Sustentáveis e Resilientes,Esgotamento Sanitário,Esgotamento Sanitário,FIN,FGTS,2024,MG,BERIZAL,Sudeste,"56000003232/2023",Seleção Normal,0,9611144.36,9611144.36,selecionada,Setor Público,Novo PAC - Seleção,"769, de 2024",https://www.in.gov.br/en/web/dou/-/portaria-mcid-n-769-de-26-de-julho-de-2024-574546917
S-1042,Cidades Sustentáveis e Resilientes,Esgotamento Sanitário,Esgotamento Sanitário,FIN,FGTS,2024,MT,PARANAITA,Centro-Oeste,"56000003701/2023",Seleção Normal,0,16199156.8,16199156.8,selecionada,Setor Público,Novo PAC - Seleção,"769, de 2024",https://www.in.gov.br/en/web/dou/-/portaria-mcid-n-769-de-26-de-julho-de-2024-574546917
S-1043,Cidades Sustentáveis e Resilientes,Esgotamento Sanitário,Esgotamento Sanitário,FIN,FGTS,2024,MG,ALFREDO VASCONCELOS,Sudeste,"56000004082/2023",Seleção Normal,0,16129376.86,16129376.86,selecionada,Setor Público,Novo PAC - Seleção,"769, de 2024",https://www.in.gov.br/en/web/dou/-/portaria-mcid-n-769-de-26-de-julho-de-2024-574546917
S-1044,Cidades Sustentáveis e Resilientes,Esgotamento Sanitário,Esgotamento Sanitário,FIN,FGTS,2024,PA,BELEM,Norte,"56000004213/2023",Seleção Normal,0,13919641.6,13919641.6,selecionada,Setor Público,Novo PAC - Seleção,"769, de 2024",https://www.in.gov.br/en/web/dou/-/portaria-mcid-n-769-de-26-de-julho-de-2024-574546917
S-1045,Cidades Sustentáveis e Resilientes,Esgotamento Sanitário,Esgotamento Sanitário,FIN,FGTS,2024,MG,PIRACEMA,Sudeste,"56000004316/2023",Seleção Normal,0,16586798.92,16586798.92,selecionada,Setor Público,Novo PAC - Seleção,"769, de 2024",https://www.in.gov.br/en/web/dou/-/portaria-mcid-n-769-de-26-de-julho-de-2024-574546917
S-1046,Cidades Sustentáveis e Resilientes,Esgotamento Sanitário,Esgotamento Sanitário,FIN,FGTS,2024,MG,DOM VICOSO,Sudeste,"56000004377/2023",Seleção Normal,0,2854266.43,2854266.43,selecionada,Setor Público,Novo PAC - Seleção,"769, de 2024",https://www.in.gov.br/en/web/dou/-/portaria-mcid-n-769-de-26-de-julho-de-2024-574546917
S-1047,Cidades Sustentáveis e Resilientes,Prevenção a Desastres,Contenção de Encostas,OGU,OGU,2025,MG,SABARA,Sudeste,"56000000003/2025",Seleção Normal,59924148.8,0,59924148.8,selecionada,,Novo PAC - Seleção,"1.075, de 2025",https://www.in.gov.br/en/web/dou/-/portaria-n-1.075-de-17-de-setembro-de-2025-657769071
S-1048,Cidades Sustentáveis e Resilientes,Prevenção a Desastres,Contenção de Encostas,OGU,OGU,2025,RJ,BARRA DO PIRAI,Sudeste,"56000001790/2025",Seleção Normal,1419750,0,1419750,selecionada,,Novo PAC - Seleção,"1.075, de 2025",https://www.in.gov.br/en/web/dou/-/portaria-n-1.075-de-17-de-setembro-de-2025-657769071
S-1049,Cidades Sustentáveis e Resilientes,Prevenção a Desastres,Contenção de Encostas,OGU,OGU,2025,RJ,PETROPOLIS,Sudeste,"56000001220/2025",Seleção Normal,13765885.55,0,13765885.55,selecionada,,Novo PAC - Seleção,"1.075, de 2025",https://www.in.gov.br/en/web/dou/-/portaria-n-1.075-de-17-de-setembro-de-2025-657769071
S-1050,Cidades Sustentáveis e Resilientes,Prevenção a Desastres,Contenção de Encostas,OGU,OGU,2025,SP,FRANCISCO MORATO,Sudeste,"56000001623/2025",Seleção Normal,7484165.68,0,7484165.68,selecionada,,Novo PAC - Seleção,"1.075, de 2025",https://www.in.gov.br/en/web/dou/-/portaria-n-1.075-de-17-de-setembro-de-2025-657769071
S-1051,Cidades Sustentáveis e Resilientes,Prevenção a Desastres,Contenção de Encostas,OGU,OGU,2025,SP,ITAPECERICA DA SERRA,Sudeste,"56000000535/2025",Seleção Normal,2976667.81,0,2976667.81,selecionada,,Novo PAC - Seleção,"1.075, de 2025",https://www.in.gov.br/en/web/dou/-/portaria-n-1.075-de-17-de-setembro-de-2025-657769071
S-1052,Cidades Sustentáveis e Resilientes,Prevenção a Desastres,Contenção de Encostas,OGU,OGU,2025,SP,MAUA,Sudeste,"56000001074/2025",Seleção Normal,21581556.78,0,21581556.78,selecionada,,Novo PAC - Seleção,"1.075, de 2025",https://www.in.gov.br/en/web/dou/-/portaria-n-1.075-de-17-de-setembro-de-2025-657769071
S-1053,Cidades Sustentáveis e Resilientes,Prevenção a Desastres,Contenção de Encostas,OGU,OGU,2025,SP,SAO JOSE DOS CAMPOS,Sudeste,"56000002294/2025",Seleção Normal,2643244.27,0,2643244.27,selecionada,,Novo PAC - Seleção,"1.075, de 2025",https://www.in.gov.br/en/web/dou/-/portaria-n-1.075-de-17-de-setembro-de-2025-657769071
S-1054,Cidades Sustentáveis e Resilientes,Prevenção a Desastres,Contenção de Encostas,OGU,OGU,2025,PR,RIO BRANCO DO SUL,Sul,"56000001549/2025",Seleção Normal,7648331.96,0,7648331.96,selecionada,,Novo PAC - Seleção,"1.075, de 2025",https://www.in.gov.br/en/web/dou/-/portaria-n-1.075-de-17-de-setembro-de-2025-657769071
S-1055,Cidades Sustentáveis e Resilientes,Prevenção a Desastres,Contenção de Encostas,OGU,OGU,2025,RS,ENCANTADO,Sul,"56000000366/2025",Seleção Normal,2125066.98,0,2125066.98,selecionada,,Novo PAC - Seleção,"1.075, de 2025",https://www.in.gov.br/en/web/dou/-/portaria-n-1.075-de-17-de-setembro-de-2025-657769071
S-1056,Cidades Sustentáveis e Resilientes,Prevenção a Desastres,Contenção de Encostas,OGU,OGU,2025,SC,BRUSQUE,Sul,"56000000238/2025",Seleção Normal,10213656.6,0,10213656.6,selecionada,,Novo PAC - Seleção,"1.075, de 2025",https://www.in.gov.br/en/web/dou/-/portaria-n-1.075-de-17-de-setembro-de-2025-657769071
S-1057,Cidades Sustentáveis e Resilientes,Prevenção a Desastres,Contenção de Encostas,OGU,OGU,2025,SC,SAO JOSE,Sul,"56000001535/2025",Seleção Normal,8045574.8,0,8045574.8,selecionada,,Novo PAC - Seleção,"1.075, de 2025",https://www.in.gov.br/en/web/dou/-/portaria-n-1.075-de-17-de-setembro-de-2025-657769071
S-1058,Cidades Sustentáveis e Resilientes,Mobilidade Urbana Sustentável,Médias e Grandes Cidades,OGU,OGU,2024,RJ,RIO DE JANEIRO,Sudeste,GOV05,Governadores,20000000,0,20000000,selecionada,,Novo PAC - Seleção,NA,
S-1059,Cidades Sustentáveis e Resilientes,Minha Casa Minha Vida MCMV,MCMV FNHIS SUB50,OGU,OGU,2024,BR,DIVERSOS,BR,MCMVFNHISSUB50/2024,Seleção Normal,56500000,0,56500000,selecionada,,Novo PAC - Seleção,NA,
S-1060,Cidades Sustentáveis e Resilientes,Mobilidade Urbana Sustentável,Renovação de Frota,FIN,FGTS,2024,RJ,ANGRA DOS REIS,Sudeste,"56000004915/2023",Seleção Normal,0,2400000,2400000,selecionada,Setor Público,Novo PAC - Seleção,"445, de 2024",https://www.in.gov.br/web/dou/-/portaria-mcid-n-445-de-7-de-maio-de-2024-558553015
S-1061,Cidades Sustentáveis e Resilientes,Mobilidade Urbana Sustentável,Renovação de Frota,FIN,FGTS,2024,SC,FLORIANOPOLIS,Sul,"56000000735/2023",Seleção Normal,0,99963000,99963000,selecionada,Setor Público,Novo PAC - Seleção,"445, de 2024",https://www.in.gov.br/web/dou/-/portaria-mcid-n-445-de-7-de-maio-de-2024-558553015
S-1062,Cidades Sustentáveis e Resilientes,Mobilidade Urbana Sustentável,Renovação de Frota,FIN,FGTS,2024,RJ,SAO GONCALO,Sudeste,"56000001363/2023",Seleção Normal,0,95340000,95340000,selecionada,Setor Público,Novo PAC - Seleção,"445, de 2024",https://www.in.gov.br/web/dou/-/portaria-mcid-n-445-de-7-de-maio-de-2024-558553015
S-1063,Cidades Sustentáveis e Resilientes,Mobilidade Urbana Sustentável,Renovação de Frota,FIN,FGTS,2024,SP,SAO JOSE DOS CAMPOS,Sudeste,"56000001876/2023",Seleção Normal,0,60312000,60312000,selecionada,Setor Público,Novo PAC - Seleção,"445, de 2024",https://www.in.gov.br/web/dou/-/portaria-mcid-n-445-de-7-de-maio-de-2024-558553015
S-1064,Cidades Sustentáveis e Resilientes,Mobilidade Urbana Sustentável,Renovação de Frota,FIN,FGTS,2024,PI,TERESINA,Nordeste,"56000002096/2023",Seleção Normal,0,97145413.21,97145413.21,selecionada,Setor Público,Novo PAC - Seleção,"445, de 2024",https://www.in.gov.br/web/dou/-/portaria-mcid-n-445-de-7-de-maio-de-2024-558553015
S-1065,Cidades Sustentáveis e Resilientes,Prevenção a Desastres,Drenagem Urbana,OGU,OGU,2024,BA,PRADO,Nordeste,"56000004259/2023",Seleção Normal,29686151,0,29686151,selecionada,,Novo PAC - Seleção,"765, de 2024",https://www.in.gov.br/en/web/dou/-/portaria-mcid-n-765-de-25-de-julho-de-2024-574546514
S-1066,Cidades Sustentáveis e Resilientes,Prevenção a Desastres,Drenagem Urbana,OGU,OGU,2024,AC,EPITACIOLANDIA,Norte,"56000004376/2023",Seleção Normal,1019068,0,1019068,selecionada,,Novo PAC - Seleção,"765, de 2024",https://www.in.gov.br/en/web/dou/-/portaria-mcid-n-765-de-25-de-julho-de-2024-574546514
S-1067,Cidades Sustentáveis e Resilientes,Prevenção a Desastres,Drenagem Urbana,OGU,OGU,2024,MG,RESPLENDOR,Sudeste,"56000004482/2023",Seleção Normal,3900000,0,3900000,selecionada,,Novo PAC - Seleção,"765, de 2024",https://www.in.gov.br/en/web/dou/-/portaria-mcid-n-765-de-25-de-julho-de-2024-574546514
S-1068,Cidades Sustentáveis e Resilientes,Prevenção a Desastres,Drenagem Urbana,OGU,OGU,2024,AC,CRUZEIRO DO SUL,Norte,"56000004707/2023",Seleção Normal,100000,0,100000,selecionada,,Novo PAC - Seleção,"765, de 2024",https://www.in.gov.br/en/web/dou/-/portaria-mcid-n-765-de-25-de-julho-de-2024-574546514
S-1069,Cidades Sustentáveis e Resilientes,Prevenção a Desastres,Drenagem Urbana,OGU,OGU,2024,PE,CARUARU,Nordeste,"56000005105/2023",Seleção Normal,34247361,0,34247361,selecionada,,Novo PAC - Seleção,"765, de 2024",https://www.in.gov.br/en/web/dou/-/portaria-mcid-n-765-de-25-de-julho-de-2024-574546514
S-1070,Cidades Sustentáveis e Resilientes,Prevenção a Desastres,Drenagem Urbana,OGU,OGU,2024,AL,SAO MIGUEL DOS CAMPOS,Nordeste,"56000005204/2023",Seleção Normal,629704,0,629704,selecionada,,Novo PAC - Seleção,"765, de 2024",https://www.in.gov.br/en/web/dou/-/portaria-mcid-n-765-de-25-de-julho-de-2024-574546514
S-1071,Cidades Sustentáveis e Resilientes,Prevenção a Desastres,Drenagem Urbana,OGU,OGU,2024,SP,SAO PAULO,Sudeste,"56000005329/2023",Seleção Normal,8555552,0,8555552,selecionada,,Novo PAC - Seleção,"765, de 2024",https://www.in.gov.br/en/web/dou/-/portaria-mcid-n-765-de-25-de-julho-de-2024-574546514
S-1072,Cidades Sustentáveis e Resilientes,Prevenção a Desastres,Drenagem Urbana,OGU,OGU,2024,AP,SANTANA,Norte,"56000005452/2023",Seleção Normal,3000000,0,3000000,selecionada,,Novo PAC - Seleção,"765, de 2024",https://www.in.gov.br/en/web/dou/-/portaria-mcid-n-765-de-25-de-julho-de-2024-574546514
S-1073,Cidades Sustentáveis e Resilientes,Prevenção a Desastres,Drenagem Urbana,OGU,OGU,2024,PR,FOZ DO IGUACU,Sul,"56000005558/2023",Seleção Normal,3995987,0,3995987,selecionada,,Novo PAC - Seleção,"765, de 2024",https://www.in.gov.br/en/web/dou/-/portaria-mcid-n-765-de-25-de-julho-de-2024-574546514
S-1074,Cidades Sustentáveis e Resilientes,Prevenção a Desastres,Drenagem Urbana,OGU,OGU,2024,PE,CORRENTES,Nordeste,"56000005674/2023",Seleção Normal,16650000,0,16650000,selecionada,,Novo PAC - Seleção,"765, de 2024",https://www.in.gov.br/en/web/dou/-/portaria-mcid-n-765-de-25-de-julho-de-2024-574546514
S-1075,Cidades Sustentáveis e Resilientes,Prevenção a Desastres,Drenagem Urbana,OGU,OGU,2024,SC,JOINVILLE,Sul,"56000005764/2023",Seleção Normal,205991400,0,205991400,selecionada,,Novo PAC - Seleção,"765, de 2024",https://www.in.gov.br/en/web/dou/-/portaria-mcid-n-765-de-25-de-julho-de-2024-574546514
S-1076,Cidades Sustentáveis e Resilientes,Prevenção a Desastres,Drenagem Urbana,OGU,OGU,2024,PA,SAO MIGUEL DO GUAMA,Norte,"56000006015/2023",Seleção Normal,1138490,0,1138490,selecionada,,Novo PAC - Seleção,"765, de 2024",https://www.in.gov.br/en/web/dou/-/portaria-mcid-n-765-de-25-de-julho-de-2024-574546514
S-1077,Cidades Sustentáveis e Resilientes,Prevenção a Desastres,Drenagem Urbana,OGU,OGU,2024,SP,FRANCISCO MORATO,Sudeste,"56000006367/2023",Seleção Normal,300000,0,300000,selecionada,,Novo PAC - Seleção,"765, de 2024",https://www.in.gov.br/en/web/dou/-/portaria-mcid-n-765-de-25-de-julho-de-2024-574546514
S-1078,Cidades Sustentáveis e Resilientes,Prevenção a Desastres,Drenagem Urbana,OGU,OGU,2024,AM,COARI,Norte,"56000006629/2023",Seleção Normal,2514929,0,2514929,selecionada,,Novo PAC - Seleção,"765, de 2024",https://www.in.gov.br/en/web/dou/-/portaria-mcid-n-765-de-25-de-julho-de-2024-574546514
S-1079,Cidades Sustentáveis e Resilientes,Prevenção a Desastres,Drenagem Urbana,OGU,OGU,2024,CE,SOBRAL,Nordeste,"56000006653/2023",Seleção Normal,8982720,0,8982720,selecionada,,Novo PAC - Seleção,"765, de 2024",https://www.in.gov.br/en/web/dou/-/portaria-mcid-n-765-de-25-de-julho-de-2024-574546514
S-1080,Cidades Sustentáveis e Resilientes,Prevenção a Desastres,Drenagem Urbana,OGU,OGU,2024,PE,NAZARE DA MATA,Nordeste,"56000006756/2023",Seleção Normal,3716544,0,3716544,selecionada,,Novo PAC - Seleção,"765, de 2024",https://www.in.gov.br/en/web/dou/-/portaria-mcid-n-765-de-25-de-julho-de-2024-574546514
S-1081,Cidades Sustentáveis e Resilientes,Prevenção a Desastres,Contenção de Encostas,OGU,OGU,2024,BA,SALVADOR,Nordeste,"56000000206/2023",Seleção Normal,47325183.39,0,47325183.39,selecionada,,Novo PAC - Seleção,"451, de 2024",https://www.in.gov.br/web/dou/-/portaria-mcid-n-451-de-7-de-maio-de-2024-558538861
S-1082,Cidades Sustentáveis e Resilientes,Prevenção a Desastres,Contenção de Encostas,OGU,OGU,2024,PE,JABOATAO DOS GUARARAPES,Nordeste,"56000000421/2023",Seleção Normal,3424999.34,0,3424999.34,selecionada,,Novo PAC - Seleção,"451, de 2024",https://www.in.gov.br/web/dou/-/portaria-mcid-n-451-de-7-de-maio-de-2024-558538861
S-1083,Cidades Sustentáveis e Resilientes,Periferia Viva,Urbanização de Favelas,FIN,FGTS,2025,PE,PAULISTA,Nordeste,"56000000905/2025",Seleção Normal,0,11235802.25,11235802.25,enquadrada,Setor Privado,Novo PAC - Seleção,"825, de 2025",https://www.in.gov.br/web/dou/-/portaria-mcid-n-825-de-24-de-julho-de-2025-644423269
S-1084,Cidades Sustentáveis e Resilientes,Periferia Viva,Regularização Fundiária,OGU,OGU,2024,MG,SANTANA DO PARAISO,Sudeste,"56000000532/2023",Seleção Normal,515685.07,0,515685.07,selecionada,,Novo PAC - Seleção,"450, de 2024",https://www.in.gov.br/web/dou/-/portaria-mcid-n-450-de-7-de-maio-de-2024-558553649
S-1085,Cidades Sustentáveis e Resilientes,Periferia Viva,Regularização Fundiária,OGU,OGU,2024,RS,BENTO GONCALVES,Sul,"56000000312/2023",Seleção Normal,400000,0,400000,selecionada,,Novo PAC - Seleção,"450, de 2024",https://www.in.gov.br/web/dou/-/portaria-mcid-n-450-de-7-de-maio-de-2024-558553649
S-1086,Cidades Sustentáveis e Resilientes,Periferia Viva,Regularização Fundiária,OGU,OGU,2024,MA,BACABAL,Nordeste,"56000000396/2023",Seleção Normal,1000000,0,1000000,selecionada,,Novo PAC - Seleção,"450, de 2024",https://www.in.gov.br/web/dou/-/portaria-mcid-n-450-de-7-de-maio-de-2024-558553649
S-1087,Cidades Sustentáveis e Resilientes,Prevenção a Desastres,Contenção de Encostas,FIN,FGTS,2025,MG,AGUA BOA,Sudeste,"56000002515/2025",Seleção Normal,0,9752000,9752000,enquadrada,Setor Privado,Novo PAC - Seleção,"1.074, de 2025",https://www.in.gov.br/en/web/dou/-/portaria-mcid-n-1.074-de-17-de-setembro-de-2025-657752151
S-1088,Cidades Sustentáveis e Resilientes,Periferia Viva,Regularização Fundiária,OGU,OGU,2024,RS,CANOAS,Sul,"56000000446/2023",Seleção Normal,500000,0,500000,selecionada,,Novo PAC - Seleção,"450, de 2024",https://www.in.gov.br/web/dou/-/portaria-mcid-n-450-de-7-de-maio-de-2024-558553649
S-1089,Cidades Sustentáveis e Resilientes,Periferia Viva,Regularização Fundiária,OGU,OGU,2024,CE,FORQUILHA,Nordeste,"56000000621/2023",Seleção Normal,800000,0,800000,selecionada,,Novo PAC - Seleção,"450, de 2024",https://www.in.gov.br/web/dou/-/portaria-mcid-n-450-de-7-de-maio-de-2024-558553649
S-1090,Cidades Sustentáveis e Resilientes,Periferia Viva,Regularização Fundiária,OGU,OGU,2024,RJ,RIO DE JANEIRO,Sudeste,"56000000663/2023",Seleção Normal,6000000,0,6000000,selecionada,,Novo PAC - Seleção,"450, de 2024",https://www.in.gov.br/web/dou/-/portaria-mcid-n-450-de-7-de-maio-de-2024-558553649
S-1091,Cidades Sustentáveis e Resilientes,Periferia Viva,Regularização Fundiária,OGU,OGU,2024,BA,FEIRA DE SANTANA,Nordeste,"56000000736/2023",Seleção Normal,936000,0,936000,selecionada,,Novo PAC - Seleção,"450, de 2024",https://www.in.gov.br/web/dou/-/portaria-mcid-n-450-de-7-de-maio-de-2024-558553649
S-1092,Cidades Sustentáveis e Resilientes,Periferia Viva,Regularização Fundiária,OGU,OGU,2024,BA,CAETITE,Nordeste,"56000000824/2023",Seleção Normal,1000000,0,1000000,selecionada,,Novo PAC - Seleção,"450, de 2024",https://www.in.gov.br/web/dou/-/portaria-mcid-n-450-de-7-de-maio-de-2024-558553649
S-1093,Cidades Sustentáveis e Resilientes,Periferia Viva,Regularização Fundiária,OGU,OGU,2024,PA,PARAUAPEBAS,Norte,"56000000919/2023",Seleção Normal,2000000,0,2000000,selecionada,,Novo PAC - Seleção,"450, de 2024",https://www.in.gov.br/web/dou/-/portaria-mcid-n-450-de-7-de-maio-de-2024-558553649
S-1094,Cidades Sustentáveis e Resilientes,Periferia Viva,Regularização Fundiária,OGU,OGU,2024,PE,ITAPISSUMA,Nordeste,"56000001058/2023",Seleção Normal,706500,0,706500,selecionada,,Novo PAC - Seleção,"450, de 2024",https://www.in.gov.br/web/dou/-/portaria-mcid-n-450-de-7-de-maio-de-2024-558553649
S-1095,Cidades Sustentáveis e Resilientes,Periferia Viva,Regularização Fundiária,OGU,OGU,2024,SE,ARACAJU,Nordeste,"56000001108/2023",Seleção Normal,3112653.57,0,3112653.57,selecionada,,Novo PAC - Seleção,"450, de 2024",https://www.in.gov.br/web/dou/-/portaria-mcid-n-450-de-7-de-maio-de-2024-558553649
S-1096,Cidades Sustentáveis e Resilientes,Periferia Viva,Regularização Fundiária,OGU,OGU,2024,RN,ACU,Nordeste,"56000001159/2023",Seleção Normal,1000000,0,1000000,selecionada,,Novo PAC - Seleção,"450, de 2024",https://www.in.gov.br/web/dou/-/portaria-mcid-n-450-de-7-de-maio-de-2024-558553649
S-1097,Cidades Sustentáveis e Resilientes,Periferia Viva,Regularização Fundiária,OGU,OGU,2024,PA,CASTANHAL,Norte,"56000001234/2023",Seleção Normal,2000000,0,2000000,selecionada,,Novo PAC - Seleção,"450, de 2024",https://www.in.gov.br/web/dou/-/portaria-mcid-n-450-de-7-de-maio-de-2024-558553649
S-1098,Cidades Sustentáveis e Resilientes,Prevenção a Desastres,Drenagem Urbana,OGU,OGU,2024,CE,ITAPIPOCA,Nordeste,"56000001671/2023",Seleção Normal,157351029,0,157351029,selecionada,,Novo PAC - Seleção,"765, de 2024",https://www.in.gov.br/en/web/dou/-/portaria-mcid-n-765-de-25-de-julho-de-2024-574546514
S-1099,Cidades Sustentáveis e Resilientes,Mobilidade Urbana Sustentável,Renovação de Frota,FIN,FGTS,2024,PR,SAO JOSE DOS PINHAIS,Sul,"56000004020/2023",Seleção Normal,0,95340000,95340000,selecionada,Setor Público,Novo PAC - Seleção,"445, de 2024",https://www.in.gov.br/web/dou/-/portaria-mcid-n-445-de-7-de-maio-de-2024-558553015
S-1100,Cidades Sustentáveis e Resilientes,Mobilidade Urbana Sustentável,Renovação de Frota,FIN,FGTS,2024,CE,FORTALEZA,Nordeste,"56000003404/2023",Seleção Normal,0,200000000,200000000,selecionada,Setor Público,Novo PAC - Seleção,"445, de 2024",https://www.in.gov.br/web/dou/-/portaria-mcid-n-445-de-7-de-maio-de-2024-558553015
S-1101,Cidades Sustentáveis e Resilientes,Mobilidade Urbana Sustentável,Renovação de Frota,FIN,FGTS,2024,SP,BRAGANCA PAULISTA,Sudeste,"56000003559/2023",Seleção Normal,0,75441614.18,75441614.18,selecionada,Setor Público,Novo PAC - Seleção,"445, de 2024",https://www.in.gov.br/web/dou/-/portaria-mcid-n-445-de-7-de-maio-de-2024-558553015
S-1102,Cidades Sustentáveis e Resilientes,Mobilidade Urbana Sustentável,Renovação de Frota,FIN,FGTS,2024,RJ,MAGE,Sudeste,"56000003854/2023",Seleção Normal,0,95340000,95340000,selecionada,Setor Público,Novo PAC - Seleção,"445, de 2024",https://www.in.gov.br/web/dou/-/portaria-mcid-n-445-de-7-de-maio-de-2024-558553015
S-1103,Cidades Sustentáveis e Resilientes,Periferia Viva,Urbanização de Favelas,OGU,OGU,2024,RJ,SAO GONCALO,Sudeste,"56000004290/2023",Seleção Normal,152889935.11,0,152889935.11,selecionada,,Novo PAC - Seleção,"449, de 2024",https://www.in.gov.br/web/dou/-/portaria-mcid-n-449-de-7-de-maio-de-2024-558553094
S-1104,Cidades Sustentáveis e Resilientes,Mobilidade Urbana Sustentável,Renovação de Frota,FIN,FGTS,2024,RJ,ANGRA DOS REIS,Sudeste,"56000005367/2023",Seleção Normal,0,2400000,2400000,selecionada,Setor Público,Novo PAC - Seleção,"445, de 2024",https://www.in.gov.br/web/dou/-/portaria-mcid-n-445-de-7-de-maio-de-2024-558553015
S-1105,Cidades Sustentáveis e Resilientes,Mobilidade Urbana Sustentável,Renovação de Frota,FIN,FGTS,2024,BA,SALVADOR,Nordeste,"56000005692/2023",Seleção Normal,0,616000000,616000000,selecionada,Setor Público,Novo PAC - Seleção,"445, de 2024",https://www.in.gov.br/web/dou/-/portaria-mcid-n-445-de-7-de-maio-de-2024-558553015
S-1106,Cidades Sustentáveis e Resilientes,Mobilidade Urbana Sustentável,Renovação de Frota,FIN,FGTS,2024,BA,LAURO DE FREITAS,Nordeste,"56000005968/2023",Seleção Normal,0,60000000,60000000,selecionada,Setor Público,Novo PAC - Seleção,"445, de 2024",https://www.in.gov.br/web/dou/-/portaria-mcid-n-445-de-7-de-maio-de-2024-558553015
S-1107,Cidades Sustentáveis e Resilientes,Mobilidade Urbana Sustentável,Renovação de Frota,FIN,FGTS,2024,RJ,CAMPOS DOS GOYTACAZES,Sudeste,"56000006217/2023",Seleção Normal,0,534965000,534965000,selecionada,Setor Público,Novo PAC - Seleção,"445, de 2024",https://www.in.gov.br/web/dou/-/portaria-mcid-n-445-de-7-de-maio-de-2024-558553015
S-1108,Cidades Sustentáveis e Resilientes,Mobilidade Urbana Sustentável,Renovação de Frota,FIN,FGTS,2024,BA,BARREIRAS,Nordeste,"56000006475/2023",Seleção Normal,0,95340000,95340000,selecionada,Setor Público,Novo PAC - Seleção,"445, de 2024",https://www.in.gov.br/web/dou/-/portaria-mcid-n-445-de-7-de-maio-de-2024-558553015
S-1109,Cidades Sustentáveis e Resilientes,Periferia Viva,Urbanização de Favelas,OGU,OGU,2024,PE,OLINDA,Nordeste,"56000000460/2023",Seleção Normal,160064468,0,160064468,selecionada,,Novo PAC - Seleção,"449, de 2024",https://www.in.gov.br/web/dou/-/portaria-mcid-n-449-de-7-de-maio-de-2024-558553094
S-1110,Cidades Sustentáveis e Resilientes,Periferia Viva,Urbanização de Favelas,OGU,OGU,2024,PA,BELEM,Norte,"56000002349/2023",Seleção Normal,132700262.69,0,132700262.69,selecionada,,Novo PAC - Seleção,"449, de 2024",https://www.in.gov.br/web/dou/-/portaria-mcid-n-449-de-7-de-maio-de-2024-558553094
S-1111,Cidades Sustentáveis e Resilientes,Periferia Viva,Urbanização de Favelas,OGU,OGU,2024,SP,FRANCO DA ROCHA,Sudeste,"56000000810/2023",Seleção Normal,70000000,0,70000000,selecionada,,Novo PAC - Seleção,"449, de 2024",https://www.in.gov.br/web/dou/-/portaria-mcid-n-449-de-7-de-maio-de-2024-558553094
S-1112,Cidades Sustentáveis e Resilientes,Periferia Viva,Regularização Fundiária,OGU,OGU,2024,ES,SERRA,Sudeste,"56000004214/2023",Seleção Normal,636129.03,0,636129.03,selecionada,,Novo PAC - Seleção,"450, de 2024",https://www.in.gov.br/web/dou/-/portaria-mcid-n-450-de-7-de-maio-de-2024-558553649
S-1113,Cidades Sustentáveis e Resilientes,Periferia Viva,Regularização Fundiária,OGU,OGU,2024,PE,PAUDALHO,Nordeste,"56000001974/2023",Seleção Normal,1000000,0,1000000,selecionada,,Novo PAC - Seleção,"450, de 2024",https://www.in.gov.br/web/dou/-/portaria-mcid-n-450-de-7-de-maio-de-2024-558553649
S-1114,Cidades Sustentáveis e Resilientes,Periferia Viva,Regularização Fundiária,OGU,OGU,2024,SP,SANTO ANDRE,Sudeste,"56000001445/2023",Seleção Normal,404000,0,404000,selecionada,,Novo PAC - Seleção,"450, de 2024",https://www.in.gov.br/web/dou/-/portaria-mcid-n-450-de-7-de-maio-de-2024-558553649
S-1115,Cidades Sustentáveis e Resilientes,Periferia Viva,Regularização Fundiária,OGU,OGU,2024,MG,BELO HORIZONTE,Sudeste,"56000001604/2023",Seleção Normal,930000,0,930000,selecionada,,Novo PAC - Seleção,"450, de 2024",https://www.in.gov.br/web/dou/-/portaria-mcid-n-450-de-7-de-maio-de-2024-558553649
S-1116,Cidades Sustentáveis e Resilientes,Periferia Viva,Regularização Fundiária,OGU,OGU,2024,SP,FERRAZ DE VASCONCELOS,Sudeste,"56000001697/2023",Seleção Normal,1000000,0,1000000,selecionada,,Novo PAC - Seleção,"450, de 2024",https://www.in.gov.br/web/dou/-/portaria-mcid-n-450-de-7-de-maio-de-2024-558553649
S-1117,Cidades Sustentáveis e Resilientes,Periferia Viva,Regularização Fundiária,OGU,OGU,2024,MG,TEOFILO OTONI,Sudeste,"56000001803/2023",Seleção Normal,500000,0,500000,selecionada,,Novo PAC - Seleção,"450, de 2024",https://www.in.gov.br/web/dou/-/portaria-mcid-n-450-de-7-de-maio-de-2024-558553649
S-1118,Cidades Sustentáveis e Resilientes,Periferia Viva,Regularização Fundiária,OGU,OGU,2024,ES,VILA VELHA,Sudeste,"56000001837/2023",Seleção Normal,2000000,0,2000000,selecionada,,Novo PAC - Seleção,"450, de 2024",https://www.in.gov.br/web/dou/-/portaria-mcid-n-450-de-7-de-maio-de-2024-558553649
S-1119,Cidades Sustentáveis e Resilientes,Periferia Viva,Regularização Fundiária,OGU,OGU,2024,MA,DAVINOPOLIS,Nordeste,"56000001959/2023",Seleção Normal,1000000,0,1000000,selecionada,,Novo PAC - Seleção,"450, de 2024",https://www.in.gov.br/web/dou/-/portaria-mcid-n-450-de-7-de-maio-de-2024-558553649
S-1120,Cidades Sustentáveis e Resilientes,Periferia Viva,Regularização Fundiária,OGU,OGU,2024,RS,ESTEIO,Sul,"56000002076/2023",Seleção Normal,400000,0,400000,selecionada,,Novo PAC - Seleção,"450, de 2024",https://www.in.gov.br/web/dou/-/portaria-mcid-n-450-de-7-de-maio-de-2024-558553649
S-1121,Cidades Sustentáveis e Resilientes,Periferia Viva,Regularização Fundiária,OGU,OGU,2024,PA,SAO FELIX DO XINGU,Norte,"56000002131/2023",Seleção Normal,2857754.23,0,2857754.23,selecionada,,Novo PAC - Seleção,"450, de 2024",https://www.in.gov.br/web/dou/-/portaria-mcid-n-450-de-7-de-maio-de-2024-558553649
S-1122,Cidades Sustentáveis e Resilientes,Periferia Viva,Regularização Fundiária,OGU,OGU,2024,RO,ARIQUEMES,Norte,"56000002297/2023",Seleção Normal,999900,0,999900,selecionada,,Novo PAC - Seleção,"450, de 2024",https://www.in.gov.br/web/dou/-/portaria-mcid-n-450-de-7-de-maio-de-2024-558553649
S-1123,Cidades Sustentáveis e Resilientes,Periferia Viva,Regularização Fundiária,OGU,OGU,2024,SP,EMBU,Sudeste,"56000002535/2023",Seleção Normal,2000000,0,2000000,selecionada,,Novo PAC - Seleção,"450, de 2024",https://www.in.gov.br/web/dou/-/portaria-mcid-n-450-de-7-de-maio-de-2024-558553649
S-1124,Cidades Sustentáveis e Resilientes,Periferia Viva,Urbanização de Favelas,OGU,OGU,2024,PE,RECIFE,Nordeste,"56000001828/2023",Seleção Normal,57525086.88,0,57525086.88,selecionada,,Novo PAC - Seleção,"449, de 2024",https://www.in.gov.br/web/dou/-/portaria-mcid-n-449-de-7-de-maio-de-2024-558553094
S-1125,Cidades Sustentáveis e Resilientes,Periferia Viva,Urbanização de Favelas,OGU,OGU,2024,MG,RIBEIRAO DAS NEVES,Sudeste,"56000002187/2023",Seleção Normal,30000000,0,30000000,selecionada,,Novo PAC - Seleção,"449, de 2024",https://www.in.gov.br/web/dou/-/portaria-mcid-n-449-de-7-de-maio-de-2024-558553094
S-1126,Cidades Sustentáveis e Resilientes,Periferia Viva,Urbanização de Favelas,OGU,OGU,2024,MG,CONTAGEM,Sudeste,"56000002540/2023",Seleção Normal,124119590,0,124119590,selecionada,,Novo PAC - Seleção,"449, de 2024",https://www.in.gov.br/web/dou/-/portaria-mcid-n-449-de-7-de-maio-de-2024-558553094
S-1127,Cidades Sustentáveis e Resilientes,Prevenção a Desastres,Drenagem Urbana,OGU,OGU,2024,MG,VESPASIANO,Sudeste,"56000003006/2023",Seleção Normal,866334,0,866334,selecionada,,Novo PAC - Seleção,"765, de 2024",https://www.in.gov.br/en/web/dou/-/portaria-mcid-n-765-de-25-de-julho-de-2024-574546514
S-1128,Cidades Sustentáveis e Resilientes,Periferia Viva,Urbanização de Favelas,OGU,OGU,2024,CE,FORTALEZA,Nordeste,"56000003407/2023",Seleção Normal,99920000,0,99920000,selecionada,,Novo PAC - Seleção,"449, de 2024",https://www.in.gov.br/web/dou/-/portaria-mcid-n-449-de-7-de-maio-de-2024-558553094
S-1129,Cidades Sustentáveis e Resilientes,Periferia Viva,Urbanização de Favelas,OGU,OGU,2024,GO,AGUAS LINDAS DE GOIAS,Centro-Oeste,"56000004267/2023",Seleção Normal,94842000,0,94842000,selecionada,,Novo PAC - Seleção,"449, de 2024",https://www.in.gov.br/web/dou/-/portaria-mcid-n-449-de-7-de-maio-de-2024-558553094
S-1130,Cidades Sustentáveis e Resilientes,Periferia Viva,Urbanização de Favelas,OGU,OGU,2024,BA,LAURO DE FREITAS,Nordeste,"56000004955/2023",Seleção Normal,25082529.72,0,25082529.72,selecionada,,Novo PAC - Seleção,"449, de 2024",https://www.in.gov.br/web/dou/-/portaria-mcid-n-449-de-7-de-maio-de-2024-558553094
S-1131,Cidades Sustentáveis e Resilientes,Periferia Viva,Urbanização de Favelas,OGU,OGU,2024,RS,PORTO ALEGRE,Sul,"56000005575/2023",Seleção Normal,33470271.67,0,33470271.67,selecionada,,Novo PAC - Seleção,"449, de 2024",https://www.in.gov.br/web/dou/-/portaria-mcid-n-449-de-7-de-maio-de-2024-558553094
S-1132,Cidades Sustentáveis e Resilientes,Esgotamento Sanitário,Esgotamento Sanitário,FIN,FGTS,2024,RS,PORTO ALEGRE,Sul,"56000004567/2023",Seleção Normal,0,60605211.55,60605211.55,selecionada,Setor Público,Novo PAC - Seleção,"769, de 2024",https://www.in.gov.br/en/web/dou/-/portaria-mcid-n-769-de-26-de-julho-de-2024-574546917
S-1133,Cidades Sustentáveis e Resilientes,Esgotamento Sanitário,Esgotamento Sanitário,FIN,FGTS,2024,CE,ACARAU,Nordeste,"56000004653/2023",Seleção Normal,0,108631292.87,108631292.87,selecionada,Setor Público,Novo PAC - Seleção,"769, de 2024",https://www.in.gov.br/en/web/dou/-/portaria-mcid-n-769-de-26-de-julho-de-2024-574546917
S-1134,Cidades Sustentáveis e Resilientes,Esgotamento Sanitário,Esgotamento Sanitário,FIN,FGTS,2024,GO,FAINA,Centro-Oeste,"56000004867/2023",Seleção Normal,0,11461417.75,11461417.75,selecionada,Setor Público,Novo PAC - Seleção,"769, de 2024",https://www.in.gov.br/en/web/dou/-/portaria-mcid-n-769-de-26-de-julho-de-2024-574546917
S-1135,Cidades Sustentáveis e Resilientes,Esgotamento Sanitário,Esgotamento Sanitário,FIN,FGTS,2024,MG,NOVA LIMA,Sudeste,"56000005255/2023",Seleção Normal,0,50000000,50000000,selecionada,Setor Público,Novo PAC - Seleção,"769, de 2024",https://www.in.gov.br/en/web/dou/-/portaria-mcid-n-769-de-26-de-julho-de-2024-574546917
S-1136,Cidades Sustentáveis e Resilientes,Resíduos Sólidos,Resíduos Sólidos,OGU,OGU,2024,BA,"BARREIRAS, BURITIRAMA, FORMOSA DO RIO PRETO, SANTA RITA DE CASSIA E TABOCAS DO BREJO VELHO",Nordeste,"56000000229/2023",Seleção Normal,2730026,0,2730026,selecionada,,Novo PAC - Seleção,"1.119, de 2024",https://www.in.gov.br/en/web/dou/-/portaria-mcid-n-1.119-de-7-de-outubro-de-2024-596577847
S-1137,Cidades Sustentáveis e Resilientes,Resíduos Sólidos,Resíduos Sólidos,OGU,OGU,2024,PA,ULIANOPOLIS,Norte,"56000000904/2023",Seleção Normal,5921960,0,5921960,selecionada,,Novo PAC - Seleção,"1.119, de 2024",https://www.in.gov.br/en/web/dou/-/portaria-mcid-n-1.119-de-7-de-outubro-de-2024-596577847
S-1138,Cidades Sustentáveis e Resilientes,Resíduos Sólidos,Resíduos Sólidos,OGU,OGU,2024,MG,"JAIBA, JANAUBA, MONTE AZUL, MATIAS CARDOSO, VERDELANDIA, NOVA PORTEIRINHA, PORTEIRINHA, MAMONAS, ESPINOSA",Sudeste,"56000001088/2023",Seleção Normal,9364175,0,9364175,selecionada,,Novo PAC - Seleção,"1.119, de 2024",https://www.in.gov.br/en/web/dou/-/portaria-mcid-n-1.119-de-7-de-outubro-de-2024-596577847
S-1139,Cidades Sustentáveis e Resilientes,Prevenção a Desastres,Drenagem Urbana,OGU,OGU,2024,SP,CARAPICUIBA,Sudeste,"56000006329/2023",Seleção Normal,58547390,0,58547390,selecionada,,Novo PAC - Seleção,"765, de 2024",https://www.in.gov.br/en/web/dou/-/portaria-mcid-n-765-de-25-de-julho-de-2024-574546514
S-1140,Cidades Sustentáveis e Resilientes,Resíduos Sólidos,Resíduos Sólidos,OGU,OGU,2024,SC,"ASCURRA, APIUNA, BENEDITO NOVO, BOTUVERA, DOUTOR PEDRINHO, GUABIRUBA, ILHOTA, INDAIAL, LUIZ ALVES, MASSARANDUBA, POMERODE, RIO DOS CEDROS, RODEIO E TIMBO.
",Sul,"56000001686/2023",Seleção Normal,3763884,0,3763884,selecionada,,Novo PAC - Seleção,"1.119, de 2024",https://www.in.gov.br/en/web/dou/-/portaria-mcid-n-1.119-de-7-de-outubro-de-2024-596577847
S-1141,Cidades Sustentáveis e Resilientes,Resíduos Sólidos,Resíduos Sólidos,OGU,OGU,2024,CE,BATURITE,Nordeste,"56000002313/2023",Seleção Normal,328000,0,328000,selecionada,,Novo PAC - Seleção,"1.119, de 2024",https://www.in.gov.br/en/web/dou/-/portaria-mcid-n-1.119-de-7-de-outubro-de-2024-596577847
S-1142,Cidades Sustentáveis e Resilientes,Resíduos Sólidos,Resíduos Sólidos,OGU,OGU,2024,MG,"ARINOS, BONFINOPOLIS DE MINAS, BRASILANDIA DE MINAS, BURITIS, CABECEIRA GRANDE, CHAPADA GAUCHA, DOM BOSCO, FORMOSO, RIACHINHO, SANTA FE DE MINAS E URUANA DE MINAS.",Sudeste,"56000002561/2023",Seleção Normal,31236268,0,31236268,selecionada,,Novo PAC - Seleção,"1.119, de 2024",https://www.in.gov.br/en/web/dou/-/portaria-mcid-n-1.119-de-7-de-outubro-de-2024-596577847
S-1143,Cidades Sustentáveis e Resilientes,Resíduos Sólidos,Resíduos Sólidos,OGU,OGU,2024,BA,SANTA INÊS,Nordeste,"56000002961/2023",Seleção Normal,4480000,0,4480000,selecionada,,Novo PAC - Seleção,"1.119, de 2024",https://www.in.gov.br/en/web/dou/-/portaria-mcid-n-1.119-de-7-de-outubro-de-2024-596577847
S-1144,Cidades Sustentáveis e Resilientes,Resíduos Sólidos,Resíduos Sólidos,OGU,OGU,2024,MT,BRASNORTE,Centro-Oeste,"56000003205/2023",Seleção Normal,1045582,0,1045582,selecionada,,Novo PAC - Seleção,"1.119, de 2024",https://www.in.gov.br/en/web/dou/-/portaria-mcid-n-1.119-de-7-de-outubro-de-2024-596577847
S-1145,Cidades Sustentáveis e Resilientes,Resíduos Sólidos,Resíduos Sólidos,OGU,OGU,2024,MG,MINAS GERAIS,Sudeste,"56000004092/2023",Seleção Normal,12784633,0,12784633,selecionada,,Novo PAC - Seleção,"1.119, de 2024",https://www.in.gov.br/en/web/dou/-/portaria-mcid-n-1.119-de-7-de-outubro-de-2024-596577847
S-1146,Cidades Sustentáveis e Resilientes,Resíduos Sólidos,Resíduos Sólidos,OGU,OGU,2024,BA,ITORORO,Nordeste,"56000004334/2023",Seleção Normal,7700000,0,7700000,selecionada,,Novo PAC - Seleção,"1.119, de 2024",https://www.in.gov.br/en/web/dou/-/portaria-mcid-n-1.119-de-7-de-outubro-de-2024-596577847
S-1147,Cidades Sustentáveis e Resilientes,Resíduos Sólidos,Resíduos Sólidos,OGU,OGU,2024,MA,"ACAILANDIA , BACABAL, BALSAS, BARREIRINHAS, BURITICUPU, CHAPADINHA, CAXIAS, CODO, SANTA INÊS, TUTOIA, PINHEIRO",Nordeste,"56000004809/2023",Seleção Normal,25095466,0,25095466,selecionada,,Novo PAC - Seleção,"1.119, de 2024",https://www.in.gov.br/en/web/dou/-/portaria-mcid-n-1.119-de-7-de-outubro-de-2024-596577847
S-1148,Cidades Sustentáveis e Resilientes,Prevenção a Desastres,Drenagem Urbana,OGU,OGU,2024,MA,ACAILANDIA,Nordeste,"56000001765/2023",Seleção Normal,1097343,0,1097343,selecionada,,Novo PAC - Seleção,"765, de 2024",https://www.in.gov.br/en/web/dou/-/portaria-mcid-n-765-de-25-de-julho-de-2024-574546514
S-1149,Cidades Sustentáveis e Resilientes,Resíduos Sólidos,Resíduos Sólidos,OGU,OGU,2024,CE,MILHA,Nordeste,"56000005201/2023",Seleção Normal,1438000,0,1438000,selecionada,,Novo PAC - Seleção,"1.119, de 2024",https://www.in.gov.br/en/web/dou/-/portaria-mcid-n-1.119-de-7-de-outubro-de-2024-596577847
S-1150,Cidades Sustentáveis e Resilientes,Resíduos Sólidos,Resíduos Sólidos,OGU,OGU,2024,GO,"ACREUNA, ALTO PARAISO DE GOIAS, BONFINOPOLIS, BURITI DE GOIAS, CERES, COCALZINHO DE GOIAS, CORUMBA DE GOIAS, GOIANAPOLIS, GOIANIA , GOIANIRA, GOIAS, INHUMAS , IPAMERI, ITABERAI , ITAPACI , ITAPURANGA , ITAUCU, JANDAIA , JESUPOLIS, MORRINHOS, MOSSAMEDES, NOVA VENEZA, ORIZONA, PANAMA, PIRES DO RIO, PLANALTINA, PONTALINA, RIANAPOLIS, RUBIATABA, SANTO ANTONIO DE GOIAS, SAO FRANCISCO DE GOIAS, SENADOR CANEDO, SILVANIA, URUACU, VICENTINOPOLIS.",Centro-Oeste,"56000005325/2023",Seleção Normal,15300000,0,15300000,selecionada,,Novo PAC - Seleção,"1.119, de 2024",https://www.in.gov.br/en/web/dou/-/portaria-mcid-n-1.119-de-7-de-outubro-de-2024-596577847
S-1151,Cidades Sustentáveis e Resilientes,Resíduos Sólidos,Resíduos Sólidos,OGU,OGU,2024,SE,LAGARTO,Nordeste,"56000005952/2023",Seleção Normal,1202984,0,1202984,selecionada,,Novo PAC - Seleção,"1.119, de 2024",https://www.in.gov.br/en/web/dou/-/portaria-mcid-n-1.119-de-7-de-outubro-de-2024-596577847
S-1152,Cidades Sustentáveis e Resilientes,Prevenção a Desastres,Drenagem Urbana,OGU,OGU,2024,BA,VALENCA,Nordeste,"56000002519/2023",Seleção Normal,1665403,0,1665403,selecionada,,Novo PAC - Seleção,"765, de 2024",https://www.in.gov.br/en/web/dou/-/portaria-mcid-n-765-de-25-de-julho-de-2024-574546514
S-1153,Cidades Sustentáveis e Resilientes,Resíduos Sólidos,Resíduos Sólidos,OGU,OGU,2024,AL,MACEIO; ARAPIRACA; CRAIBAS; PIRANHAS; MARECHAL DEODORO; PALMEIRA DOS INDIOS,Nordeste,"56000006299/2023",Seleção Normal,375000,0,375000,selecionada,,Novo PAC - Seleção,"1.119, de 2024",https://www.in.gov.br/en/web/dou/-/portaria-mcid-n-1.119-de-7-de-outubro-de-2024-596577847
S-1154,Cidades Sustentáveis e Resilientes,Resíduos Sólidos,Resíduos Sólidos,OGU,OGU,2024,AM,IRANDUBA,Norte,"56000006627/2023",Seleção Normal,3968314,0,3968314,selecionada,,Novo PAC - Seleção,"1.119, de 2024",https://www.in.gov.br/en/web/dou/-/portaria-mcid-n-1.119-de-7-de-outubro-de-2024-596577847
S-1155,Cidades Sustentáveis e Resilientes,Resíduos Sólidos,Resíduos Sólidos,OGU,OGU,2024,GO,CAVALCANTE,Centro-Oeste,"56000006841/2023",Seleção Normal,26929000,0,26929000,selecionada,,Novo PAC - Seleção,"1.119, de 2024",https://www.in.gov.br/en/web/dou/-/portaria-mcid-n-1.119-de-7-de-outubro-de-2024-596577847
S-1156,Cidades Sustentáveis e Resilientes,Prevenção a Desastres,Drenagem Urbana,OGU,OGU,2024,MG,POUSO ALEGRE,Sudeste,"56000000975/2023",Seleção Normal,21571668,0,21571668,selecionada,,Novo PAC - Seleção,"765, de 2024",https://www.in.gov.br/en/web/dou/-/portaria-mcid-n-765-de-25-de-julho-de-2024-574546514
S-1157,Cidades Sustentáveis e Resilientes,Prevenção a Desastres,Drenagem Urbana,OGU,OGU,2024,BA,DARIO MEIRA,Nordeste,"56000000251/2023",Seleção Normal,19115211,0,19115211,selecionada,,Novo PAC - Seleção,"765, de 2024",https://www.in.gov.br/en/web/dou/-/portaria-mcid-n-765-de-25-de-julho-de-2024-574546514
S-1158,Cidades Sustentáveis e Resilientes,Prevenção a Desastres,Drenagem Urbana,OGU,OGU,2024,RJ,RIO DE JANEIRO,Sudeste,"56000000564/2023",Seleção Normal,340000000,0,340000000,selecionada,,Novo PAC - Seleção,"765, de 2024",https://www.in.gov.br/en/web/dou/-/portaria-mcid-n-765-de-25-de-julho-de-2024-574546514
S-1159,Cidades Sustentáveis e Resilientes,Prevenção a Desastres,Drenagem Urbana,OGU,OGU,2024,PE,JABOATAO DOS GUARARAPES,Nordeste,"56000000772/2023",Seleção Normal,73307100,0,73307100,selecionada,,Novo PAC - Seleção,"765, de 2024",https://www.in.gov.br/en/web/dou/-/portaria-mcid-n-765-de-25-de-julho-de-2024-574546514
S-1160,Cidades Sustentáveis e Resilientes,Prevenção a Desastres,Drenagem Urbana,OGU,OGU,2024,MG,RIBEIRAO DAS NEVES,Sudeste,"56000001145/2023",Seleção Normal,5846760,0,5846760,selecionada,,Novo PAC - Seleção,"765, de 2024",https://www.in.gov.br/en/web/dou/-/portaria-mcid-n-765-de-25-de-julho-de-2024-574546514
S-1161,Cidades Sustentáveis e Resilientes,Prevenção a Desastres,Drenagem Urbana,OGU,OGU,2024,BA,JUAZEIRO,Nordeste,"56000001201/2023",Seleção Normal,10477870,0,10477870,selecionada,,Novo PAC - Seleção,"765, de 2024",https://www.in.gov.br/en/web/dou/-/portaria-mcid-n-765-de-25-de-julho-de-2024-574546514
S-1162,Cidades Sustentáveis e Resilientes,Prevenção a Desastres,Drenagem Urbana,OGU,OGU,2024,SP,TABOAO DA SERRA,Sudeste,"56000001439/2023",Seleção Normal,1152250,0,1152250,selecionada,,Novo PAC - Seleção,"765, de 2024",https://www.in.gov.br/en/web/dou/-/portaria-mcid-n-765-de-25-de-julho-de-2024-574546514
S-1163,Cidades Sustentáveis e Resilientes,Prevenção a Desastres,Drenagem Urbana,OGU,OGU,2024,RN,SAO GONCALO DO AMARANTE,Nordeste,"56000001731/2023",Seleção Normal,5381177,0,5381177,selecionada,,Novo PAC - Seleção,"765, de 2024",https://www.in.gov.br/en/web/dou/-/portaria-mcid-n-765-de-25-de-julho-de-2024-574546514
S-1164,Cidades Sustentáveis e Resilientes,Prevenção a Desastres,Drenagem Urbana,OGU,OGU,2024,MG,CONTAGEM,Sudeste,"56000001772/2023",Seleção Normal,80735000,0,80735000,selecionada,,Novo PAC - Seleção,"765, de 2024",https://www.in.gov.br/en/web/dou/-/portaria-mcid-n-765-de-25-de-julho-de-2024-574546514
S-1165,Cidades Sustentáveis e Resilientes,Prevenção a Desastres,Drenagem Urbana,OGU,OGU,2024,SP,EMBU,Sudeste,"56000001991/2023",Seleção Normal,1314350,0,1314350,selecionada,,Novo PAC - Seleção,"765, de 2024",https://www.in.gov.br/en/web/dou/-/portaria-mcid-n-765-de-25-de-julho-de-2024-574546514
S-1166,Cidades Sustentáveis e Resilientes,Prevenção a Desastres,Drenagem Urbana,OGU,OGU,2024,SP,ITARARE,Sudeste,"56000002176/2023",Seleção Normal,155207,0,155207,selecionada,,Novo PAC - Seleção,"765, de 2024",https://www.in.gov.br/en/web/dou/-/portaria-mcid-n-765-de-25-de-julho-de-2024-574546514
S-1167,Cidades Sustentáveis e Resilientes,Prevenção a Desastres,Drenagem Urbana,OGU,OGU,2024,PE,CARUARU,Nordeste,"56000002350/2023",Seleção Normal,35543856,0,35543856,selecionada,,Novo PAC - Seleção,"765, de 2024",https://www.in.gov.br/en/web/dou/-/portaria-mcid-n-765-de-25-de-julho-de-2024-574546514
S-1168,Cidades Sustentáveis e Resilientes,Prevenção a Desastres,Drenagem Urbana,OGU,OGU,2024,RO,CACOAL,Norte,"56000003418/2023",Seleção Normal,2174584,0,2174584,selecionada,,Novo PAC - Seleção,"765, de 2024",https://www.in.gov.br/en/web/dou/-/portaria-mcid-n-765-de-25-de-julho-de-2024-574546514
S-1169,Cidades Sustentáveis e Resilientes,Prevenção a Desastres,Drenagem Urbana,OGU,OGU,2024,PA,BARCARENA,Norte,"56000003553/2023",Seleção Normal,21205754,0,21205754,selecionada,,Novo PAC - Seleção,"765, de 2024",https://www.in.gov.br/en/web/dou/-/portaria-mcid-n-765-de-25-de-julho-de-2024-574546514
S-1170,Cidades Sustentáveis e Resilientes,Prevenção a Desastres,Drenagem Urbana,OGU,OGU,2024,ES,CARIACICA,Sudeste,"56000003753/2023",Seleção Normal,12364000,0,12364000,selecionada,,Novo PAC - Seleção,"765, de 2024",https://www.in.gov.br/en/web/dou/-/portaria-mcid-n-765-de-25-de-julho-de-2024-574546514
S-1171,Cidades Sustentáveis e Resilientes,Prevenção a Desastres,Drenagem Urbana,OGU,OGU,2024,PE,BEZERROS,Nordeste,"56000003919/2023",Seleção Normal,124895,0,124895,selecionada,,Novo PAC - Seleção,"765, de 2024",https://www.in.gov.br/en/web/dou/-/portaria-mcid-n-765-de-25-de-julho-de-2024-574546514
S-1172,Cidades Sustentáveis e Resilientes,Prevenção a Desastres,Drenagem Urbana,OGU,OGU,2024,RN,MOSSORO,Nordeste,"56000004208/2023",Seleção Normal,743100,0,743100,selecionada,,Novo PAC - Seleção,"765, de 2024",https://www.in.gov.br/en/web/dou/-/portaria-mcid-n-765-de-25-de-julho-de-2024-574546514
S-1173,Cidades Sustentáveis e Resilientes,Prevenção a Desastres,Drenagem Urbana,OGU,OGU,2024,AC,RIO BRANCO,Norte,"56000004369/2023",Seleção Normal,28590049,0,28590049,selecionada,,Novo PAC - Seleção,"765, de 2024",https://www.in.gov.br/en/web/dou/-/portaria-mcid-n-765-de-25-de-julho-de-2024-574546514
S-1174,Cidades Sustentáveis e Resilientes,Prevenção a Desastres,Drenagem Urbana,OGU,OGU,2024,PE,PAULISTA,Nordeste,"56000004473/2023",Seleção Normal,1098714,0,1098714,selecionada,,Novo PAC - Seleção,"765, de 2024",https://www.in.gov.br/en/web/dou/-/portaria-mcid-n-765-de-25-de-julho-de-2024-574546514
S-1175,Cidades Sustentáveis e Resilientes,Prevenção a Desastres,Drenagem Urbana,OGU,OGU,2024,CE,CRATO,Nordeste,"56000005206/2023",Seleção Normal,450900,0,450900,selecionada,,Novo PAC - Seleção,"765, de 2024",https://www.in.gov.br/en/web/dou/-/portaria-mcid-n-765-de-25-de-julho-de-2024-574546514
S-1176,Cidades Sustentáveis e Resilientes,Prevenção a Desastres,Drenagem Urbana,OGU,OGU,2024,BA,CAMACAN,Nordeste,"56000004929/2023",Seleção Normal,350342,0,350342,selecionada,,Novo PAC - Seleção,"765, de 2024",https://www.in.gov.br/en/web/dou/-/portaria-mcid-n-765-de-25-de-julho-de-2024-574546514
S-1177,Cidades Sustentáveis e Resilientes,Prevenção a Desastres,Drenagem Urbana,OGU,OGU,2024,SP,SAO PAULO,Sudeste,"56000005164/2023",Seleção Normal,20083733,0,20083733,selecionada,,Novo PAC - Seleção,"765, de 2024",https://www.in.gov.br/en/web/dou/-/portaria-mcid-n-765-de-25-de-julho-de-2024-574546514
S-1178,Cidades Sustentáveis e Resilientes,Prevenção a Desastres,Drenagem Urbana,OGU,OGU,2024,AL,CORURIPE,Nordeste,"56000005266/2023",Seleção Normal,3819905,0,3819905,selecionada,,Novo PAC - Seleção,"765, de 2024",https://www.in.gov.br/en/web/dou/-/portaria-mcid-n-765-de-25-de-julho-de-2024-574546514
S-1179,Cidades Sustentáveis e Resilientes,Prevenção a Desastres,Drenagem Urbana,OGU,OGU,2024,MG,RAPOSOS,Sudeste,"56000005432/2023",Seleção Normal,231273,0,231273,selecionada,,Novo PAC - Seleção,"765, de 2024",https://www.in.gov.br/en/web/dou/-/portaria-mcid-n-765-de-25-de-julho-de-2024-574546514
S-1180,Cidades Sustentáveis e Resilientes,Prevenção a Desastres,Drenagem Urbana,OGU,OGU,2024,SP,LIMEIRA,Sudeste,"56000005557/2023",Seleção Normal,100000,0,100000,selecionada,,Novo PAC - Seleção,"765, de 2024",https://www.in.gov.br/en/web/dou/-/portaria-mcid-n-765-de-25-de-julho-de-2024-574546514
S-1181,Cidades Sustentáveis e Resilientes,Prevenção a Desastres,Drenagem Urbana,OGU,OGU,2024,PE,PETROLINA,Nordeste,"56000005657/2023",Seleção Normal,2071443,0,2071443,selecionada,,Novo PAC - Seleção,"765, de 2024",https://www.in.gov.br/en/web/dou/-/portaria-mcid-n-765-de-25-de-julho-de-2024-574546514
S-1182,Cidades Sustentáveis e Resilientes,Prevenção a Desastres,Drenagem Urbana,OGU,OGU,2024,AP,MACAPA,Norte,"56000005746/2023",Seleção Normal,100000000,0,100000000,selecionada,,Novo PAC - Seleção,"765, de 2024",https://www.in.gov.br/en/web/dou/-/portaria-mcid-n-765-de-25-de-julho-de-2024-574546514
S-1183,Cidades Sustentáveis e Resilientes,Prevenção a Desastres,Drenagem Urbana,OGU,OGU,2024,SE,SAO CRISTOVAO,Nordeste,"56000005982/2023",Seleção Normal,64750000,0,64750000,selecionada,,Novo PAC - Seleção,"765, de 2024",https://www.in.gov.br/en/web/dou/-/portaria-mcid-n-765-de-25-de-julho-de-2024-574546514
S-1184,Cidades Sustentáveis e Resilientes,Prevenção a Desastres,Drenagem Urbana,OGU,OGU,2024,CE,MARANGUAPE,Nordeste,"56000006523/2023",Seleção Normal,332913,0,332913,selecionada,,Novo PAC - Seleção,"765, de 2024",https://www.in.gov.br/en/web/dou/-/portaria-mcid-n-765-de-25-de-julho-de-2024-574546514
S-1185,Cidades Sustentáveis e Resilientes,Prevenção a Desastres,Drenagem Urbana,OGU,OGU,2024,AM,MANAUS,Norte,"56000006642/2023",Seleção Normal,3162500,0,3162500,selecionada,,Novo PAC - Seleção,"765, de 2024",https://www.in.gov.br/en/web/dou/-/portaria-mcid-n-765-de-25-de-julho-de-2024-574546514
S-1186,Cidades Sustentáveis e Resilientes,Prevenção a Desastres,Drenagem Urbana,OGU,OGU,2024,RJ,PETROPOLIS,Sudeste,"56000006755/2023",Seleção Normal,17788120,0,17788120,selecionada,,Novo PAC - Seleção,"765, de 2024",https://www.in.gov.br/en/web/dou/-/portaria-mcid-n-765-de-25-de-julho-de-2024-574546514
S-1187,Cidades Sustentáveis e Resilientes,Prevenção a Desastres,Drenagem Urbana,OGU,OGU,2024,PE,OLINDA,Nordeste,"56000007043/2023",Seleção Normal,3730788,0,3730788,selecionada,,Novo PAC - Seleção,"765, de 2024",https://www.in.gov.br/en/web/dou/-/portaria-mcid-n-765-de-25-de-julho-de-2024-574546514
S-1188,Cidades Sustentáveis e Resilientes,Prevenção a Desastres,Contenção de Encostas,OGU,OGU,2024,SP,GUARULHOS,Sudeste,"56000000365/2023",Seleção Normal,1833735.91,0,1833735.91,selecionada,,Novo PAC - Seleção,"451, de 2024",https://www.in.gov.br/web/dou/-/portaria-mcid-n-451-de-7-de-maio-de-2024-558538861
S-1189,Cidades Sustentáveis e Resilientes,Prevenção a Desastres,Contenção de Encostas,OGU,OGU,2024,SP,ITAQUAQUECETUBA,Sudeste,"56000000697/2023",Seleção Normal,30984518.66,0,30984518.66,selecionada,,Novo PAC - Seleção,"451, de 2024",https://www.in.gov.br/web/dou/-/portaria-mcid-n-451-de-7-de-maio-de-2024-558538861
S-1190,Cidades Sustentáveis e Resilientes,Periferia Viva,Regularização Fundiária,OGU,OGU,2024,MG,SANTANA DO PARAISO,Sudeste,"56000000515/2023",Seleção Normal,1280826.4,0,1280826.4,selecionada,,Novo PAC - Seleção,"450, de 2024",https://www.in.gov.br/web/dou/-/portaria-mcid-n-450-de-7-de-maio-de-2024-558553649
S-1191,Cidades Sustentáveis e Resilientes,Prevenção a Desastres,Drenagem Urbana,OGU,OGU,2024,SE,ARACAJU,Nordeste,"56000001965/2023",Seleção Normal,34104412,0,34104412,selecionada,,Novo PAC - Seleção,"765, de 2024",https://www.in.gov.br/en/web/dou/-/portaria-mcid-n-765-de-25-de-julho-de-2024-574546514
S-1192,Cidades Sustentáveis e Resilientes,Periferia Viva,Regularização Fundiária,OGU,OGU,2024,SC,FLORIANOPOLIS,Sul,"56000000051/2023",Seleção Normal,600000,0,600000,selecionada,,Novo PAC - Seleção,"450, de 2024",https://www.in.gov.br/web/dou/-/portaria-mcid-n-450-de-7-de-maio-de-2024-558553649
S-1193,Cidades Sustentáveis e Resilientes,Periferia Viva,Regularização Fundiária,OGU,OGU,2024,PA,ULIANOPOLIS,Norte,"56000000373/2023",Seleção Normal,1000000,0,1000000,selecionada,,Novo PAC - Seleção,"450, de 2024",https://www.in.gov.br/web/dou/-/portaria-mcid-n-450-de-7-de-maio-de-2024-558553649
S-1194,Cidades Sustentáveis e Resilientes,Periferia Viva,Regularização Fundiária,OGU,OGU,2024,RN,MOSSORO,Nordeste,"56000000429/2023",Seleção Normal,1728000,0,1728000,selecionada,,Novo PAC - Seleção,"450, de 2024",https://www.in.gov.br/web/dou/-/portaria-mcid-n-450-de-7-de-maio-de-2024-558553649
S-1195,Cidades Sustentáveis e Resilientes,Periferia Viva,Regularização Fundiária,OGU,OGU,2024,BA,FEIRA DE SANTANA,Nordeste,"56000000579/2023",Seleção Normal,1203930,0,1203930,selecionada,,Novo PAC - Seleção,"450, de 2024",https://www.in.gov.br/web/dou/-/portaria-mcid-n-450-de-7-de-maio-de-2024-558553649
S-1196,Cidades Sustentáveis e Resilientes,Periferia Viva,Regularização Fundiária,OGU,OGU,2024,CE,FORTALEZA,Nordeste,"56000000652/2023",Seleção Normal,3149979,0,3149979,selecionada,,Novo PAC - Seleção,"450, de 2024",https://www.in.gov.br/web/dou/-/portaria-mcid-n-450-de-7-de-maio-de-2024-558553649
S-1197,Cidades Sustentáveis e Resilientes,Periferia Viva,Regularização Fundiária,OGU,OGU,2024,PA,SANTA ISABEL DO PARA,Norte,"56000000728/2023",Seleção Normal,1000000,0,1000000,selecionada,,Novo PAC - Seleção,"450, de 2024",https://www.in.gov.br/web/dou/-/portaria-mcid-n-450-de-7-de-maio-de-2024-558553649
S-1198,Cidades Sustentáveis e Resilientes,Periferia Viva,Regularização Fundiária,OGU,OGU,2024,MA,GRAJAU,Nordeste,"56000000814/2023",Seleção Normal,1000000,0,1000000,selecionada,,Novo PAC - Seleção,"450, de 2024",https://www.in.gov.br/web/dou/-/portaria-mcid-n-450-de-7-de-maio-de-2024-558553649
S-1199,Cidades Sustentáveis e Resilientes,Periferia Viva,Regularização Fundiária,OGU,OGU,2024,PE,JABOATAO DOS GUARARAPES,Nordeste,"56000000887/2023",Seleção Normal,465800,0,465800,selecionada,,Novo PAC - Seleção,"450, de 2024",https://www.in.gov.br/web/dou/-/portaria-mcid-n-450-de-7-de-maio-de-2024-558553649
S-1200,Cidades Sustentáveis e Resilientes,Periferia Viva,Regularização Fundiária,OGU,OGU,2024,MT,CACERES,Centro-Oeste,"56000001047/2023",Seleção Normal,1000000,0,1000000,selecionada,,Novo PAC - Seleção,"450, de 2024",https://www.in.gov.br/web/dou/-/portaria-mcid-n-450-de-7-de-maio-de-2024-558553649
S-1201,Cidades Sustentáveis e Resilientes,Periferia Viva,Regularização Fundiária,OGU,OGU,2024,MS,NAVIRAI,Centro-Oeste,"56000001089/2023",Seleção Normal,1000000,0,1000000,selecionada,,Novo PAC - Seleção,"450, de 2024",https://www.in.gov.br/web/dou/-/portaria-mcid-n-450-de-7-de-maio-de-2024-558553649
S-1202,Cidades Sustentáveis e Resilientes,Periferia Viva,Regularização Fundiária,OGU,OGU,2024,SC,FLORIANOPOLIS,Sul,"56000001114/2023",Seleção Normal,707486.17,0,707486.17,selecionada,,Novo PAC - Seleção,"450, de 2024",https://www.in.gov.br/web/dou/-/portaria-mcid-n-450-de-7-de-maio-de-2024-558553649
S-1203,Cidades Sustentáveis e Resilientes,Periferia Viva,Regularização Fundiária,OGU,OGU,2024,RS,CAXIAS DO SUL,Sul,"56000001230/2023",Seleção Normal,1500000,0,1500000,selecionada,,Novo PAC - Seleção,"450, de 2024",https://www.in.gov.br/web/dou/-/portaria-mcid-n-450-de-7-de-maio-de-2024-558553649
S-1204,Cidades Sustentáveis e Resilientes,Periferia Viva,Regularização Fundiária,OGU,OGU,2024,BA,VITORIA DA CONQUISTA,Nordeste,"56000001303/2023",Seleção Normal,475000,0,475000,selecionada,,Novo PAC - Seleção,"450, de 2024",https://www.in.gov.br/web/dou/-/portaria-mcid-n-450-de-7-de-maio-de-2024-558553649
S-1205,Cidades Sustentáveis e Resilientes,Prevenção a Desastres,Drenagem Urbana,OGU,OGU,2024,BA,SALVADOR,Nordeste,"56000004587/2023",Seleção Normal,826290,0,826290,selecionada,,Novo PAC - Seleção,"765, de 2024",https://www.in.gov.br/en/web/dou/-/portaria-mcid-n-765-de-25-de-julho-de-2024-574546514
S-1206,Cidades Sustentáveis e Resilientes,Periferia Viva,Regularização Fundiária,OGU,OGU,2024,BA,VITORIA DA CONQUISTA,Nordeste,"56000002426/2023",Seleção Normal,660000,0,660000,selecionada,,Novo PAC - Seleção,"450, de 2024",https://www.in.gov.br/web/dou/-/portaria-mcid-n-450-de-7-de-maio-de-2024-558553649
S-1207,Cidades Sustentáveis e Resilientes,Periferia Viva,Regularização Fundiária,OGU,OGU,2024,PB,JOAO PESSOA,Nordeste,"56000002483/2023",Seleção Normal,3757498.18,0,3757498.18,selecionada,,Novo PAC - Seleção,"450, de 2024",https://www.in.gov.br/web/dou/-/portaria-mcid-n-450-de-7-de-maio-de-2024-558553649
S-1208,Cidades Sustentáveis e Resilientes,Periferia Viva,Regularização Fundiária,OGU,OGU,2024,MA,RAPOSA,Nordeste,"56000002509/2023",Seleção Normal,1000000,0,1000000,selecionada,,Novo PAC - Seleção,"450, de 2024",https://www.in.gov.br/web/dou/-/portaria-mcid-n-450-de-7-de-maio-de-2024-558553649
S-1209,Cidades Sustentáveis e Resilientes,Periferia Viva,Regularização Fundiária,OGU,OGU,2024,TO,PALMAS,Norte,"56000002607/2023",Seleção Normal,733713.55,0,733713.55,selecionada,,Novo PAC - Seleção,"450, de 2024",https://www.in.gov.br/web/dou/-/portaria-mcid-n-450-de-7-de-maio-de-2024-558553649
S-1210,Cidades Sustentáveis e Resilientes,Periferia Viva,Regularização Fundiária,OGU,OGU,2024,SP,CAMPINAS,Sudeste,"56000002713/2023",Seleção Normal,968350,0,968350,selecionada,,Novo PAC - Seleção,"450, de 2024",https://www.in.gov.br/web/dou/-/portaria-mcid-n-450-de-7-de-maio-de-2024-558553649
S-1211,Cidades Sustentáveis e Resilientes,Periferia Viva,Regularização Fundiária,OGU,OGU,2024,PE,BEZERROS,Nordeste,"56000002840/2023",Seleção Normal,565200,0,565200,selecionada,,Novo PAC - Seleção,"450, de 2024",https://www.in.gov.br/web/dou/-/portaria-mcid-n-450-de-7-de-maio-de-2024-558553649
S-1212,Cidades Sustentáveis e Resilientes,Periferia Viva,Regularização Fundiária,OGU,OGU,2024,BA,SALVADOR,Nordeste,"56000002947/2023",Seleção Normal,3000000,0,3000000,selecionada,,Novo PAC - Seleção,"450, de 2024",https://www.in.gov.br/web/dou/-/portaria-mcid-n-450-de-7-de-maio-de-2024-558553649
S-1213,Cidades Sustentáveis e Resilientes,Periferia Viva,Regularização Fundiária,OGU,OGU,2024,SP,SANTOS,Sudeste,"56000003045/2023",Seleção Normal,419040,0,419040,selecionada,,Novo PAC - Seleção,"450, de 2024",https://www.in.gov.br/web/dou/-/portaria-mcid-n-450-de-7-de-maio-de-2024-558553649
S-1214,Cidades Sustentáveis e Resilientes,Periferia Viva,Regularização Fundiária,OGU,OGU,2024,PR,RIO BRANCO DO SUL,Sul,"56000003121/2023",Seleção Normal,900000,0,900000,selecionada,,Novo PAC - Seleção,"450, de 2024",https://www.in.gov.br/web/dou/-/portaria-mcid-n-450-de-7-de-maio-de-2024-558553649
S-1215,Cidades Sustentáveis e Resilientes,Periferia Viva,Regularização Fundiária,OGU,OGU,2024,CE,CAUCAIA,Nordeste,"56000003290/2023",Seleção Normal,1326807,0,1326807,selecionada,,Novo PAC - Seleção,"450, de 2024",https://www.in.gov.br/web/dou/-/portaria-mcid-n-450-de-7-de-maio-de-2024-558553649
S-1216,Cidades Sustentáveis e Resilientes,Periferia Viva,Regularização Fundiária,OGU,OGU,2024,PA,BELEM,Norte,"56000003358/2023",Seleção Normal,6000000,0,6000000,selecionada,,Novo PAC - Seleção,"450, de 2024",https://www.in.gov.br/web/dou/-/portaria-mcid-n-450-de-7-de-maio-de-2024-558553649
S-1217,Cidades Sustentáveis e Resilientes,Periferia Viva,Regularização Fundiária,OGU,OGU,2024,RJ,PETROPOLIS,Sudeste,"56000004614/2023",Seleção Normal,2000000,0,2000000,selecionada,,Novo PAC - Seleção,"450, de 2024",https://www.in.gov.br/web/dou/-/portaria-mcid-n-450-de-7-de-maio-de-2024-558553649
S-1218,Cidades Sustentáveis e Resilientes,Prevenção a Desastres,Drenagem Urbana,OGU,OGU,2024,RJ,TERESOPOLIS,Sudeste,"56000004892/2023",Seleção Normal,819317,0,819317,selecionada,,Novo PAC - Seleção,"765, de 2024",https://www.in.gov.br/en/web/dou/-/portaria-mcid-n-765-de-25-de-julho-de-2024-574546514
S-1219,Cidades Sustentáveis e Resilientes,Periferia Viva,Regularização Fundiária,OGU,OGU,2024,RJ,NITEROI,Sudeste,"56000003463/2023",Seleção Normal,695861.61,0,695861.61,selecionada,,Novo PAC - Seleção,"450, de 2024",https://www.in.gov.br/web/dou/-/portaria-mcid-n-450-de-7-de-maio-de-2024-558553649
S-1220,Cidades Sustentáveis e Resilientes,Periferia Viva,Regularização Fundiária,OGU,OGU,2024,PA,REDENCAO,Norte,"56000003517/2023",Seleção Normal,780000,0,780000,selecionada,,Novo PAC - Seleção,"450, de 2024",https://www.in.gov.br/web/dou/-/portaria-mcid-n-450-de-7-de-maio-de-2024-558553649
S-1221,Cidades Sustentáveis e Resilientes,Periferia Viva,Regularização Fundiária,OGU,OGU,2024,RS,SAPUCAIA DO SUL,Sul,"56000003626/2023",Seleção Normal,597476.95,0,597476.95,selecionada,,Novo PAC - Seleção,"450, de 2024",https://www.in.gov.br/web/dou/-/portaria-mcid-n-450-de-7-de-maio-de-2024-558553649
S-1222,Cidades Sustentáveis e Resilientes,Periferia Viva,Regularização Fundiária,OGU,OGU,2024,MG,IBIRITE,Sudeste,"56000003656/2023",Seleção Normal,1000000,0,1000000,selecionada,,Novo PAC - Seleção,"450, de 2024",https://www.in.gov.br/web/dou/-/portaria-mcid-n-450-de-7-de-maio-de-2024-558553649
S-1223,Cidades Sustentáveis e Resilientes,Periferia Viva,Regularização Fundiária,OGU,OGU,2024,DF,BRASILIA,Centro-Oeste,"56000003710/2023",Seleção Normal,3637796.48,0,3637796.48,selecionada,,Novo PAC - Seleção,"450, de 2024",https://www.in.gov.br/web/dou/-/portaria-mcid-n-450-de-7-de-maio-de-2024-558553649
S-1224,Cidades Sustentáveis e Resilientes,Periferia Viva,Regularização Fundiária,OGU,OGU,2024,BA,ITABUNA,Nordeste,"56000003868/2023",Seleção Normal,482000,0,482000,selecionada,,Novo PAC - Seleção,"450, de 2024",https://www.in.gov.br/web/dou/-/portaria-mcid-n-450-de-7-de-maio-de-2024-558553649
S-1225,Cidades Sustentáveis e Resilientes,Periferia Viva,Regularização Fundiária,OGU,OGU,2024,AC,RIO BRANCO,Norte,"56000003994/2023",Seleção Normal,836568.38,0,836568.38,selecionada,,Novo PAC - Seleção,"450, de 2024",https://www.in.gov.br/web/dou/-/portaria-mcid-n-450-de-7-de-maio-de-2024-558553649
S-1226,Cidades Sustentáveis e Resilientes,Periferia Viva,Regularização Fundiária,OGU,OGU,2024,RR,BOA VISTA,Norte,"56000004217/2023",Seleção Normal,2915000,0,2915000,selecionada,,Novo PAC - Seleção,"450, de 2024",https://www.in.gov.br/web/dou/-/portaria-mcid-n-450-de-7-de-maio-de-2024-558553649
S-1227,Cidades Sustentáveis e Resilientes,Periferia Viva,Regularização Fundiária,OGU,OGU,2024,SE,TOBIAS BARRETO,Nordeste,"56000004344/2023",Seleção Normal,1000000,0,1000000,selecionada,,Novo PAC - Seleção,"450, de 2024",https://www.in.gov.br/web/dou/-/portaria-mcid-n-450-de-7-de-maio-de-2024-558553649
S-1228,Cidades Sustentáveis e Resilientes,Periferia Viva,Regularização Fundiária,OGU,OGU,2024,PB,JOAO PESSOA,Nordeste,"56000004513/2023",Seleção Normal,828000,0,828000,selecionada,,Novo PAC - Seleção,"450, de 2024",https://www.in.gov.br/web/dou/-/portaria-mcid-n-450-de-7-de-maio-de-2024-558553649
S-1229,Cidades Sustentáveis e Resilientes,Periferia Viva,Regularização Fundiária,OGU,OGU,2024,SP,ATIBAIA,Sudeste,"56000004753/2023",Seleção Normal,490000,0,490000,selecionada,,Novo PAC - Seleção,"450, de 2024",https://www.in.gov.br/web/dou/-/portaria-mcid-n-450-de-7-de-maio-de-2024-558553649
S-1230,Cidades Sustentáveis e Resilientes,Periferia Viva,Regularização Fundiária,OGU,OGU,2024,SP,COTIA,Sudeste,"56000004817/2023",Seleção Normal,420000,0,420000,selecionada,,Novo PAC - Seleção,"450, de 2024",https://www.in.gov.br/web/dou/-/portaria-mcid-n-450-de-7-de-maio-de-2024-558553649
S-1231,Cidades Sustentáveis e Resilientes,Prevenção a Desastres,Drenagem Urbana,OGU,OGU,2024,PI,TERESINA,Nordeste,"56000005146/2023",Seleção Normal,189694989,0,189694989,selecionada,,Novo PAC - Seleção,"765, de 2024",https://www.in.gov.br/en/web/dou/-/portaria-mcid-n-765-de-25-de-julho-de-2024-574546514
S-1232,Cidades Sustentáveis e Resilientes,Periferia Viva,Regularização Fundiária,OGU,OGU,2024,MG,GOVERNADOR VALADARES,Sudeste,"56000004916/2023",Seleção Normal,1000000,0,1000000,selecionada,,Novo PAC - Seleção,"450, de 2024",https://www.in.gov.br/web/dou/-/portaria-mcid-n-450-de-7-de-maio-de-2024-558553649
S-1233,Cidades Sustentáveis e Resilientes,Periferia Viva,Regularização Fundiária,OGU,OGU,2024,SE,RIACHUELO,Nordeste,"56000005038/2023",Seleção Normal,1000000,0,1000000,selecionada,,Novo PAC - Seleção,"450, de 2024",https://www.in.gov.br/web/dou/-/portaria-mcid-n-450-de-7-de-maio-de-2024-558553649
S-1234,Cidades Sustentáveis e Resilientes,Periferia Viva,Regularização Fundiária,OGU,OGU,2024,SE,SAO CRISTOVAO,Nordeste,"56000005243/2023",Seleção Normal,1000000,0,1000000,selecionada,,Novo PAC - Seleção,"450, de 2024",https://www.in.gov.br/web/dou/-/portaria-mcid-n-450-de-7-de-maio-de-2024-558553649
S-1235,Cidades Sustentáveis e Resilientes,Periferia Viva,Regularização Fundiária,OGU,OGU,2024,PE,CABO DE SANTO AGOSTINHO,Nordeste,"56000005397/2023",Seleção Normal,1375000,0,1375000,selecionada,,Novo PAC - Seleção,"450, de 2024",https://www.in.gov.br/web/dou/-/portaria-mcid-n-450-de-7-de-maio-de-2024-558553649
S-1236,Cidades Sustentáveis e Resilientes,Periferia Viva,Regularização Fundiária,OGU,OGU,2024,PA,TAILANDIA,Norte,"56000005496/2023",Seleção Normal,1000000,0,1000000,selecionada,,Novo PAC - Seleção,"450, de 2024",https://www.in.gov.br/web/dou/-/portaria-mcid-n-450-de-7-de-maio-de-2024-558553649
S-1237,Cidades Sustentáveis e Resilientes,Periferia Viva,Regularização Fundiária,OGU,OGU,2024,MG,FORMIGA,Sudeste,"56000005568/2023",Seleção Normal,400000,0,400000,selecionada,,Novo PAC - Seleção,"450, de 2024",https://www.in.gov.br/web/dou/-/portaria-mcid-n-450-de-7-de-maio-de-2024-558553649
S-1238,Cidades Sustentáveis e Resilientes,Periferia Viva,Regularização Fundiária,OGU,OGU,2024,RJ,PARATI,Sudeste,"56000005651/2023",Seleção Normal,1000000,0,1000000,selecionada,,Novo PAC - Seleção,"450, de 2024",https://www.in.gov.br/web/dou/-/portaria-mcid-n-450-de-7-de-maio-de-2024-558553649
S-1239,Cidades Sustentáveis e Resilientes,Periferia Viva,Regularização Fundiária,OGU,OGU,2024,RN,CEARA-MIRIM,Nordeste,"56000005728/2023",Seleção Normal,1000000,0,1000000,selecionada,,Novo PAC - Seleção,"450, de 2024",https://www.in.gov.br/web/dou/-/portaria-mcid-n-450-de-7-de-maio-de-2024-558553649
S-1240,Cidades Sustentáveis e Resilientes,Periferia Viva,Regularização Fundiária,OGU,OGU,2024,MA,PINHEIRO,Nordeste,"56000005885/2023",Seleção Normal,500000,0,500000,selecionada,,Novo PAC - Seleção,"450, de 2024",https://www.in.gov.br/web/dou/-/portaria-mcid-n-450-de-7-de-maio-de-2024-558553649
S-1241,Cidades Sustentáveis e Resilientes,Periferia Viva,Regularização Fundiária,OGU,OGU,2024,CE,MARACANAU,Nordeste,"56000006056/2023",Seleção Normal,494550,0,494550,selecionada,,Novo PAC - Seleção,"450, de 2024",https://www.in.gov.br/web/dou/-/portaria-mcid-n-450-de-7-de-maio-de-2024-558553649
S-1242,Cidades Sustentáveis e Resilientes,Periferia Viva,Regularização Fundiária,OGU,OGU,2024,GO,VALPARAISO DE GOIAS,Centro-Oeste,"56000006173/2023",Seleção Normal,1000000,0,1000000,selecionada,,Novo PAC - Seleção,"450, de 2024",https://www.in.gov.br/web/dou/-/portaria-mcid-n-450-de-7-de-maio-de-2024-558553649
S-1243,Cidades Sustentáveis e Resilientes,Periferia Viva,Regularização Fundiária,OGU,OGU,2024,RS,RIO GRANDE,Sul,"56000006207/2023",Seleção Normal,406000,0,406000,selecionada,,Novo PAC - Seleção,"450, de 2024",https://www.in.gov.br/web/dou/-/portaria-mcid-n-450-de-7-de-maio-de-2024-558553649
S-1244,Cidades Sustentáveis e Resilientes,Periferia Viva,Regularização Fundiária,OGU,OGU,2024,TO,PARAISO DO TOCANTINS,Norte,"56000006349/2023",Seleção Normal,1000000,0,1000000,selecionada,,Novo PAC - Seleção,"450, de 2024",https://www.in.gov.br/web/dou/-/portaria-mcid-n-450-de-7-de-maio-de-2024-558553649
S-1245,Cidades Sustentáveis e Resilientes,Esgotamento Sanitário,Esgotamento Sanitário,FIN,FGTS,2024,MG,PIMENTA,Sudeste,"56000006320/2023",Seleção Normal,0,885232.29,885232.29,selecionada,Setor Público,Novo PAC - Seleção,"769, de 2024",https://www.in.gov.br/en/web/dou/-/portaria-mcid-n-769-de-26-de-julho-de-2024-574546917
S-1246,Cidades Sustentáveis e Resilientes,Esgotamento Sanitário,Esgotamento Sanitário,FIN,FGTS,2024,MG,DESTERRO DE ENTRE RIOS,Sudeste,"56000006684/2023",Seleção Normal,0,22196512.85,22196512.85,selecionada,Setor Público,Novo PAC - Seleção,"769, de 2024",https://www.in.gov.br/en/web/dou/-/portaria-mcid-n-769-de-26-de-julho-de-2024-574546917
S-1247,Cidades Sustentáveis e Resilientes,Esgotamento Sanitário,Esgotamento Sanitário,FIN,FGTS,2024,SC,PINHALZINHO,Sul,"56000003769/2023",Seleção Normal,0,44747740.77,44747740.77,selecionada,Setor Público,Novo PAC - Seleção,"769, de 2024",https://www.in.gov.br/en/web/dou/-/portaria-mcid-n-769-de-26-de-julho-de-2024-574546917
S-1248,Cidades Sustentáveis e Resilientes,Esgotamento Sanitário,Esgotamento Sanitário,FIN,FGTS,2024,ES,ARACRUZ,Sudeste,"56000000315/2023",Seleção Normal,0,43580230.89,43580230.89,selecionada,Setor Público,Novo PAC - Seleção,"769, de 2024",https://www.in.gov.br/en/web/dou/-/portaria-mcid-n-769-de-26-de-julho-de-2024-574546917
S-1249,Cidades Sustentáveis e Resilientes,Esgotamento Sanitário,Esgotamento Sanitário,FIN,FGTS,2024,MS,AQUIDAUANA,Centro-Oeste,"56000000953/2023",Seleção Normal,0,17644472.28,17644472.28,selecionada,Setor Público,Novo PAC - Seleção,"769, de 2024",https://www.in.gov.br/en/web/dou/-/portaria-mcid-n-769-de-26-de-julho-de-2024-574546917
S-1250,Cidades Sustentáveis e Resilientes,Esgotamento Sanitário,Esgotamento Sanitário,FIN,FGTS,2024,MS,SIDROLANDIA,Centro-Oeste,"56000000963/2023",Seleção Normal,0,8171036,8171036,selecionada,Setor Público,Novo PAC - Seleção,"769, de 2024",https://www.in.gov.br/en/web/dou/-/portaria-mcid-n-769-de-26-de-julho-de-2024-574546917
S-1251,Cidades Sustentáveis e Resilientes,Esgotamento Sanitário,Esgotamento Sanitário,FIN,FGTS,2024,MG,ABRE CAMPO,Sudeste,"56000000116/2023",Seleção Normal,0,8351342.18,8351342.18,selecionada,Setor Público,Novo PAC - Seleção,"769, de 2024",https://www.in.gov.br/en/web/dou/-/portaria-mcid-n-769-de-26-de-julho-de-2024-574546917
S-1252,Cidades Sustentáveis e Resilientes,Esgotamento Sanitário,Esgotamento Sanitário,FIN,FGTS,2024,MG,MONJOLOS,Sudeste,"56000000317/2023",Seleção Normal,0,3746086.22,3746086.22,selecionada,Setor Público,Novo PAC - Seleção,"769, de 2024",https://www.in.gov.br/en/web/dou/-/portaria-mcid-n-769-de-26-de-julho-de-2024-574546917
S-1253,Cidades Sustentáveis e Resilientes,Esgotamento Sanitário,Esgotamento Sanitário,FIN,FGTS,2024,RO,GUAJARA-MIRIM,Norte,"56000000383/2023",Seleção Normal,0,226767812.35,226767812.35,selecionada,Setor Público,Novo PAC - Seleção,"769, de 2024",https://www.in.gov.br/en/web/dou/-/portaria-mcid-n-769-de-26-de-julho-de-2024-574546917
S-1254,Cidades Sustentáveis e Resilientes,Esgotamento Sanitário,Esgotamento Sanitário,FIN,FGTS,2024,BA,NAZARE,Nordeste,"56000000589/2023",Seleção Normal,0,128946323.82,128946323.82,selecionada,Setor Público,Novo PAC - Seleção,"769, de 2024",https://www.in.gov.br/en/web/dou/-/portaria-mcid-n-769-de-26-de-julho-de-2024-574546917
S-1255,Cidades Sustentáveis e Resilientes,Esgotamento Sanitário,Esgotamento Sanitário,FIN,FGTS,2024,PI,AMARANTE,Nordeste,"56000006416/2023",Seleção Normal,0,18421423.33,18421423.33,selecionada,Setor Público,Novo PAC - Seleção,"769, de 2024",https://www.in.gov.br/en/web/dou/-/portaria-mcid-n-769-de-26-de-julho-de-2024-574546917
S-1256,Cidades Sustentáveis e Resilientes,Esgotamento Sanitário,Esgotamento Sanitário,FIN,FGTS,2024,CE,BAIXIO,Nordeste,"56000000705/2023",Seleção Normal,0,38769882.8,38769882.8,selecionada,Setor Público,Novo PAC - Seleção,"769, de 2024",https://www.in.gov.br/en/web/dou/-/portaria-mcid-n-769-de-26-de-julho-de-2024-574546917
S-1257,Cidades Sustentáveis e Resilientes,Esgotamento Sanitário,Esgotamento Sanitário,FIN,FGTS,2024,SC,MORRO DA FUMACA,Sul,"56000000775/2023",Seleção Normal,0,70526931.4,70526931.4,selecionada,Setor Público,Novo PAC - Seleção,"769, de 2024",https://www.in.gov.br/en/web/dou/-/portaria-mcid-n-769-de-26-de-julho-de-2024-574546917
S-1258,Cidades Sustentáveis e Resilientes,Periferia Viva,Regularização Fundiária,OGU,OGU,2024,PE,OLINDA,Nordeste,"56000006607/2023",Seleção Normal,800000,0,800000,selecionada,,Novo PAC - Seleção,"450, de 2024",https://www.in.gov.br/web/dou/-/portaria-mcid-n-450-de-7-de-maio-de-2024-558553649
S-1259,Cidades Sustentáveis e Resilientes,Periferia Viva,Regularização Fundiária,OGU,OGU,2024,SP,SANTO ANDRE,Sudeste,"56000006762/2023",Seleção Normal,5819528.08,0,5819528.08,selecionada,,Novo PAC - Seleção,"450, de 2024",https://www.in.gov.br/web/dou/-/portaria-mcid-n-450-de-7-de-maio-de-2024-558553649
S-1260,Cidades Sustentáveis e Resilientes,Periferia Viva,Regularização Fundiária,OGU,OGU,2024,PA,ABAETETUBA,Norte,"56000007050/2023",Seleção Normal,1000000,0,1000000,selecionada,,Novo PAC - Seleção,"450, de 2024",https://www.in.gov.br/web/dou/-/portaria-mcid-n-450-de-7-de-maio-de-2024-558553649
S-1261,Cidades Sustentáveis e Resilientes,Prevenção a Desastres,Contenção de Encostas,OGU,OGU,2024,AL,ATALAIA,Nordeste,"56000000893/2023",Seleção Normal,3545552.68,0,3545552.68,selecionada,,Novo PAC - Seleção,"451, de 2024",https://www.in.gov.br/web/dou/-/portaria-mcid-n-451-de-7-de-maio-de-2024-558538861
S-1262,Cidades Sustentáveis e Resilientes,Prevenção a Desastres,Contenção de Encostas,OGU,OGU,2024,SE,ARACAJU,Nordeste,"56000001144/2023",Seleção Normal,1786719.57,0,1786719.57,selecionada,,Novo PAC - Seleção,"451, de 2024",https://www.in.gov.br/web/dou/-/portaria-mcid-n-451-de-7-de-maio-de-2024-558538861
S-1263,Cidades Sustentáveis e Resilientes,Prevenção a Desastres,Drenagem Urbana,OGU,OGU,2024,PR,CURITIBA,Sul,"56000002059/2023",Seleção Normal,22840000,0,22840000,selecionada,,Novo PAC - Seleção,"765, de 2024",https://www.in.gov.br/en/web/dou/-/portaria-mcid-n-765-de-25-de-julho-de-2024-574546514
S-1264,Cidades Sustentáveis e Resilientes,Prevenção a Desastres,Drenagem Urbana,OGU,OGU,2024,PA,REDENCAO,Norte,"56000002324/2023",Seleção Normal,517162,0,517162,selecionada,,Novo PAC - Seleção,"765, de 2024",https://www.in.gov.br/en/web/dou/-/portaria-mcid-n-765-de-25-de-julho-de-2024-574546514
S-1265,Cidades Sustentáveis e Resilientes,Prevenção a Desastres,Drenagem Urbana,OGU,OGU,2024,TO,SAO MIGUEL DO TOCANTINS,Norte,"56000002484/2023",Seleção Normal,2192575,0,2192575,selecionada,,Novo PAC - Seleção,"765, de 2024",https://www.in.gov.br/en/web/dou/-/portaria-mcid-n-765-de-25-de-julho-de-2024-574546514
S-1266,Cidades Sustentáveis e Resilientes,Prevenção a Desastres,Drenagem Urbana,OGU,OGU,2024,PA,URUARA,Norte,"56000002813/2023",Seleção Normal,750000,0,750000,selecionada,,Novo PAC - Seleção,"765, de 2024",https://www.in.gov.br/en/web/dou/-/portaria-mcid-n-765-de-25-de-julho-de-2024-574546514
S-1267,Cidades Sustentáveis e Resilientes,Prevenção a Desastres,Drenagem Urbana,OGU,OGU,2024,PI,PARNAIBA,Nordeste,"56000003354/2023",Seleção Normal,1165685,0,1165685,selecionada,,Novo PAC - Seleção,"765, de 2024",https://www.in.gov.br/en/web/dou/-/portaria-mcid-n-765-de-25-de-julho-de-2024-574546514
S-1268,Cidades Sustentáveis e Resilientes,Prevenção a Desastres,Drenagem Urbana,OGU,OGU,2024,SC,TIJUCAS,Sul,"56000003473/2023",Seleção Normal,5164650,0,5164650,selecionada,,Novo PAC - Seleção,"765, de 2024",https://www.in.gov.br/en/web/dou/-/portaria-mcid-n-765-de-25-de-julho-de-2024-574546514
S-1269,Cidades Sustentáveis e Resilientes,Prevenção a Desastres,Drenagem Urbana,OGU,OGU,2024,MG,RESPLENDOR,Sudeste,"56000003711/2023",Seleção Normal,6494000,0,6494000,selecionada,,Novo PAC - Seleção,"765, de 2024",https://www.in.gov.br/en/web/dou/-/portaria-mcid-n-765-de-25-de-julho-de-2024-574546514
S-1270,Cidades Sustentáveis e Resilientes,Prevenção a Desastres,Drenagem Urbana,OGU,OGU,2024,MG,VESPASIANO,Sudeste,"56000003918/2023",Seleção Normal,788805,0,788805,selecionada,,Novo PAC - Seleção,"765, de 2024",https://www.in.gov.br/en/web/dou/-/portaria-mcid-n-765-de-25-de-julho-de-2024-574546514
S-1271,Cidades Sustentáveis e Resilientes,Prevenção a Desastres,Drenagem Urbana,OGU,OGU,2024,SP,SAO BERNARDO DO CAMPO,Sudeste,"56000004194/2023",Seleção Normal,22940131,0,22940131,selecionada,,Novo PAC - Seleção,"765, de 2024",https://www.in.gov.br/en/web/dou/-/portaria-mcid-n-765-de-25-de-julho-de-2024-574546514
S-1272,Cidades Sustentáveis e Resilientes,Prevenção a Desastres,Drenagem Urbana,OGU,OGU,2024,MG,IPATINGA,Sudeste,"56000004352/2023",Seleção Normal,8284000,0,8284000,selecionada,,Novo PAC - Seleção,"765, de 2024",https://www.in.gov.br/en/web/dou/-/portaria-mcid-n-765-de-25-de-julho-de-2024-574546514
S-1273,Cidades Sustentáveis e Resilientes,Esgotamento Sanitário,Esgotamento Sanitário,FIN,FGTS,2024,MG,JUIZ DE FORA,Sudeste,"56000000939/2023",Seleção Normal,0,28627000,28627000,selecionada,Setor Público,Novo PAC - Seleção,"769, de 2024",https://www.in.gov.br/en/web/dou/-/portaria-mcid-n-769-de-26-de-julho-de-2024-574546917
S-1274,Cidades Sustentáveis e Resilientes,Esgotamento Sanitário,Esgotamento Sanitário,FIN,FGTS,2024,MG,SANTA BARBARA DO MONTE VERDE,Sudeste,"56000001225/2023",Seleção Normal,0,18253159,18253159,selecionada,Setor Público,Novo PAC - Seleção,"769, de 2024",https://www.in.gov.br/en/web/dou/-/portaria-mcid-n-769-de-26-de-julho-de-2024-574546917
S-1275,Cidades Sustentáveis e Resilientes,Esgotamento Sanitário,Esgotamento Sanitário,FIN,FGTS,2024,MG,ITAMARANDIBA,Sudeste,"56000001656/2023",Seleção Normal,0,4383485,4383485,selecionada,Setor Público,Novo PAC - Seleção,"769, de 2024",https://www.in.gov.br/en/web/dou/-/portaria-mcid-n-769-de-26-de-julho-de-2024-574546917
S-1276,Cidades Sustentáveis e Resilientes,Esgotamento Sanitário,Esgotamento Sanitário,FIN,FGTS,2024,TO,CASEARA,Norte,"56000002439/2023",Seleção Normal,0,11999542.95,11999542.95,selecionada,Setor Público,Novo PAC - Seleção,"769, de 2024",https://www.in.gov.br/en/web/dou/-/portaria-mcid-n-769-de-26-de-julho-de-2024-574546917
S-1277,Cidades Sustentáveis e Resilientes,Esgotamento Sanitário,Esgotamento Sanitário,FIN,FGTS,2024,SP,MOGI GUACU,Sudeste,"56000001935/2023",Seleção Normal,0,7986952.5,7986952.5,selecionada,Setor Público,Novo PAC - Seleção,"769, de 2024",https://www.in.gov.br/en/web/dou/-/portaria-mcid-n-769-de-26-de-julho-de-2024-574546917
S-1278,Cidades Sustentáveis e Resilientes,Esgotamento Sanitário,Esgotamento Sanitário,FIN,FGTS,2024,MG,JOAO MONLEVADE,Sudeste,"56000004643/2023",Seleção Normal,0,1766000,1766000,selecionada,Setor Público,Novo PAC - Seleção,"769, de 2024",https://www.in.gov.br/en/web/dou/-/portaria-mcid-n-769-de-26-de-julho-de-2024-574546917
S-1279,Cidades Sustentáveis e Resilientes,Resíduos Sólidos,Resíduos Sólidos,OGU,OGU,2024,MT,JACIARA,Centro-Oeste,"56000002262/2023",Seleção Normal,330000,0,330000,selecionada,,Novo PAC - Seleção,"1.119, de 2024",https://www.in.gov.br/en/web/dou/-/portaria-mcid-n-1.119-de-7-de-outubro-de-2024-596577847
S-1280,Cidades Sustentáveis e Resilientes,Esgotamento Sanitário,Esgotamento Sanitário,FIN,FGTS,2024,SP,ARARAQUARA,Sudeste,"56000002145/2023",Seleção Normal,0,137761338.71,137761338.71,selecionada,Setor Público,Novo PAC - Seleção,"769, de 2024",https://www.in.gov.br/en/web/dou/-/portaria-mcid-n-769-de-26-de-julho-de-2024-574546917
S-1281,Cidades Sustentáveis e Resilientes,Esgotamento Sanitário,Esgotamento Sanitário,FIN,FGTS,2024,ES,GUARAPARI,Sudeste,"56000002377/2023",Seleção Normal,0,151449653.3,151449653.3,selecionada,Setor Público,Novo PAC - Seleção,"769, de 2024",https://www.in.gov.br/en/web/dou/-/portaria-mcid-n-769-de-26-de-julho-de-2024-574546917
S-1282,Cidades Sustentáveis e Resilientes,Esgotamento Sanitário,Esgotamento Sanitário,FIN,FGTS,2024,TO,CONCEICAO DO TOCANTINS,Norte,"56000002491/2023",Seleção Normal,0,12163174.34,12163174.34,selecionada,Setor Público,Novo PAC - Seleção,"769, de 2024",https://www.in.gov.br/en/web/dou/-/portaria-mcid-n-769-de-26-de-julho-de-2024-574546917
S-1283,Cidades Sustentáveis e Resilientes,Esgotamento Sanitário,Esgotamento Sanitário,FIN,FGTS,2024,TO,LAGOA DO TOCANTINS,Norte,"56000002593/2023",Seleção Normal,0,10470193.04,10470193.04,selecionada,Setor Público,Novo PAC - Seleção,"769, de 2024",https://www.in.gov.br/en/web/dou/-/portaria-mcid-n-769-de-26-de-julho-de-2024-574546917
S-1284,Cidades Sustentáveis e Resilientes,Esgotamento Sanitário,Esgotamento Sanitário,FIN,FGTS,2024,RN,CEARA-MIRIM,Nordeste,"56000002738/2023",Seleção Normal,0,40000000,40000000,selecionada,Setor Público,Novo PAC - Seleção,"769, de 2024",https://www.in.gov.br/en/web/dou/-/portaria-mcid-n-769-de-26-de-julho-de-2024-574546917
S-1285,Cidades Sustentáveis e Resilientes,Esgotamento Sanitário,Esgotamento Sanitário,FIN,FGTS,2024,PB,TAVARES,Nordeste,"56000002940/2023",Seleção Normal,0,9850006.18,9850006.18,selecionada,Setor Público,Novo PAC - Seleção,"769, de 2024",https://www.in.gov.br/en/web/dou/-/portaria-mcid-n-769-de-26-de-julho-de-2024-574546917
S-1286,Cidades Sustentáveis e Resilientes,Esgotamento Sanitário,Esgotamento Sanitário,FIN,FGTS,2024,MG,CONSELHEIRO PENA,Sudeste,"56000003092/2023",Seleção Normal,0,8326491.3,8326491.3,selecionada,Setor Público,Novo PAC - Seleção,"769, de 2024",https://www.in.gov.br/en/web/dou/-/portaria-mcid-n-769-de-26-de-julho-de-2024-574546917
S-1287,Cidades Sustentáveis e Resilientes,Esgotamento Sanitário,Esgotamento Sanitário,FIN,FGTS,2024,PB,PARARI,Nordeste,"56000003203/2023",Seleção Normal,0,5607260,5607260,selecionada,Setor Público,Novo PAC - Seleção,"769, de 2024",https://www.in.gov.br/en/web/dou/-/portaria-mcid-n-769-de-26-de-julho-de-2024-574546917
S-1288,Cidades Sustentáveis e Resilientes,Esgotamento Sanitário,Esgotamento Sanitário,FIN,FGTS,2024,SC,ITAJAI,Sul,"56000003637/2023",Seleção Normal,0,242142380.51,242142380.51,selecionada,Setor Público,Novo PAC - Seleção,"769, de 2024",https://www.in.gov.br/en/web/dou/-/portaria-mcid-n-769-de-26-de-julho-de-2024-574546917
S-1289,Cidades Sustentáveis e Resilientes,Esgotamento Sanitário,Esgotamento Sanitário,FIN,FGTS,2024,RJ,ANGRA DOS REIS,Sudeste,"56000003867/2023",Seleção Normal,0,225300000,225300000,selecionada,Setor Público,Novo PAC - Seleção,"769, de 2024",https://www.in.gov.br/en/web/dou/-/portaria-mcid-n-769-de-26-de-julho-de-2024-574546917
S-1290,Cidades Sustentáveis e Resilientes,Esgotamento Sanitário,Esgotamento Sanitário,FIN,FGTS,2024,PB,VARZEA,Nordeste,"56000004177/2023",Seleção Normal,0,13522200,13522200,selecionada,Setor Público,Novo PAC - Seleção,"769, de 2024",https://www.in.gov.br/en/web/dou/-/portaria-mcid-n-769-de-26-de-julho-de-2024-574546917
S-1291,Cidades Sustentáveis e Resilientes,Resíduos Sólidos,Resíduos Sólidos,OGU,OGU,2024,CE,ITAREMA,Nordeste,"56000001787/2023",Seleção Normal,328000,0,328000,selecionada,,Novo PAC - Seleção,"1.119, de 2024",https://www.in.gov.br/en/web/dou/-/portaria-mcid-n-1.119-de-7-de-outubro-de-2024-596577847
S-1292,Cidades Sustentáveis e Resilientes,Resíduos Sólidos,Resíduos Sólidos,OGU,OGU,2024,CE,URUOCA,Nordeste,"56000000741/2023",Seleção Normal,642569,0,642569,selecionada,,Novo PAC - Seleção,"1.119, de 2024",https://www.in.gov.br/en/web/dou/-/portaria-mcid-n-1.119-de-7-de-outubro-de-2024-596577847
S-1293,Cidades Sustentáveis e Resilientes,Resíduos Sólidos,Resíduos Sólidos,OGU,OGU,2024,RN,MACAU,Nordeste,"56000001051/2023",Seleção Normal,1157091,0,1157091,selecionada,,Novo PAC - Seleção,"1.119, de 2024",https://www.in.gov.br/en/web/dou/-/portaria-mcid-n-1.119-de-7-de-outubro-de-2024-596577847
S-1294,Cidades Sustentáveis e Resilientes,Resíduos Sólidos,Resíduos Sólidos,OGU,OGU,2024,MA,"AXIXA, ICATU, MORROS, PACO DO LUMIAR, PRESIDENTE JUSCELINO, RAPOSA, ROSARIO, SAO JOSE DE RIBAMAR.",Nordeste,"56000001684/2023",Seleção Normal,30809323,0,30809323,selecionada,,Novo PAC - Seleção,"1.119, de 2024",https://www.in.gov.br/en/web/dou/-/portaria-mcid-n-1.119-de-7-de-outubro-de-2024-596577847
S-1295,Cidades Sustentáveis e Resilientes,Resíduos Sólidos,Resíduos Sólidos,OGU,OGU,2024,PI,REGENERACAO,Nordeste,"56000002521/2023",Seleção Normal,2165000,0,2165000,selecionada,,Novo PAC - Seleção,"1.119, de 2024",https://www.in.gov.br/en/web/dou/-/portaria-mcid-n-1.119-de-7-de-outubro-de-2024-596577847
S-1296,Cidades Sustentáveis e Resilientes,Resíduos Sólidos,Resíduos Sólidos,OGU,OGU,2024,MG,"BURITIZEIRO
VARZEA DA PALMA
LASSANCE
JEQUITAI",Sudeste,"56000002883/2023",Seleção Normal,21838620,0,21838620,selecionada,,Novo PAC - Seleção,"1.119, de 2024",https://www.in.gov.br/en/web/dou/-/portaria-mcid-n-1.119-de-7-de-outubro-de-2024-596577847
S-1297,Cidades Sustentáveis e Resilientes,Periferia Viva,Urbanização de Favelas,FIN,FGTS,2025,BA,LAURO DE FREITAS,Nordeste,"56000000897/2025",Seleção Normal,0,14488275.13,14488275.13,enquadrada,Setor Privado,Novo PAC - Seleção,"825, de 2025",https://www.in.gov.br/web/dou/-/portaria-mcid-n-825-de-24-de-julho-de-2025-644423269
S-1298,Cidades Sustentáveis e Resilientes,Resíduos Sólidos,Resíduos Sólidos,OGU,OGU,2024,RS,"BOM PROGRESSO, BRAGA, CAMPO NOVO, CORONEL BICACO, CRISSIUMAL, ESPERANCA DO SUL, HUMAITA, SEDE NOVA, SAO MARTINHO, SAO VALERIO DO SUL, TIRADENTES DO SUL E TRÊS PASSOS.",Sul,"56000004084/2023",Seleção Normal,1033153,0,1033153,selecionada,,Novo PAC - Seleção,"1.119, de 2024",https://www.in.gov.br/en/web/dou/-/portaria-mcid-n-1.119-de-7-de-outubro-de-2024-596577847
S-1299,Cidades Sustentáveis e Resilientes,Resíduos Sólidos,Resíduos Sólidos,OGU,OGU,2024,RS,"AMETISTA DO SUL, BARRA DO GUARITA, BOA VISTA DAS MISSOES, CAICARA, CERRO GRANDE, CORONEL BICACO, CRISTAL DO SUL, DERRUBADAS, DOIS IRMAOS DAS MISSOES, ERVAL SECO, FREDERICO WESTPHALEN, IRAI, JABOTICABA, LAJEADO DO BUGRE, MIRAGUAI, NOVO TIRADENTES, PALMITINHO, PINHAL, PINHEIRINHO DO VALE, PLANALTO, REDENTORA, RODEIO BONITO, SAGRADA FAMILIA, SAO PEDRO DAS MISSOES, SEBERI, TAQUARUCU DO SUL, TENENTE PORTELA, VICENTE DUTRA, VISTA ALEGRE E VISTA GAUCHA.",Sul,"56000004185/2023",Seleção Normal,834885,0,834885,selecionada,,Novo PAC - Seleção,"1.119, de 2024",https://www.in.gov.br/en/web/dou/-/portaria-mcid-n-1.119-de-7-de-outubro-de-2024-596577847
S-1300,Cidades Sustentáveis e Resilientes,Prevenção a Desastres,Drenagem Urbana,OGU,OGU,2024,AL,SANTANA DO IPANEMA,Nordeste,"56000004461/2023",Seleção Normal,42786200,0,42786200,selecionada,,Novo PAC - Seleção,"765, de 2024",https://www.in.gov.br/en/web/dou/-/portaria-mcid-n-765-de-25-de-julho-de-2024-574546514
S-1301,Cidades Sustentáveis e Resilientes,Resíduos Sólidos,Resíduos Sólidos,OGU,OGU,2024,BA,"SALVADOR, ITABUNA, ILHEUS, BARREIRAS, TERRA NOVA, IRECÊ, CANDEIAS, LUIS EDUARDO MAGALHAES, TANQUE NOVO, ITAPARICA",Nordeste,"56000004798/2023",Seleção Normal,25675694,0,25675694,selecionada,,Novo PAC - Seleção,"1.119, de 2024",https://www.in.gov.br/en/web/dou/-/portaria-mcid-n-1.119-de-7-de-outubro-de-2024-596577847
S-1302,Cidades Sustentáveis e Resilientes,Periferia Viva,Regularização Fundiária,OGU,OGU,2024,RS,FARROUPILHA,Sul,"56000000287/2023",Seleção Normal,404000,0,404000,selecionada,,Novo PAC - Seleção,"450, de 2024",https://www.in.gov.br/web/dou/-/portaria-mcid-n-450-de-7-de-maio-de-2024-558553649
S-1303,Cidades Sustentáveis e Resilientes,Resíduos Sólidos,Resíduos Sólidos,OGU,OGU,2024,CE,TAUA,Nordeste,"56000005292/2023",Seleção Normal,2351885,0,2351885,selecionada,,Novo PAC - Seleção,"1.119, de 2024",https://www.in.gov.br/en/web/dou/-/portaria-mcid-n-1.119-de-7-de-outubro-de-2024-596577847
S-1304,Cidades Sustentáveis e Resilientes,Resíduos Sólidos,Resíduos Sólidos,OGU,OGU,2024,PB,CAJAZEIRAS,Nordeste,"56000005678/2023",Seleção Normal,5073919,0,5073919,selecionada,,Novo PAC - Seleção,"1.119, de 2024",https://www.in.gov.br/en/web/dou/-/portaria-mcid-n-1.119-de-7-de-outubro-de-2024-596577847
S-1305,Cidades Sustentáveis e Resilientes,Prevenção a Desastres,Drenagem Urbana,OGU,OGU,2024,PB,JOAO PESSOA,Nordeste,"56000003561/2023",Seleção Normal,8213053,0,8213053,selecionada,,Novo PAC - Seleção,"765, de 2024",https://www.in.gov.br/en/web/dou/-/portaria-mcid-n-765-de-25-de-julho-de-2024-574546514
S-1306,Cidades Sustentáveis e Resilientes,Resíduos Sólidos,Resíduos Sólidos,OGU,OGU,2024,PI,CRISTINO CASTRO,Nordeste,"56000006435/2023",Seleção Normal,2894624,0,2894624,selecionada,,Novo PAC - Seleção,"1.119, de 2024",https://www.in.gov.br/en/web/dou/-/portaria-mcid-n-1.119-de-7-de-outubro-de-2024-596577847
S-1307,Cidades Sustentáveis e Resilientes,Resíduos Sólidos,Resíduos Sólidos,OGU,OGU,2024,PI,PIMENTEIRAS,Nordeste,"56000006791/2023",Seleção Normal,649000,0,649000,selecionada,,Novo PAC - Seleção,"1.119, de 2024",https://www.in.gov.br/en/web/dou/-/portaria-mcid-n-1.119-de-7-de-outubro-de-2024-596577847
S-1308,Cidades Sustentáveis e Resilientes,Prevenção a Desastres,Drenagem Urbana,OGU,OGU,2024,PA,BRAGANCA,Norte,"56000000817/2023",Seleção Normal,5547641,0,5547641,selecionada,,Novo PAC - Seleção,"765, de 2024",https://www.in.gov.br/en/web/dou/-/portaria-mcid-n-765-de-25-de-julho-de-2024-574546514
S-1309,Cidades Sustentáveis e Resilientes,Prevenção a Desastres,Drenagem Urbana,OGU,OGU,2024,MG,ITAJUBA,Sudeste,"56000000227/2023",Seleção Normal,36058756,0,36058756,selecionada,,Novo PAC - Seleção,"765, de 2024",https://www.in.gov.br/en/web/dou/-/portaria-mcid-n-765-de-25-de-julho-de-2024-574546514
S-1310,Cidades Sustentáveis e Resilientes,Prevenção a Desastres,Drenagem Urbana,OGU,OGU,2024,SP,APIAI,Sudeste,"56000000552/2023",Seleção Normal,24469205,0,24469205,selecionada,,Novo PAC - Seleção,"765, de 2024",https://www.in.gov.br/en/web/dou/-/portaria-mcid-n-765-de-25-de-julho-de-2024-574546514
S-1311,Cidades Sustentáveis e Resilientes,Prevenção a Desastres,Drenagem Urbana,OGU,OGU,2024,SC,FLORIANOPOLIS,Sul,"56000000690/2023",Seleção Normal,19265291,0,19265291,selecionada,,Novo PAC - Seleção,"765, de 2024",https://www.in.gov.br/en/web/dou/-/portaria-mcid-n-765-de-25-de-julho-de-2024-574546514
S-1312,Cidades Sustentáveis e Resilientes,Prevenção a Desastres,Drenagem Urbana,OGU,OGU,2024,SC,FLORIANOPOLIS,Sul,"56000001091/2023",Seleção Normal,45159400,0,45159400,selecionada,,Novo PAC - Seleção,"765, de 2024",https://www.in.gov.br/en/web/dou/-/portaria-mcid-n-765-de-25-de-julho-de-2024-574546514
S-1313,Cidades Sustentáveis e Resilientes,Prevenção a Desastres,Drenagem Urbana,OGU,OGU,2024,PA,NOVA IPIXUNA,Norte,"56000001192/2023",Seleção Normal,500000,0,500000,selecionada,,Novo PAC - Seleção,"765, de 2024",https://www.in.gov.br/en/web/dou/-/portaria-mcid-n-765-de-25-de-julho-de-2024-574546514
S-1314,Cidades Sustentáveis e Resilientes,Prevenção a Desastres,Drenagem Urbana,OGU,OGU,2024,SP,FRANCO DA ROCHA,Sudeste,"56000001294/2023",Seleção Normal,106130773,0,106130773,selecionada,,Novo PAC - Seleção,"765, de 2024",https://www.in.gov.br/en/web/dou/-/portaria-mcid-n-765-de-25-de-julho-de-2024-574546514
S-1315,Cidades Sustentáveis e Resilientes,Prevenção a Desastres,Drenagem Urbana,OGU,OGU,2024,PB,JOAO PESSOA,Nordeste,"56000000927/2023",Seleção Normal,4575744,0,4575744,selecionada,,Novo PAC - Seleção,"765, de 2024",https://www.in.gov.br/en/web/dou/-/portaria-mcid-n-765-de-25-de-julho-de-2024-574546514
S-1316,Cidades Sustentáveis e Resilientes,Prevenção a Desastres,Drenagem Urbana,OGU,OGU,2024,SP,MAUA,Sudeste,"56000001153/2023",Seleção Normal,11700000,0,11700000,selecionada,,Novo PAC - Seleção,"765, de 2024",https://www.in.gov.br/en/web/dou/-/portaria-mcid-n-765-de-25-de-julho-de-2024-574546514
S-1317,Cidades Sustentáveis e Resilientes,Prevenção a Desastres,Drenagem Urbana,OGU,OGU,2024,SP,EMBU,Sudeste,"56000001996/2023",Seleção Normal,23923624,0,23923624,selecionada,,Novo PAC - Seleção,"765, de 2024",https://www.in.gov.br/en/web/dou/-/portaria-mcid-n-765-de-25-de-julho-de-2024-574546514
S-1318,Cidades Sustentáveis e Resilientes,Prevenção a Desastres,Drenagem Urbana,OGU,OGU,2024,PE,RECIFE,Nordeste,"56000001536/2023",Seleção Normal,23719919,0,23719919,selecionada,,Novo PAC - Seleção,"765, de 2024",https://www.in.gov.br/en/web/dou/-/portaria-mcid-n-765-de-25-de-julho-de-2024-574546514
S-1319,Cidades Sustentáveis e Resilientes,Prevenção a Desastres,Drenagem Urbana,OGU,OGU,2024,RJ,BELFORD ROXO,Sudeste,"56000001733/2023",Seleção Normal,208222531,0,208222531,selecionada,,Novo PAC - Seleção,"765, de 2024",https://www.in.gov.br/en/web/dou/-/portaria-mcid-n-765-de-25-de-julho-de-2024-574546514
S-1320,Cidades Sustentáveis e Resilientes,Prevenção a Desastres,Drenagem Urbana,OGU,OGU,2024,MT,BARRA DO GARCAS,Centro-Oeste,"56000001816/2023",Seleção Normal,16170000,0,16170000,selecionada,,Novo PAC - Seleção,"765, de 2024",https://www.in.gov.br/en/web/dou/-/portaria-mcid-n-765-de-25-de-julho-de-2024-574546514
S-1321,Cidades Sustentáveis e Resilientes,Prevenção a Desastres,Drenagem Urbana,OGU,OGU,2024,SP,MAUA,Sudeste,"56000001997/2023",Seleção Normal,16856000,0,16856000,selecionada,,Novo PAC - Seleção,"765, de 2024",https://www.in.gov.br/en/web/dou/-/portaria-mcid-n-765-de-25-de-julho-de-2024-574546514
S-1322,Cidades Sustentáveis e Resilientes,Prevenção a Desastres,Drenagem Urbana,OGU,OGU,2024,MA,ITAPECURU MIRIM,Nordeste,"56000002182/2023",Seleção Normal,1000000,0,1000000,selecionada,,Novo PAC - Seleção,"765, de 2024",https://www.in.gov.br/en/web/dou/-/portaria-mcid-n-765-de-25-de-julho-de-2024-574546514
S-1323,Cidades Sustentáveis e Resilientes,Prevenção a Desastres,Drenagem Urbana,OGU,OGU,2024,MG,CAETE,Sudeste,"56000002442/2023",Seleção Normal,12540153,0,12540153,selecionada,,Novo PAC - Seleção,"765, de 2024",https://www.in.gov.br/en/web/dou/-/portaria-mcid-n-765-de-25-de-julho-de-2024-574546514
S-1324,Cidades Sustentáveis e Resilientes,Prevenção a Desastres,Drenagem Urbana,OGU,OGU,2024,RJ,NOVA FRIBURGO,Sudeste,"56000002528/2023",Seleção Normal,322559,0,322559,selecionada,,Novo PAC - Seleção,"765, de 2024",https://www.in.gov.br/en/web/dou/-/portaria-mcid-n-765-de-25-de-julho-de-2024-574546514
S-1325,Cidades Sustentáveis e Resilientes,Prevenção a Desastres,Drenagem Urbana,OGU,OGU,2024,PA,BELEM,Norte,"56000003133/2023",Seleção Normal,192783958,0,192783958,selecionada,,Novo PAC - Seleção,"765, de 2024",https://www.in.gov.br/en/web/dou/-/portaria-mcid-n-765-de-25-de-julho-de-2024-574546514
S-1326,Cidades Sustentáveis e Resilientes,Prevenção a Desastres,Drenagem Urbana,OGU,OGU,2024,SP,CUNHA,Sudeste,"56000003450/2023",Seleção Normal,100000,0,100000,selecionada,,Novo PAC - Seleção,"765, de 2024",https://www.in.gov.br/en/web/dou/-/portaria-mcid-n-765-de-25-de-julho-de-2024-574546514
S-1327,Cidades Sustentáveis e Resilientes,Prevenção a Desastres,Drenagem Urbana,OGU,OGU,2024,MG,CONTAGEM,Sudeste,"56000003613/2023",Seleção Normal,4763500,0,4763500,selecionada,,Novo PAC - Seleção,"765, de 2024",https://www.in.gov.br/en/web/dou/-/portaria-mcid-n-765-de-25-de-julho-de-2024-574546514
S-1328,Cidades Sustentáveis e Resilientes,Prevenção a Desastres,Drenagem Urbana,OGU,OGU,2024,BA,LAURO DE FREITAS,Nordeste,"56000003777/2023",Seleção Normal,61850197,0,61850197,selecionada,,Novo PAC - Seleção,"765, de 2024",https://www.in.gov.br/en/web/dou/-/portaria-mcid-n-765-de-25-de-julho-de-2024-574546514
S-1329,Cidades Sustentáveis e Resilientes,Prevenção a Desastres,Drenagem Urbana,OGU,OGU,2024,RJ,"BELFORD ROXO, DUQUE DE CAXIAS, MESQUITA, NILOPOLIS, NOVA IGUACU, SAO JOAO DE MERITI",Sudeste,"56000003968/2023",Seleção Normal,160000000,0,160000000,selecionada,,Novo PAC - Seleção,"765, de 2024",https://www.in.gov.br/en/web/dou/-/portaria-mcid-n-765-de-25-de-julho-de-2024-574546514
S-1330,Cidades Sustentáveis e Resilientes,Prevenção a Desastres,Drenagem Urbana,OGU,OGU,2024,AP,MACAPA,Norte,"56000005235/2023",Seleção Normal,17500000,0,17500000,selecionada,,Novo PAC - Seleção,"765, de 2024",https://www.in.gov.br/en/web/dou/-/portaria-mcid-n-765-de-25-de-julho-de-2024-574546514
S-1331,Cidades Sustentáveis e Resilientes,Prevenção a Desastres,Drenagem Urbana,OGU,OGU,2024,BA,VITORIA DA CONQUISTA,Nordeste,"56000005406/2023",Seleção Normal,4106395,0,4106395,selecionada,,Novo PAC - Seleção,"765, de 2024",https://www.in.gov.br/en/web/dou/-/portaria-mcid-n-765-de-25-de-julho-de-2024-574546514
S-1332,Cidades Sustentáveis e Resilientes,Prevenção a Desastres,Drenagem Urbana,OGU,OGU,2024,BA,VITORIA DA CONQUISTA,Nordeste,"56000005492/2023",Seleção Normal,4727639,0,4727639,selecionada,,Novo PAC - Seleção,"765, de 2024",https://www.in.gov.br/en/web/dou/-/portaria-mcid-n-765-de-25-de-julho-de-2024-574546514
S-1333,Cidades Sustentáveis e Resilientes,Prevenção a Desastres,Drenagem Urbana,OGU,OGU,2024,PE,AGUAS BELAS,Nordeste,"56000005649/2023",Seleção Normal,12200000,0,12200000,selecionada,,Novo PAC - Seleção,"765, de 2024",https://www.in.gov.br/en/web/dou/-/portaria-mcid-n-765-de-25-de-julho-de-2024-574546514
S-1334,Cidades Sustentáveis e Resilientes,Prevenção a Desastres,Drenagem Urbana,OGU,OGU,2024,PR,ALMIRANTE TAMANDARE,Sul,"56000005707/2023",Seleção Normal,154161699,0,154161699,selecionada,,Novo PAC - Seleção,"765, de 2024",https://www.in.gov.br/en/web/dou/-/portaria-mcid-n-765-de-25-de-julho-de-2024-574546514
S-1335,Cidades Sustentáveis e Resilientes,Prevenção a Desastres,Drenagem Urbana,OGU,OGU,2024,MA,PRESIDENTE DUTRA,Nordeste,"56000005835/2023",Seleção Normal,16132253,0,16132253,selecionada,,Novo PAC - Seleção,"765, de 2024",https://www.in.gov.br/en/web/dou/-/portaria-mcid-n-765-de-25-de-julho-de-2024-574546514
S-1336,Cidades Sustentáveis e Resilientes,Prevenção a Desastres,Drenagem Urbana,OGU,OGU,2024,SP,MAIRIPORA,Sudeste,"56000006116/2023",Seleção Normal,391402,0,391402,selecionada,,Novo PAC - Seleção,"765, de 2024",https://www.in.gov.br/en/web/dou/-/portaria-mcid-n-765-de-25-de-julho-de-2024-574546514
S-1337,Cidades Sustentáveis e Resilientes,Prevenção a Desastres,Drenagem Urbana,OGU,OGU,2024,CE,MARANGUAPE,Nordeste,"56000006522/2023",Seleção Normal,133227,0,133227,selecionada,,Novo PAC - Seleção,"765, de 2024",https://www.in.gov.br/en/web/dou/-/portaria-mcid-n-765-de-25-de-julho-de-2024-574546514
S-1338,Cidades Sustentáveis e Resilientes,Prevenção a Desastres,Drenagem Urbana,OGU,OGU,2024,AM,TEFE,Norte,"56000006640/2023O",Seleção Normal,2097763,0,2097763,selecionada,,Novo PAC - Seleção,"765, de 2024",https://www.in.gov.br/en/web/dou/-/portaria-mcid-n-765-de-25-de-julho-de-2024-574546514
S-1339,Cidades Sustentáveis e Resilientes,Prevenção a Desastres,Drenagem Urbana,OGU,OGU,2024,MG,CARANGOLA,Sudeste,"56000006674/2023",Seleção Normal,16780735,0,16780735,selecionada,,Novo PAC - Seleção,"765, de 2024",https://www.in.gov.br/en/web/dou/-/portaria-mcid-n-765-de-25-de-julho-de-2024-574546514
S-1340,Cidades Sustentáveis e Resilientes,Prevenção a Desastres,Drenagem Urbana,OGU,OGU,2024,RR,PACARAIMA,Norte,"56000006852/2023",Seleção Normal,253512,0,253512,selecionada,,Novo PAC - Seleção,"765, de 2024",https://www.in.gov.br/en/web/dou/-/portaria-mcid-n-765-de-25-de-julho-de-2024-574546514
S-1341,Cidades Sustentáveis e Resilientes,Prevenção a Desastres,Contenção de Encostas,OGU,OGU,2024,MG,ITAJUBA,Sudeste,"56000000355/2023",Seleção Normal,8900558.37,0,8900558.37,selecionada,,Novo PAC - Seleção,"451, de 2024",https://www.in.gov.br/web/dou/-/portaria-mcid-n-451-de-7-de-maio-de-2024-558538861
S-1342,Cidades Sustentáveis e Resilientes,Prevenção a Desastres,Contenção de Encostas,OGU,OGU,2024,SP,ITAPEVI,Sudeste,"56000000691/2023",Seleção Normal,2384301.95,0,2384301.95,selecionada,,Novo PAC - Seleção,"451, de 2024",https://www.in.gov.br/web/dou/-/portaria-mcid-n-451-de-7-de-maio-de-2024-558538861
S-1343,Cidades Sustentáveis e Resilientes,Periferia Viva,Regularização Fundiária,OGU,OGU,2024,MG,IPATINGA,Sudeste,"56000000443/2023",Seleção Normal,659649.41,0,659649.41,selecionada,,Novo PAC - Seleção,"450, de 2024",https://www.in.gov.br/web/dou/-/portaria-mcid-n-450-de-7-de-maio-de-2024-558553649
S-1344,Cidades Sustentáveis e Resilientes,Periferia Viva,Regularização Fundiária,OGU,OGU,2024,BA,ITABUNA,Nordeste,"56000003129/2023",Seleção Normal,1950000,0,1950000,selecionada,,Novo PAC - Seleção,"450, de 2024",https://www.in.gov.br/web/dou/-/portaria-mcid-n-450-de-7-de-maio-de-2024-558553649
S-1345,Cidades Sustentáveis e Resilientes,Periferia Viva,Regularização Fundiária,OGU,OGU,2024,MA,SAO JOSE DE RIBAMAR,Nordeste,"56000000371/2023",Seleção Normal,2000000,0,2000000,selecionada,,Novo PAC - Seleção,"450, de 2024",https://www.in.gov.br/web/dou/-/portaria-mcid-n-450-de-7-de-maio-de-2024-558553649
S-1346,Cidades Sustentáveis e Resilientes,Periferia Viva,Regularização Fundiária,OGU,OGU,2024,BA,FEIRA DE SANTANA,Nordeste,"56000000740/2023",Seleção Normal,431730,0,431730,selecionada,,Novo PAC - Seleção,"450, de 2024",https://www.in.gov.br/web/dou/-/portaria-mcid-n-450-de-7-de-maio-de-2024-558553649
S-1347,Cidades Sustentáveis e Resilientes,Periferia Viva,Regularização Fundiária,OGU,OGU,2024,BA,SIMOES FILHO,Nordeste,"56000000483/2023",Seleção Normal,1000000,0,1000000,selecionada,,Novo PAC - Seleção,"450, de 2024",https://www.in.gov.br/web/dou/-/portaria-mcid-n-450-de-7-de-maio-de-2024-558553649
S-1348,Cidades Sustentáveis e Resilientes,Periferia Viva,Regularização Fundiária,OGU,OGU,2024,RS,CAXIAS DO SUL,Sul,"56000000644/2023",Seleção Normal,1500000,0,1500000,selecionada,,Novo PAC - Seleção,"450, de 2024",https://www.in.gov.br/web/dou/-/portaria-mcid-n-450-de-7-de-maio-de-2024-558553649
S-1349,Cidades Sustentáveis e Resilientes,Periferia Viva,Regularização Fundiária,OGU,OGU,2024,MG,CONTAGEM,Sudeste,"56000000718/2023",Seleção Normal,3000000,0,3000000,selecionada,,Novo PAC - Seleção,"450, de 2024",https://www.in.gov.br/web/dou/-/portaria-mcid-n-450-de-7-de-maio-de-2024-558553649
S-1350,Cidades Sustentáveis e Resilientes,Periferia Viva,Regularização Fundiária,OGU,OGU,2024,MS,PONTA PORA,Centro-Oeste,"56000000813/2023",Seleção Normal,1000000,0,1000000,selecionada,,Novo PAC - Seleção,"450, de 2024",https://www.in.gov.br/web/dou/-/portaria-mcid-n-450-de-7-de-maio-de-2024-558553649
S-1351,Cidades Sustentáveis e Resilientes,Periferia Viva,Regularização Fundiária,OGU,OGU,2024,RJ,NITEROI,Sudeste,"56000000878/2023",Seleção Normal,2304138.39,0,2304138.39,selecionada,,Novo PAC - Seleção,"450, de 2024",https://www.in.gov.br/web/dou/-/portaria-mcid-n-450-de-7-de-maio-de-2024-558553649
S-1352,Cidades Sustentáveis e Resilientes,Periferia Viva,Regularização Fundiária,OGU,OGU,2024,RJ,VALENCA,Sudeste,"56000001034/2023",Seleção Normal,1000000,0,1000000,selecionada,,Novo PAC - Seleção,"450, de 2024",https://www.in.gov.br/web/dou/-/portaria-mcid-n-450-de-7-de-maio-de-2024-558553649
S-1353,Cidades Sustentáveis e Resilientes,Periferia Viva,Regularização Fundiária,OGU,OGU,2024,PE,PAULISTA,Nordeste,"56000001065/2023",Seleção Normal,2260800,0,2260800,selecionada,,Novo PAC - Seleção,"450, de 2024",https://www.in.gov.br/web/dou/-/portaria-mcid-n-450-de-7-de-maio-de-2024-558553649
S-1354,Cidades Sustentáveis e Resilientes,Periferia Viva,Regularização Fundiária,OGU,OGU,2024,SC,FLORIANOPOLIS,Sul,"56000001109/2023",Seleção Normal,1100000,0,1100000,selecionada,,Novo PAC - Seleção,"450, de 2024",https://www.in.gov.br/web/dou/-/portaria-mcid-n-450-de-7-de-maio-de-2024-558553649
S-1355,Cidades Sustentáveis e Resilientes,Periferia Viva,Regularização Fundiária,OGU,OGU,2024,SP,SANTOS,Sudeste,"56000001194/2023",Seleção Normal,964400,0,964400,selecionada,,Novo PAC - Seleção,"450, de 2024",https://www.in.gov.br/web/dou/-/portaria-mcid-n-450-de-7-de-maio-de-2024-558553649
S-1356,Cidades Sustentáveis e Resilientes,Periferia Viva,Regularização Fundiária,OGU,OGU,2024,MA,PACO DO LUMIAR,Nordeste,"56000001271/2023",Seleção Normal,1000000,0,1000000,selecionada,,Novo PAC - Seleção,"450, de 2024",https://www.in.gov.br/web/dou/-/portaria-mcid-n-450-de-7-de-maio-de-2024-558553649
S-1357,Cidades Sustentáveis e Resilientes,Periferia Viva,Regularização Fundiária,OGU,OGU,2024,BA,EUNAPOLIS,Nordeste,"56000001414/2023",Seleção Normal,900000,0,900000,selecionada,,Novo PAC - Seleção,"450, de 2024",https://www.in.gov.br/web/dou/-/portaria-mcid-n-450-de-7-de-maio-de-2024-558553649
S-1358,Cidades Sustentáveis e Resilientes,Prevenção a Desastres,Contenção de Encostas,OGU,OGU,2024,ES,VILA VELHA,Sudeste,"56000001244/2023",Seleção Normal,668076.72,0,668076.72,selecionada,,Novo PAC - Seleção,"451, de 2024",https://www.in.gov.br/web/dou/-/portaria-mcid-n-451-de-7-de-maio-de-2024-558538861
S-1359,Cidades Sustentáveis e Resilientes,Prevenção a Desastres,Contenção de Encostas,OGU,OGU,2024,SP,SANTOS,Sudeste,"56000006073/2023",Seleção Normal,10495811.52,0,10495811.52,selecionada,,Novo PAC - Seleção,"451, de 2024",https://www.in.gov.br/web/dou/-/portaria-mcid-n-451-de-7-de-maio-de-2024-558538861
S-1360,Cidades Sustentáveis e Resilientes,Prevenção a Desastres,Contenção de Encostas,OGU,OGU,2024,SP,TABOAO DA SERRA,Sudeste,"56000001453/2023",Seleção Normal,24625487.33,0,24625487.33,selecionada,,Novo PAC - Seleção,"451, de 2024",https://www.in.gov.br/web/dou/-/portaria-mcid-n-451-de-7-de-maio-de-2024-558538861
S-1361,Cidades Sustentáveis e Resilientes,Prevenção a Desastres,Contenção de Encostas,OGU,OGU,2024,BA,CAMPINHO,Nordeste,"56000001619/2023",Seleção Normal,2100000,0,2100000,selecionada,,Novo PAC - Seleção,"451, de 2024",https://www.in.gov.br/web/dou/-/portaria-mcid-n-451-de-7-de-maio-de-2024-558538861
S-1362,Cidades Sustentáveis e Resilientes,Prevenção a Desastres,Contenção de Encostas,OGU,OGU,2024,MG,ALEM PARAIBA,Sudeste,"56000001973/2023",Seleção Normal,6795821.42,0,6795821.42,selecionada,,Novo PAC - Seleção,"451, de 2024",https://www.in.gov.br/web/dou/-/portaria-mcid-n-451-de-7-de-maio-de-2024-558538861
S-1363,Cidades Sustentáveis e Resilientes,Prevenção a Desastres,Contenção de Encostas,OGU,OGU,2024,SC,BALNEARIO PICARRAS,Sul,"56000002163/2023",Seleção Normal,2339666.52,0,2339666.52,selecionada,,Novo PAC - Seleção,"451, de 2024",https://www.in.gov.br/web/dou/-/portaria-mcid-n-451-de-7-de-maio-de-2024-558538861
S-1364,Cidades Sustentáveis e Resilientes,Prevenção a Desastres,Contenção de Encostas,OGU,OGU,2024,SP,FRANCISCO MORATO,Sudeste,"56000002451/2023",Seleção Normal,56516421.36,0,56516421.36,selecionada,,Novo PAC - Seleção,"451, de 2024",https://www.in.gov.br/web/dou/-/portaria-mcid-n-451-de-7-de-maio-de-2024-558538861
S-1365,Cidades Sustentáveis e Resilientes,Prevenção a Desastres,Contenção de Encostas,OGU,OGU,2024,MG,JUIZ DE FORA,Sudeste,"56000003004/2023",Seleção Normal,21654335.95,0,21654335.95,selecionada,,Novo PAC - Seleção,"451, de 2024",https://www.in.gov.br/web/dou/-/portaria-mcid-n-451-de-7-de-maio-de-2024-558538861
S-1366,Cidades Sustentáveis e Resilientes,Prevenção a Desastres,Contenção de Encostas,OGU,OGU,2024,MG,BELO HORIZONTE,Sudeste,"56000003165/2023",Seleção Normal,8850000,0,8850000,selecionada,,Novo PAC - Seleção,"451, de 2024",https://www.in.gov.br/web/dou/-/portaria-mcid-n-451-de-7-de-maio-de-2024-558538861
S-1367,Cidades Sustentáveis e Resilientes,Prevenção a Desastres,Contenção de Encostas,OGU,OGU,2024,SP,OSASCO,Sudeste,"56000003289/2023",Seleção Normal,26990250.55,0,26990250.55,selecionada,,Novo PAC - Seleção,"451, de 2024",https://www.in.gov.br/web/dou/-/portaria-mcid-n-451-de-7-de-maio-de-2024-558538861
S-1368,Cidades Sustentáveis e Resilientes,Prevenção a Desastres,Contenção de Encostas,OGU,OGU,2024,ES,SANTA LEOPOLDINA,Sudeste,"56000003801/2023",Seleção Normal,1390744.5,0,1390744.5,selecionada,,Novo PAC - Seleção,"451, de 2024",https://www.in.gov.br/web/dou/-/portaria-mcid-n-451-de-7-de-maio-de-2024-558538861
S-1369,Cidades Sustentáveis e Resilientes,Prevenção a Desastres,Contenção de Encostas,OGU,OGU,2024,SC,BLUMENAU,Sul,"56000003993/2023",Seleção Normal,528000,0,528000,selecionada,,Novo PAC - Seleção,"451, de 2024",https://www.in.gov.br/web/dou/-/portaria-mcid-n-451-de-7-de-maio-de-2024-558538861
S-1370,Cidades Sustentáveis e Resilientes,Prevenção a Desastres,Contenção de Encostas,OGU,OGU,2024,MG,BELO HORIZONTE,Sudeste,"56000004590/2023",Seleção Normal,8386520.32,0,8386520.32,selecionada,,Novo PAC - Seleção,"451, de 2024",https://www.in.gov.br/web/dou/-/portaria-mcid-n-451-de-7-de-maio-de-2024-558538861
S-1371,Cidades Sustentáveis e Resilientes,Prevenção a Desastres,Contenção de Encostas,OGU,OGU,2024,MG,CONGONHAS,Sudeste,"56000005045/2023",Seleção Normal,13223851.87,0,13223851.87,selecionada,,Novo PAC - Seleção,"451, de 2024",https://www.in.gov.br/web/dou/-/portaria-mcid-n-451-de-7-de-maio-de-2024-558538861
S-1372,Cidades Sustentáveis e Resilientes,Prevenção a Desastres,Contenção de Encostas,OGU,OGU,2024,RJ,NOVA FRIBURGO,Sudeste,"56000005279/2023",Seleção Normal,11859104.98,0,11859104.98,selecionada,,Novo PAC - Seleção,"451, de 2024",https://www.in.gov.br/web/dou/-/portaria-mcid-n-451-de-7-de-maio-de-2024-558538861
S-1373,Cidades Sustentáveis e Resilientes,Prevenção a Desastres,Contenção de Encostas,OGU,OGU,2024,RS,PORTO ALEGRE,Sul,"56000005420/2023",Seleção Normal,85197268.41,0,85197268.41,selecionada,,Novo PAC - Seleção,"451, de 2024",https://www.in.gov.br/web/dou/-/portaria-mcid-n-451-de-7-de-maio-de-2024-558538861
S-1374,Cidades Sustentáveis e Resilientes,Prevenção a Desastres,Contenção de Encostas,OGU,OGU,2024,SP,SAO LUIS DO PARAITINGA,Sudeste,"56000005628/2023",Seleção Normal,757771.35,0,757771.35,selecionada,,Novo PAC - Seleção,"451, de 2024",https://www.in.gov.br/web/dou/-/portaria-mcid-n-451-de-7-de-maio-de-2024-558538861
S-1375,Cidades Sustentáveis e Resilientes,Prevenção a Desastres,Contenção de Encostas,OGU,OGU,2024,AL,MARAGOGI,Nordeste,"56000005924/2023",Seleção Normal,2151600,0,2151600,selecionada,,Novo PAC - Seleção,"451, de 2024",https://www.in.gov.br/web/dou/-/portaria-mcid-n-451-de-7-de-maio-de-2024-558538861
S-1376,Cidades Sustentáveis e Resilientes,Prevenção a Desastres,Contenção de Encostas,OGU,OGU,2024,MA,SAO LUIS,Nordeste,"56000006374/2023",Seleção Normal,625620,0,625620,selecionada,,Novo PAC - Seleção,"451, de 2024",https://www.in.gov.br/web/dou/-/portaria-mcid-n-451-de-7-de-maio-de-2024-558538861
S-1377,Cidades Sustentáveis e Resilientes,Prevenção a Desastres,Contenção de Encostas,OGU,OGU,2024,SP,MAIRIPORA,Sudeste,"56000006705/2023",Seleção Normal,26832892.65,0,26832892.65,selecionada,,Novo PAC - Seleção,"451, de 2024",https://www.in.gov.br/web/dou/-/portaria-mcid-n-451-de-7-de-maio-de-2024-558538861
S-1378,Cidades Sustentáveis e Resilientes,Periferia Viva,Regularização Fundiária,OGU,OGU,2024,BA,RIBEIRA DO POMBAL,Nordeste,"56000005423/2023",Seleção Normal,1000000,0,1000000,selecionada,,Novo PAC - Seleção,"450, de 2024",https://www.in.gov.br/web/dou/-/portaria-mcid-n-450-de-7-de-maio-de-2024-558553649
S-1379,Cidades Sustentáveis e Resilientes,Prevenção a Desastres,Contenção de Encostas,OGU,OGU,2024,PE,IPOJUCA E IGARASSU,Nordeste,"56000006749/2023",Seleção Normal,5447301.56,0,5447301.56,selecionada,,Novo PAC - Seleção,"451, de 2024",https://www.in.gov.br/web/dou/-/portaria-mcid-n-451-de-7-de-maio-de-2024-558538861
S-1380,Água Para Todos,Água para quem mais precisa,Abastecimento de Água - Rural,OGU,OGU,2024,MG,MATO VERDE,Sudeste,"56000000560/2023",Seleção Normal,900000,0,900000,selecionada,,Novo PAC - Seleção,"452, de 2024",https://www.in.gov.br/web/dou/-/portaria-mcid-n-452-de-7-de-maio-de-2024-558553728
S-1381,Água Para Todos,Água para quem mais precisa,Abastecimento de Água - Rural,OGU,OGU,2024,MG,JACINTO,Sudeste,"56000000584/2023",Seleção Normal,450000,0,450000,selecionada,,Novo PAC - Seleção,"452, de 2024",https://www.in.gov.br/web/dou/-/portaria-mcid-n-452-de-7-de-maio-de-2024-558553728
S-1382,Água Para Todos,Água para quem mais precisa,Abastecimento de Água - Rural,OGU,OGU,2024,MG,ARACUAI,Sudeste,"56000000665/2023",Seleção Normal,900000,0,900000,selecionada,,Novo PAC - Seleção,"452, de 2024",https://www.in.gov.br/web/dou/-/portaria-mcid-n-452-de-7-de-maio-de-2024-558553728
S-1383,Água Para Todos,Água para quem mais precisa,Abastecimento de Água - Rural,OGU,OGU,2024,MG,DIVISA ALEGRE,Sudeste,"56000000688/2023",Seleção Normal,150000,0,150000,selecionada,,Novo PAC - Seleção,"452, de 2024",https://www.in.gov.br/web/dou/-/portaria-mcid-n-452-de-7-de-maio-de-2024-558553728
S-1384,Água Para Todos,Água para quem mais precisa,Abastecimento de Água - Rural,OGU,OGU,2024,SE,ILHA DAS FLORES,Nordeste,"56000000825/2023",Seleção Normal,152261.59,0,152261.59,selecionada,,Novo PAC - Seleção,"452, de 2024",https://www.in.gov.br/web/dou/-/portaria-mcid-n-452-de-7-de-maio-de-2024-558553728
S-1385,Água Para Todos,Água para quem mais precisa,Abastecimento de Água - Rural,OGU,OGU,2024,BA,JAGUARARI,Nordeste,"56000000938/2023",Seleção Normal,9664285.55,0,9664285.55,selecionada,,Novo PAC - Seleção,"452, de 2024",https://www.in.gov.br/web/dou/-/portaria-mcid-n-452-de-7-de-maio-de-2024-558553728
S-1386,Água Para Todos,Água para quem mais precisa,Abastecimento de Água - Rural,OGU,OGU,2024,MG,JOAIMA,Sudeste,"56000001232/2023",Seleção Normal,150000,0,150000,selecionada,,Novo PAC - Seleção,"452, de 2024",https://www.in.gov.br/web/dou/-/portaria-mcid-n-452-de-7-de-maio-de-2024-558553728
S-1387,Água Para Todos,Água para quem mais precisa,Abastecimento de Água - Rural,OGU,OGU,2024,MG,FRANCISCO BADARO,Sudeste,"56000001256/2023",Seleção Normal,1350000,0,1350000,selecionada,,Novo PAC - Seleção,"452, de 2024",https://www.in.gov.br/web/dou/-/portaria-mcid-n-452-de-7-de-maio-de-2024-558553728
S-1388,Água Para Todos,Água para quem mais precisa,Abastecimento de Água - Rural,OGU,OGU,2024,MG,ITINGA,Sudeste,"56000001275/2023",Seleção Normal,750000,0,750000,selecionada,,Novo PAC - Seleção,"452, de 2024",https://www.in.gov.br/web/dou/-/portaria-mcid-n-452-de-7-de-maio-de-2024-558553728
S-1389,Água Para Todos,Água para quem mais precisa,Abastecimento de Água - Rural,OGU,OGU,2024,MG,RUBELITA,Sudeste,"56000001295/2023",Seleção Normal,900000,0,900000,selecionada,,Novo PAC - Seleção,"452, de 2024",https://www.in.gov.br/web/dou/-/portaria-mcid-n-452-de-7-de-maio-de-2024-558553728
S-1390,Água Para Todos,Água para quem mais precisa,Abastecimento de Água - Rural,OGU,OGU,2024,MG,RIACHO DOS MACHADO,Sudeste,"56000001313/2023",Seleção Normal,300000,0,300000,selecionada,,Novo PAC - Seleção,"452, de 2024",https://www.in.gov.br/web/dou/-/portaria-mcid-n-452-de-7-de-maio-de-2024-558553728
S-1391,Água Para Todos,Água para quem mais precisa,Abastecimento de Água - Rural,OGU,OGU,2024,MA,JENIPAPO DOS VIEIRAS,Nordeste,"56000002676/2023",Seleção Normal,2417270.43,0,2417270.43,selecionada,,Novo PAC - Seleção,"452, de 2024",https://www.in.gov.br/web/dou/-/portaria-mcid-n-452-de-7-de-maio-de-2024-558553728
S-1392,Água Para Todos,Água para quem mais precisa,Abastecimento de Água - Rural,OGU,OGU,2024,MG,COMERCINHO,Sudeste,"56000001343/2023",Seleção Normal,150000,0,150000,selecionada,,Novo PAC - Seleção,"452, de 2024",https://www.in.gov.br/web/dou/-/portaria-mcid-n-452-de-7-de-maio-de-2024-558553728
S-1393,Água Para Todos,Água para quem mais precisa,Abastecimento de Água - Rural,OGU,OGU,2024,MG,VARZELANDIA,Sudeste,"56000001362/2023",Seleção Normal,300000,0,300000,selecionada,,Novo PAC - Seleção,"452, de 2024",https://www.in.gov.br/web/dou/-/portaria-mcid-n-452-de-7-de-maio-de-2024-558553728
S-1394,Água Para Todos,Água para quem mais precisa,Abastecimento de Água - Rural,OGU,OGU,2024,MG,CHAPADA DO NORTE,Sudeste,"56000001387/2023",Seleção Normal,150000,0,150000,selecionada,,Novo PAC - Seleção,"452, de 2024",https://www.in.gov.br/web/dou/-/portaria-mcid-n-452-de-7-de-maio-de-2024-558553728
S-1395,Água Para Todos,Água para quem mais precisa,Abastecimento de Água - Rural,OGU,OGU,2024,MG,NOVO CRUZEIRO,Sudeste,"56000001400/2023",Seleção Normal,150000,0,150000,selecionada,,Novo PAC - Seleção,"452, de 2024",https://www.in.gov.br/web/dou/-/portaria-mcid-n-452-de-7-de-maio-de-2024-558553728
S-1396,Água Para Todos,Água para quem mais precisa,Abastecimento de Água - Rural,OGU,OGU,2024,PI,TERESINA,Nordeste,"56000001457/2023",Seleção Normal,3740000,0,3740000,selecionada,,Novo PAC - Seleção,"452, de 2024",https://www.in.gov.br/web/dou/-/portaria-mcid-n-452-de-7-de-maio-de-2024-558553728
S-1397,Água Para Todos,Água para quem mais precisa,Abastecimento de Água - Rural,OGU,OGU,2024,PA,ALENQUER,Norte,"56000002704/2023",Seleção Normal,3168045.75,0,3168045.75,selecionada,,Novo PAC - Seleção,"452, de 2024",https://www.in.gov.br/web/dou/-/portaria-mcid-n-452-de-7-de-maio-de-2024-558553728
S-1398,Água Para Todos,Água para quem mais precisa,Abastecimento de Água - Rural,OGU,OGU,2024,PE,CARUARU,Nordeste,"56000001575/2023",Seleção Normal,6715020.25,0,6715020.25,selecionada,,Novo PAC - Seleção,"452, de 2024",https://www.in.gov.br/web/dou/-/portaria-mcid-n-452-de-7-de-maio-de-2024-558553728
S-1399,Água Para Todos,Água para quem mais precisa,Abastecimento de Água - Rural,OGU,OGU,2024,PI,JOSE DE FREITAS,Nordeste,"56000001589/2023",Seleção Normal,1040000,0,1040000,selecionada,,Novo PAC - Seleção,"452, de 2024",https://www.in.gov.br/web/dou/-/portaria-mcid-n-452-de-7-de-maio-de-2024-558553728
S-1400,Água Para Todos,Água para quem mais precisa,Abastecimento de Água - Rural,OGU,OGU,2024,GO,CORREGO DO OURO,Centro-Oeste,"56000002670/2023",Seleção Normal,527322.8,0,527322.8,selecionada,,Novo PAC - Seleção,"452, de 2024",https://www.in.gov.br/web/dou/-/portaria-mcid-n-452-de-7-de-maio-de-2024-558553728
S-1401,Água Para Todos,Água para quem mais precisa,Abastecimento de Água - Rural,OGU,OGU,2024,PA,FLORESTA DO ARAGUAIA,Norte,"56000006773/2023",Seleção Normal,1200000,0,1200000,selecionada,,Novo PAC - Seleção,"452, de 2024",https://www.in.gov.br/web/dou/-/portaria-mcid-n-452-de-7-de-maio-de-2024-558553728
S-1402,Água Para Todos,Água para quem mais precisa,Abastecimento de Água - Rural,OGU,OGU,2024,MA,FERNANDO FALCAO,Nordeste,"56000002549/2023",Seleção Normal,2611570.55,0,2611570.55,selecionada,,Novo PAC - Seleção,"452, de 2024",https://www.in.gov.br/web/dou/-/portaria-mcid-n-452-de-7-de-maio-de-2024-558553728
S-1403,Água Para Todos,Água para quem mais precisa,Abastecimento de Água - Rural,OGU,OGU,2024,GO,AMARALINA,Centro-Oeste,"56000002643/2023",Seleção Normal,527322.8,0,527322.8,selecionada,,Novo PAC - Seleção,"452, de 2024",https://www.in.gov.br/web/dou/-/portaria-mcid-n-452-de-7-de-maio-de-2024-558553728
S-1404,Água Para Todos,Água para quem mais precisa,Abastecimento de Água - Rural,OGU,OGU,2024,GO,SAO LUIZ DO NORTE,Centro-Oeste,"56000002695/2023",Seleção Normal,527322.8,0,527322.8,selecionada,,Novo PAC - Seleção,"452, de 2024",https://www.in.gov.br/web/dou/-/portaria-mcid-n-452-de-7-de-maio-de-2024-558553728
S-1405,Água Para Todos,Água para quem mais precisa,Abastecimento de Água - Rural,OGU,OGU,2024,GO,CABECEIRAS,Centro-Oeste,"56000002717/2023",Seleção Normal,911883.5,0,911883.5,selecionada,,Novo PAC - Seleção,"452, de 2024",https://www.in.gov.br/web/dou/-/portaria-mcid-n-452-de-7-de-maio-de-2024-558553728
S-1406,Água Para Todos,Água para quem mais precisa,Abastecimento de Água - Rural,OGU,OGU,2024,GO,CAMPINORTE,Centro-Oeste,"56000002729/2023",Seleção Normal,439654.18,0,439654.18,selecionada,,Novo PAC - Seleção,"452, de 2024",https://www.in.gov.br/web/dou/-/portaria-mcid-n-452-de-7-de-maio-de-2024-558553728
S-1407,Água Para Todos,Água para quem mais precisa,Abastecimento de Água - Rural,OGU,OGU,2024,MA,BELAGUA,Nordeste,"56000002774/2023",Seleção Normal,2611570.55,0,2611570.55,selecionada,,Novo PAC - Seleção,"452, de 2024",https://www.in.gov.br/web/dou/-/portaria-mcid-n-452-de-7-de-maio-de-2024-558553728
S-1408,Água Para Todos,Água para quem mais precisa,Abastecimento de Água - Rural,OGU,OGU,2024,MA,PEDRO DO ROSARIO,Nordeste,"56000002832/2023",Seleção Normal,2611570.55,0,2611570.55,selecionada,,Novo PAC - Seleção,"452, de 2024",https://www.in.gov.br/web/dou/-/portaria-mcid-n-452-de-7-de-maio-de-2024-558553728
S-1409,Água Para Todos,Água para quem mais precisa,Abastecimento de Água - Rural,OGU,OGU,2024,MA,SAO JOAO DO SOTER,Nordeste,"56000002853/2023",Seleção Normal,2611570.55,0,2611570.55,selecionada,,Novo PAC - Seleção,"452, de 2024",https://www.in.gov.br/web/dou/-/portaria-mcid-n-452-de-7-de-maio-de-2024-558553728
S-1410,Água Para Todos,Água para quem mais precisa,Abastecimento de Água - Rural,OGU,OGU,2024,MA,SANTO AMARO DO MARANHAO,Nordeste,"56000002868/2023",Seleção Normal,2611570.55,0,2611570.55,selecionada,,Novo PAC - Seleção,"452, de 2024",https://www.in.gov.br/web/dou/-/portaria-mcid-n-452-de-7-de-maio-de-2024-558553728
S-1411,Água Para Todos,Água para quem mais precisa,Abastecimento de Água - Rural,OGU,OGU,2024,PA,ITAITUBA,Norte,"56000003068/2023",Seleção Normal,3168045.75,0,3168045.75,selecionada,,Novo PAC - Seleção,"452, de 2024",https://www.in.gov.br/web/dou/-/portaria-mcid-n-452-de-7-de-maio-de-2024-558553728
S-1412,Água Para Todos,Água para quem mais precisa,Abastecimento de Água - Rural,OGU,OGU,2024,TO,ARRAIAS,Norte,"56000003277/2023",Seleção Normal,742849.69,0,742849.69,selecionada,,Novo PAC - Seleção,"452, de 2024",https://www.in.gov.br/web/dou/-/portaria-mcid-n-452-de-7-de-maio-de-2024-558553728
S-1413,Água Para Todos,Água para quem mais precisa,Abastecimento de Água - Rural,OGU,OGU,2024,TO,COLINAS DO TOCANTINS,Norte,"56000003408/2023",Seleção Normal,742849.69,0,742849.69,selecionada,,Novo PAC - Seleção,"452, de 2024",https://www.in.gov.br/web/dou/-/portaria-mcid-n-452-de-7-de-maio-de-2024-558553728
S-1414,Água Para Todos,Água para quem mais precisa,Abastecimento de Água - Rural,OGU,OGU,2024,CE,GENERAL SAMPAIO,Nordeste,"56000003549/2023",Seleção Normal,336804.61,0,336804.61,selecionada,,Novo PAC - Seleção,"452, de 2024",https://www.in.gov.br/web/dou/-/portaria-mcid-n-452-de-7-de-maio-de-2024-558553728
S-1415,Água Para Todos,Água para quem mais precisa,Abastecimento de Água - Rural,OGU,OGU,2024,TO,MAURILANDIA DO TOCANTINS,Norte,"56000003665/2023",Seleção Normal,742849.69,0,742849.69,selecionada,,Novo PAC - Seleção,"452, de 2024",https://www.in.gov.br/web/dou/-/portaria-mcid-n-452-de-7-de-maio-de-2024-558553728
S-1416,Água Para Todos,Água para quem mais precisa,Abastecimento de Água - Rural,OGU,OGU,2024,TO,WANDERLANDIA,Norte,"56000003862/2023",Seleção Normal,742849.69,0,742849.69,selecionada,,Novo PAC - Seleção,"452, de 2024",https://www.in.gov.br/web/dou/-/portaria-mcid-n-452-de-7-de-maio-de-2024-558553728
S-1417,Água Para Todos,Água para quem mais precisa,Abastecimento de Água - Rural,OGU,OGU,2024,PA,PRAINHA,Norte,"56000004125/2023",Seleção Normal,3880547.54,0,3880547.54,selecionada,,Novo PAC - Seleção,"452, de 2024",https://www.in.gov.br/web/dou/-/portaria-mcid-n-452-de-7-de-maio-de-2024-558553728
S-1418,Água Para Todos,Água para quem mais precisa,Abastecimento de Água - Rural,OGU,OGU,2024,PA,BELTERRA,Norte,"56000004192/2023",Seleção Normal,3880547.54,0,3880547.54,selecionada,,Novo PAC - Seleção,"452, de 2024",https://www.in.gov.br/web/dou/-/portaria-mcid-n-452-de-7-de-maio-de-2024-558553728
S-1419,Água Para Todos,Água para quem mais precisa,Abastecimento de Água - Rural,OGU,OGU,2024,PA,JURUTI,Norte,"56000004446/2023",Seleção Normal,988086.93,0,988086.93,selecionada,,Novo PAC - Seleção,"452, de 2024",https://www.in.gov.br/web/dou/-/portaria-mcid-n-452-de-7-de-maio-de-2024-558553728
S-1420,Água Para Todos,Água para quem mais precisa,Abastecimento de Água - Rural,OGU,OGU,2024,PR,RESERVA DO IGUACU,Sul,"56000004727/2023",Seleção Normal,735102.68,0,735102.68,selecionada,,Novo PAC - Seleção,"452, de 2024",https://www.in.gov.br/web/dou/-/portaria-mcid-n-452-de-7-de-maio-de-2024-558553728
S-1421,Água Para Todos,Água para quem mais precisa,Abastecimento de Água - Rural,OGU,OGU,2024,SC,RIQUEZA,Sul,"56000005282/2023",Seleção Normal,416233.49,0,416233.49,selecionada,,Novo PAC - Seleção,"452, de 2024",https://www.in.gov.br/web/dou/-/portaria-mcid-n-452-de-7-de-maio-de-2024-558553728
S-1422,Água Para Todos,Água para quem mais precisa,Abastecimento de Água - Rural,OGU,OGU,2024,PA,SANTA CRUZ DO ARARI,Norte,"56000005511/2023",Seleção Normal,450000,0,450000,selecionada,,Novo PAC - Seleção,"452, de 2024",https://www.in.gov.br/web/dou/-/portaria-mcid-n-452-de-7-de-maio-de-2024-558553728
S-1423,Água Para Todos,Água para quem mais precisa,Abastecimento de Água - Rural,OGU,OGU,2024,PI,SAO RAIMUNDO NONATO,Nordeste,"56000006095/2023",Seleção Normal,522275.25,0,522275.25,selecionada,,Novo PAC - Seleção,"452, de 2024",https://www.in.gov.br/web/dou/-/portaria-mcid-n-452-de-7-de-maio-de-2024-558553728
S-1424,Água Para Todos,Água para quem mais precisa,Abastecimento de Água - Rural,OGU,OGU,2024,AM,CAREIRO DA VARZEA,Norte,"56000006211/2023",Seleção Normal,198812.84,0,198812.84,selecionada,,Novo PAC - Seleção,"452, de 2024",https://www.in.gov.br/web/dou/-/portaria-mcid-n-452-de-7-de-maio-de-2024-558553728
S-1425,Água Para Todos,Água para quem mais precisa,Abastecimento de Água - Rural,OGU,OGU,2024,PI,GILBUES,Nordeste,"56000006257/2023",Seleção Normal,933356.7,0,933356.7,selecionada,,Novo PAC - Seleção,"452, de 2024",https://www.in.gov.br/web/dou/-/portaria-mcid-n-452-de-7-de-maio-de-2024-558553728
S-1426,Água Para Todos,Água para quem mais precisa,Abastecimento de Água - Rural,OGU,OGU,2024,PI,LAGOA DO SITIO,Nordeste,"56000006949/2023",Seleção Normal,587232.9,0,587232.9,selecionada,,Novo PAC - Seleção,"452, de 2024",https://www.in.gov.br/web/dou/-/portaria-mcid-n-452-de-7-de-maio-de-2024-558553728
S-1427,Cidades Sustentáveis e Resilientes,Mobilidade Urbana Sustentável,Médias e Grandes Cidades,OGU,OGU,2024,PB,JOAO PESSOA,Nordeste,"56000001766/2023",Seleção Normal,4866723.42,0,4866723.42,selecionada,,Novo PAC - Seleção,"767, de 2024",https://www.in.gov.br/en/web/dou/-/portaria-mcid-n-767-de-26-de-julho-de-2024-574546651
S-1428,Cidades Sustentáveis e Resilientes,Esgotamento Sanitário,Esgotamento Sanitário,FIN,FGTS,2024,PB,PIANCO,Nordeste,"56000004292/2023",Seleção Normal,0,42086189.16,42086189.16,selecionada,Setor Público,Novo PAC - Seleção,"769, de 2024",https://www.in.gov.br/en/web/dou/-/portaria-mcid-n-769-de-26-de-julho-de-2024-574546917
S-1429,Cidades Sustentáveis e Resilientes,Esgotamento Sanitário,Esgotamento Sanitário,FIN,FGTS,2024,RS,PELOTAS,Sul,"56000004362/2023",Seleção Normal,0,70000000,70000000,selecionada,Setor Público,Novo PAC - Seleção,"769, de 2024",https://www.in.gov.br/en/web/dou/-/portaria-mcid-n-769-de-26-de-julho-de-2024-574546917
S-1430,Cidades Sustentáveis e Resilientes,Esgotamento Sanitário,Esgotamento Sanitário,FIN,FGTS,2024,RS,PELOTAS,Sul,"56000004426/2023",Seleção Normal,0,55637746.38,55637746.38,selecionada,Setor Público,Novo PAC - Seleção,"769, de 2024",https://www.in.gov.br/en/web/dou/-/portaria-mcid-n-769-de-26-de-julho-de-2024-574546917
S-1431,Cidades Sustentáveis e Resilientes,Periferia Viva,Regularização Fundiária,OGU,OGU,2024,RS,PELOTAS,Sul,"56000001531/2023",Seleção Normal,763622.4,0,763622.4,selecionada,,Novo PAC - Seleção,"450, de 2024",https://www.in.gov.br/web/dou/-/portaria-mcid-n-450-de-7-de-maio-de-2024-558553649
S-1432,Cidades Sustentáveis e Resilientes,Periferia Viva,Regularização Fundiária,OGU,OGU,2024,MG,RIBEIRAO DAS NEVES,Sudeste,"56000001693/2023",Seleção Normal,2000000,0,2000000,selecionada,,Novo PAC - Seleção,"450, de 2024",https://www.in.gov.br/web/dou/-/portaria-mcid-n-450-de-7-de-maio-de-2024-558553649
S-1433,Cidades Sustentáveis e Resilientes,Periferia Viva,Regularização Fundiária,OGU,OGU,2024,MG,JUIZ DE FORA,Sudeste,"56000001781/2023",Seleção Normal,891861.6,0,891861.6,selecionada,,Novo PAC - Seleção,"450, de 2024",https://www.in.gov.br/web/dou/-/portaria-mcid-n-450-de-7-de-maio-de-2024-558553649
S-1434,Cidades Sustentáveis e Resilientes,Periferia Viva,Regularização Fundiária,OGU,OGU,2024,MA,CODO,Nordeste,"56000001835/2023",Seleção Normal,1000000,0,1000000,selecionada,,Novo PAC - Seleção,"450, de 2024",https://www.in.gov.br/web/dou/-/portaria-mcid-n-450-de-7-de-maio-de-2024-558553649
S-1435,Cidades Sustentáveis e Resilientes,Periferia Viva,Regularização Fundiária,OGU,OGU,2024,MA,ITAPECURU MIRIM,Nordeste,"56000001938/2023",Seleção Normal,1000000,0,1000000,selecionada,,Novo PAC - Seleção,"450, de 2024",https://www.in.gov.br/web/dou/-/portaria-mcid-n-450-de-7-de-maio-de-2024-558553649
S-1436,Cidades Sustentáveis e Resilientes,Periferia Viva,Regularização Fundiária,OGU,OGU,2024,MA,BURITICUPU,Nordeste,"56000002073/2023",Seleção Normal,1000000,0,1000000,selecionada,,Novo PAC - Seleção,"450, de 2024",https://www.in.gov.br/web/dou/-/portaria-mcid-n-450-de-7-de-maio-de-2024-558553649
S-1437,Cidades Sustentáveis e Resilientes,Periferia Viva,Regularização Fundiária,OGU,OGU,2024,BA,BRUMADO,Nordeste,"56000002117/2023",Seleção Normal,780000,0,780000,selecionada,,Novo PAC - Seleção,"450, de 2024",https://www.in.gov.br/web/dou/-/portaria-mcid-n-450-de-7-de-maio-de-2024-558553649
S-1438,Cidades Sustentáveis e Resilientes,Periferia Viva,Regularização Fundiária,OGU,OGU,2024,SC,BLUMENAU,Sul,"56000002268/2023",Seleção Normal,592513.83,0,592513.83,selecionada,,Novo PAC - Seleção,"450, de 2024",https://www.in.gov.br/web/dou/-/portaria-mcid-n-450-de-7-de-maio-de-2024-558553649
S-1439,Cidades Sustentáveis e Resilientes,Periferia Viva,Regularização Fundiária,OGU,OGU,2024,SP,GUARULHOS,Sudeste,"56000002526/2023",Seleção Normal,965265.05,0,965265.05,selecionada,,Novo PAC - Seleção,"450, de 2024",https://www.in.gov.br/web/dou/-/portaria-mcid-n-450-de-7-de-maio-de-2024-558553649
S-1440,Cidades Sustentáveis e Resilientes,Periferia Viva,Regularização Fundiária,OGU,OGU,2024,RJ,CABO FRIO,Sudeste,"56000002400/2023",Seleção Normal,2000000,0,2000000,selecionada,,Novo PAC - Seleção,"450, de 2024",https://www.in.gov.br/web/dou/-/portaria-mcid-n-450-de-7-de-maio-de-2024-558553649
S-1441,Cidades Sustentáveis e Resilientes,Periferia Viva,Regularização Fundiária,OGU,OGU,2024,BA,VITORIA DA CONQUISTA,Nordeste,"56000002469/2023",Seleção Normal,400000,0,400000,selecionada,,Novo PAC - Seleção,"450, de 2024",https://www.in.gov.br/web/dou/-/portaria-mcid-n-450-de-7-de-maio-de-2024-558553649
S-1442,Cidades Sustentáveis e Resilientes,Periferia Viva,Regularização Fundiária,OGU,OGU,2024,SE,MARUIM,Nordeste,"56000002496/2023",Seleção Normal,1000000,0,1000000,selecionada,,Novo PAC - Seleção,"450, de 2024",https://www.in.gov.br/web/dou/-/portaria-mcid-n-450-de-7-de-maio-de-2024-558553649
S-1443,Cidades Sustentáveis e Resilientes,Periferia Viva,Regularização Fundiária,OGU,OGU,2024,SP,OSASCO,Sudeste,"56000002551/2023",Seleção Normal,2625000,0,2625000,selecionada,,Novo PAC - Seleção,"450, de 2024",https://www.in.gov.br/web/dou/-/portaria-mcid-n-450-de-7-de-maio-de-2024-558553649
S-1444,Cidades Sustentáveis e Resilientes,Mobilidade Urbana Sustentável,Médias e Grandes Cidades,OGU,OGU,2024,SP,GUARULHOS,Sudeste,"56000000926/2023",Seleção Normal,8000000,0,8000000,selecionada,,Novo PAC - Seleção,"767, de 2024",https://www.in.gov.br/en/web/dou/-/portaria-mcid-n-767-de-26-de-julho-de-2024-574546651
S-1445,Cidades Sustentáveis e Resilientes,Mobilidade Urbana Sustentável,Médias e Grandes Cidades,OGU,OGU,2024,SP,DIADEMA,Sudeste,"56000001438/2023",Seleção Normal,64696757.15,0,64696757.15,selecionada,,Novo PAC - Seleção,"767, de 2024",https://www.in.gov.br/en/web/dou/-/portaria-mcid-n-767-de-26-de-julho-de-2024-574546651
S-1446,Cidades Sustentáveis e Resilientes,Periferia Viva,Regularização Fundiária,OGU,OGU,2024,PA,ANANINDEUA,Norte,"56000002711/2023",Seleção Normal,401632,0,401632,selecionada,,Novo PAC - Seleção,"450, de 2024",https://www.in.gov.br/web/dou/-/portaria-mcid-n-450-de-7-de-maio-de-2024-558553649
S-1447,Cidades Sustentáveis e Resilientes,Periferia Viva,Regularização Fundiária,OGU,OGU,2024,SP,CAMPINAS,Sudeste,"56000003140/2023",Seleção Normal,605650,0,605650,selecionada,,Novo PAC - Seleção,"450, de 2024",https://www.in.gov.br/web/dou/-/portaria-mcid-n-450-de-7-de-maio-de-2024-558553649
S-1448,Cidades Sustentáveis e Resilientes,Periferia Viva,Regularização Fundiária,OGU,OGU,2024,RJ,QUEIMADOS,Sudeste,"56000002899/2023",Seleção Normal,950000,0,950000,selecionada,,Novo PAC - Seleção,"450, de 2024",https://www.in.gov.br/web/dou/-/portaria-mcid-n-450-de-7-de-maio-de-2024-558553649
S-1449,Cidades Sustentáveis e Resilientes,Periferia Viva,Regularização Fundiária,OGU,OGU,2024,PA,BRAGANCA,Norte,"56000002999/2023",Seleção Normal,770852.69,0,770852.69,selecionada,,Novo PAC - Seleção,"450, de 2024",https://www.in.gov.br/web/dou/-/portaria-mcid-n-450-de-7-de-maio-de-2024-558553649
S-1450,Cidades Sustentáveis e Resilientes,Periferia Viva,Regularização Fundiária,OGU,OGU,2024,RJ,VOLTA REDONDA,Sudeste,"56000003075/2023",Seleção Normal,2000000,0,2000000,selecionada,,Novo PAC - Seleção,"450, de 2024",https://www.in.gov.br/web/dou/-/portaria-mcid-n-450-de-7-de-maio-de-2024-558553649
S-1451,Cidades Sustentáveis e Resilientes,Periferia Viva,Regularização Fundiária,OGU,OGU,2024,AM,MANAUS,Norte,"56000003226/2023",Seleção Normal,6000000,0,6000000,selecionada,,Novo PAC - Seleção,"450, de 2024",https://www.in.gov.br/web/dou/-/portaria-mcid-n-450-de-7-de-maio-de-2024-558553649
S-1452,Cidades Sustentáveis e Resilientes,Periferia Viva,Regularização Fundiária,OGU,OGU,2024,BA,TEIXEIRA DE FREITAS,Nordeste,"56000003336/2023",Seleção Normal,1000000,0,1000000,selecionada,,Novo PAC - Seleção,"450, de 2024",https://www.in.gov.br/web/dou/-/portaria-mcid-n-450-de-7-de-maio-de-2024-558553649
S-1453,Cidades Sustentáveis e Resilientes,Periferia Viva,Regularização Fundiária,OGU,OGU,2024,RS,CRUZ ALTA,Sul,"56000003379/2023",Seleção Normal,911157.3,0,911157.3,selecionada,,Novo PAC - Seleção,"450, de 2024",https://www.in.gov.br/web/dou/-/portaria-mcid-n-450-de-7-de-maio-de-2024-558553649
S-1454,Cidades Sustentáveis e Resilientes,Periferia Viva,Regularização Fundiária,OGU,OGU,2024,PA,CASTANHAL,Norte,"56000003452/2023",Seleção Normal,1366019.33,0,1366019.33,selecionada,,Novo PAC - Seleção,"450, de 2024",https://www.in.gov.br/web/dou/-/portaria-mcid-n-450-de-7-de-maio-de-2024-558553649
S-1455,Cidades Sustentáveis e Resilientes,Periferia Viva,Regularização Fundiária,OGU,OGU,2024,MG,LAGOA SANTA,Sudeste,"56000003510/2023",Seleção Normal,853598.31,0,853598.31,selecionada,,Novo PAC - Seleção,"450, de 2024",https://www.in.gov.br/web/dou/-/portaria-mcid-n-450-de-7-de-maio-de-2024-558553649
S-1456,Cidades Sustentáveis e Resilientes,Periferia Viva,Regularização Fundiária,OGU,OGU,2024,SP,PIRACICABA,Sudeste,"56000003624/2023",Seleção Normal,665168,0,665168,selecionada,,Novo PAC - Seleção,"450, de 2024",https://www.in.gov.br/web/dou/-/portaria-mcid-n-450-de-7-de-maio-de-2024-558553649
S-1457,Cidades Sustentáveis e Resilientes,Periferia Viva,Regularização Fundiária,OGU,OGU,2024,SC,TUBARAO,Sul,"56000003649/2023",Seleção Normal,616000,0,616000,selecionada,,Novo PAC - Seleção,"450, de 2024",https://www.in.gov.br/web/dou/-/portaria-mcid-n-450-de-7-de-maio-de-2024-558553649
S-1458,Cidades Sustentáveis e Resilientes,Periferia Viva,Regularização Fundiária,OGU,OGU,2024,RJ,ARARUAMA,Sudeste,"56000003688/2023",Seleção Normal,500000,0,500000,selecionada,,Novo PAC - Seleção,"450, de 2024",https://www.in.gov.br/web/dou/-/portaria-mcid-n-450-de-7-de-maio-de-2024-558553649
S-1459,Cidades Sustentáveis e Resilientes,Periferia Viva,Regularização Fundiária,OGU,OGU,2024,RS,PORTO ALEGRE,Sul,"56000003815/2023",Seleção Normal,1300000,0,1300000,selecionada,,Novo PAC - Seleção,"450, de 2024",https://www.in.gov.br/web/dou/-/portaria-mcid-n-450-de-7-de-maio-de-2024-558553649
S-1460,Cidades Sustentáveis e Resilientes,Periferia Viva,Regularização Fundiária,OGU,OGU,2024,GO,AGUAS LINDAS DE GOIAS,Centro-Oeste,"56000004719/2023",Seleção Normal,1000000,0,1000000,selecionada,,Novo PAC - Seleção,"450, de 2024",https://www.in.gov.br/web/dou/-/portaria-mcid-n-450-de-7-de-maio-de-2024-558553649
S-1461,Cidades Sustentáveis e Resilientes,Mobilidade Urbana Sustentável,Médias e Grandes Cidades,OGU,OGU,2024,MG,UBERABA,Sudeste,"56000001958/2023",Seleção Normal,12809700,0,12809700,selecionada,,Novo PAC - Seleção,"767, de 2024",https://www.in.gov.br/en/web/dou/-/portaria-mcid-n-767-de-26-de-julho-de-2024-574546651
S-1462,Cidades Sustentáveis e Resilientes,Mobilidade Urbana Sustentável,Médias e Grandes Cidades,OGU,OGU,2024,PA,SANTAREM,Norte,"56000002199/2023",Seleção Normal,185909598.81,0,185909598.81,selecionada,,Novo PAC - Seleção,"767, de 2024",https://www.in.gov.br/en/web/dou/-/portaria-mcid-n-767-de-26-de-julho-de-2024-574546651
S-1463,Cidades Sustentáveis e Resilientes,Mobilidade Urbana Sustentável,Médias e Grandes Cidades,OGU,OGU,2024,RN,NATAL,Nordeste,"56000002314/2023",Seleção Normal,33000000,0,33000000,selecionada,,Novo PAC - Seleção,"767, de 2024",https://www.in.gov.br/en/web/dou/-/portaria-mcid-n-767-de-26-de-julho-de-2024-574546651
S-1464,Cidades Sustentáveis e Resilientes,Mobilidade Urbana Sustentável,Médias e Grandes Cidades,OGU,OGU,2024,SP,JUNDIAI,Sudeste,"56000002974/2023",Seleção Normal,69116979.6,0,69116979.6,selecionada,,Novo PAC - Seleção,"767, de 2024",https://www.in.gov.br/en/web/dou/-/portaria-mcid-n-767-de-26-de-julho-de-2024-574546651
S-1465,Cidades Sustentáveis e Resilientes,Mobilidade Urbana Sustentável,Médias e Grandes Cidades,OGU,OGU,2024,RS,PORTO ALEGRE,Sul,"56000003693/2023",Seleção Normal,2700000,0,2700000,selecionada,,Novo PAC - Seleção,"767, de 2024",https://www.in.gov.br/en/web/dou/-/portaria-mcid-n-767-de-26-de-julho-de-2024-574546651
S-1466,Cidades Sustentáveis e Resilientes,Mobilidade Urbana Sustentável,Médias e Grandes Cidades,OGU,OGU,2024,SP,CAMPINAS,Sudeste,"56000004209/2023",Seleção Normal,2587603.99,0,2587603.99,selecionada,,Novo PAC - Seleção,"767, de 2024",https://www.in.gov.br/en/web/dou/-/portaria-mcid-n-767-de-26-de-julho-de-2024-574546651
S-1467,Cidades Sustentáveis e Resilientes,Mobilidade Urbana Sustentável,Médias e Grandes Cidades,OGU,OGU,2024,BA,SIMOES FILHO,Nordeste,"56000004908/2023",Seleção Normal,16084250,0,16084250,selecionada,,Novo PAC - Seleção,"767, de 2024",https://www.in.gov.br/en/web/dou/-/portaria-mcid-n-767-de-26-de-julho-de-2024-574546651
S-1468,Cidades Sustentáveis e Resilientes,Mobilidade Urbana Sustentável,Médias e Grandes Cidades,OGU,OGU,2024,MA,SAO LUIS,Nordeste,"56000005094/2023",Seleção Normal,174390000,0,174390000,selecionada,,Novo PAC - Seleção,"767, de 2024",https://www.in.gov.br/en/web/dou/-/portaria-mcid-n-767-de-26-de-julho-de-2024-574546651
S-1469,Cidades Sustentáveis e Resilientes,Mobilidade Urbana Sustentável,Médias e Grandes Cidades,OGU,OGU,2024,RS,"PORTO ALEGRE, ALVORADA E VIAMAO",Sul,"56000005535/2023",Seleção Normal,25000000,0,25000000,selecionada,,Novo PAC - Seleção,"767, de 2024",https://www.in.gov.br/en/web/dou/-/portaria-mcid-n-767-de-26-de-julho-de-2024-574546651
S-1470,Cidades Sustentáveis e Resilientes,Mobilidade Urbana Sustentável,Médias e Grandes Cidades,OGU,OGU,2024,PR,CURITIBA,Sul,"56000005795/2023",Seleção Normal,95000000,0,95000000,selecionada,,Novo PAC - Seleção,"767, de 2024",https://www.in.gov.br/en/web/dou/-/portaria-mcid-n-767-de-26-de-julho-de-2024-574546651
S-1471,Cidades Sustentáveis e Resilientes,Mobilidade Urbana Sustentável,Médias e Grandes Cidades,OGU,OGU,2024,GO,GOIANIA,Centro-Oeste,"56000006279/2023",Seleção Normal,3522624.03,0,3522624.03,selecionada,,Novo PAC - Seleção,"767, de 2024",https://www.in.gov.br/en/web/dou/-/portaria-mcid-n-767-de-26-de-julho-de-2024-574546651
S-1472,Cidades Sustentáveis e Resilientes,Prevenção a Desastres,Drenagem Urbana,OGU,OGU,2024,RS,ENCANTADO,Sul,"56000000981/2023",Calamidade RS,18856750,0,18856750,selecionada,,Novo PAC - Seleção,"776, de 2024",https://www.in.gov.br/web/dou/-/portaria-mcid-n-776-de-30-de-julho-de-2024-575055636
S-1473,Cidades Sustentáveis e Resilientes,Prevenção a Desastres,Drenagem Urbana,OGU,OGU,2024,RS,TAQUARI,Sul,"56000002151/2023",Calamidade RS,1000000,0,1000000,selecionada,,Novo PAC - Seleção,"776, de 2024",https://www.in.gov.br/web/dou/-/portaria-mcid-n-776-de-30-de-julho-de-2024-575055636
S-1474,Cidades Sustentáveis e Resilientes,Periferia Viva,Regularização Fundiária,OGU,OGU,2024,SP,SAO PAULO,Sudeste,"56000006137/2023",Seleção Normal,2693372.88,0,2693372.88,selecionada,,Novo PAC - Seleção,"450, de 2024",https://www.in.gov.br/web/dou/-/portaria-mcid-n-450-de-7-de-maio-de-2024-558553649
S-1475,Cidades Sustentáveis e Resilientes,Periferia Viva,Regularização Fundiária,OGU,OGU,2024,RO,PORTO VELHO,Norte,"56000004286/2023",Seleção Normal,999817.44,0,999817.44,selecionada,,Novo PAC - Seleção,"450, de 2024",https://www.in.gov.br/web/dou/-/portaria-mcid-n-450-de-7-de-maio-de-2024-558553649
S-1476,Cidades Sustentáveis e Resilientes,Periferia Viva,Regularização Fundiária,OGU,OGU,2024,RS,PORTO ALEGRE,Sul,"56000004443/2023",Seleção Normal,500000,0,500000,selecionada,,Novo PAC - Seleção,"450, de 2024",https://www.in.gov.br/web/dou/-/portaria-mcid-n-450-de-7-de-maio-de-2024-558553649
S-1477,Cidades Sustentáveis e Resilientes,Periferia Viva,Regularização Fundiária,OGU,OGU,2024,MG,CURVELO,Sudeste,"56000004721/2023",Seleção Normal,996079.05,0,996079.05,selecionada,,Novo PAC - Seleção,"450, de 2024",https://www.in.gov.br/web/dou/-/portaria-mcid-n-450-de-7-de-maio-de-2024-558553649
S-1478,Cidades Sustentáveis e Resilientes,Periferia Viva,Regularização Fundiária,OGU,OGU,2024,RS,TAQUARA,Sul,"56000004814/2023",Seleção Normal,400000,0,400000,selecionada,,Novo PAC - Seleção,"450, de 2024",https://www.in.gov.br/web/dou/-/portaria-mcid-n-450-de-7-de-maio-de-2024-558553649
S-1479,Cidades Sustentáveis e Resilientes,Periferia Viva,Regularização Fundiária,OGU,OGU,2024,PE,JABOATAO DOS GUARARAPES,Nordeste,"56000004912/2023",Seleção Normal,1190000,0,1190000,selecionada,,Novo PAC - Seleção,"450, de 2024",https://www.in.gov.br/web/dou/-/portaria-mcid-n-450-de-7-de-maio-de-2024-558553649
S-1480,Cidades Sustentáveis e Resilientes,Periferia Viva,Regularização Fundiária,OGU,OGU,2024,BA,ITABERABA,Nordeste,"56000005015/2023",Seleção Normal,999000,0,999000,selecionada,,Novo PAC - Seleção,"450, de 2024",https://www.in.gov.br/web/dou/-/portaria-mcid-n-450-de-7-de-maio-de-2024-558553649
S-1481,Cidades Sustentáveis e Resilientes,Periferia Viva,Regularização Fundiária,OGU,OGU,2024,PI,TERESINA,Nordeste,"56000005211/2023",Seleção Normal,2700000,0,2700000,selecionada,,Novo PAC - Seleção,"450, de 2024",https://www.in.gov.br/web/dou/-/portaria-mcid-n-450-de-7-de-maio-de-2024-558553649
S-1482,Cidades Sustentáveis e Resilientes,Periferia Viva,Regularização Fundiária,OGU,OGU,2024,RS,PORTO ALEGRE,Sul,"56000005392/2023",Seleção Normal,900000,0,900000,selecionada,,Novo PAC - Seleção,"450, de 2024",https://www.in.gov.br/web/dou/-/portaria-mcid-n-450-de-7-de-maio-de-2024-558553649
S-1483,Cidades Sustentáveis e Resilientes,Periferia Viva,Regularização Fundiária,OGU,OGU,2024,SP,PRAIA GRANDE,Sudeste,"56000005484/2023",Seleção Normal,400201.48,0,400201.48,selecionada,,Novo PAC - Seleção,"450, de 2024",https://www.in.gov.br/web/dou/-/portaria-mcid-n-450-de-7-de-maio-de-2024-558553649
S-1484,Cidades Sustentáveis e Resilientes,Periferia Viva,Regularização Fundiária,OGU,OGU,2024,SP,PRAIA GRANDE,Sudeste,"56000005553/2023",Seleção Normal,839803.72,0,839803.72,selecionada,,Novo PAC - Seleção,"450, de 2024",https://www.in.gov.br/web/dou/-/portaria-mcid-n-450-de-7-de-maio-de-2024-558553649
S-1485,Cidades Sustentáveis e Resilientes,Periferia Viva,Regularização Fundiária,OGU,OGU,2024,SP,MONGAGUA,Sudeste,"56000005618/2023",Seleção Normal,450000,0,450000,selecionada,,Novo PAC - Seleção,"450, de 2024",https://www.in.gov.br/web/dou/-/portaria-mcid-n-450-de-7-de-maio-de-2024-558553649
S-1486,Cidades Sustentáveis e Resilientes,Periferia Viva,Regularização Fundiária,OGU,OGU,2024,SP,SAO PAULO,Sudeste,"56000006177/2023",Seleção Normal,1351501.69,0,1351501.69,selecionada,,Novo PAC - Seleção,"450, de 2024",https://www.in.gov.br/web/dou/-/portaria-mcid-n-450-de-7-de-maio-de-2024-558553649
S-1487,Cidades Sustentáveis e Resilientes,Periferia Viva,Regularização Fundiária,OGU,OGU,2024,PA,OBIDOS,Norte,"56000005789/2023",Seleção Normal,1000000,0,1000000,selecionada,,Novo PAC - Seleção,"450, de 2024",https://www.in.gov.br/web/dou/-/portaria-mcid-n-450-de-7-de-maio-de-2024-558553649
S-1488,Cidades Sustentáveis e Resilientes,Mobilidade Urbana Sustentável,Médias e Grandes Cidades,FIN,FGTS,2025,SP,PRESIDENTE PRUDENTE,Sudeste,"56000000199/2025",Seleção Normal,0,25660327.3,25660327.3,enquadrada,Setor Privado,Novo PAC - Seleção,"981, de 2025",https://www.in.gov.br/en/web/dou/-/portaria-mcid-n-981-de-29-de-agosto-de-2025-652031181
S-1489,Cidades Sustentáveis e Resilientes,Periferia Viva,Regularização Fundiária,OGU,OGU,2024,MG,BETIM,Sudeste,"56000006001/2023",Seleção Normal,720000,0,720000,selecionada,,Novo PAC - Seleção,"450, de 2024",https://www.in.gov.br/web/dou/-/portaria-mcid-n-450-de-7-de-maio-de-2024-558553649
S-1490,Cidades Sustentáveis e Resilientes,Prevenção a Desastres,Drenagem Urbana,FIN,FGTS,2025,GO,GOIANIA,Centro-Oeste,"56000005223/2025",Seleção Normal,0,70000000,70000000,enquadrada,Setor Privado,Novo PAC - Seleção,"1.088, de 2025",https://www.in.gov.br/web/dou/-/portaria-mcid-n-1.088-de-19-de-setembro-de-2025-657754761
S-1491,Cidades Sustentáveis e Resilientes,Prevenção a Desastres,Drenagem Urbana,OGU,OGU,2024,RS,SAO JERONIMO,Sul,"56000003732/2023",Calamidade RS,300000,0,300000,selecionada,,Novo PAC - Seleção,"776, de 2024",https://www.in.gov.br/web/dou/-/portaria-mcid-n-776-de-30-de-julho-de-2024-575055636
S-1492,Cidades Sustentáveis e Resilientes,Prevenção a Desastres,Drenagem Urbana,OGU,OGU,2024,RS,URUGUAIANA,Sul,"56000004861/2023",Calamidade RS,910725,0,910725,selecionada,,Novo PAC - Seleção,"776, de 2024",https://www.in.gov.br/web/dou/-/portaria-mcid-n-776-de-30-de-julho-de-2024-575055636
S-1493,Cidades Sustentáveis e Resilientes,Prevenção a Desastres,Drenagem Urbana,OGU,OGU,2024,RS,NOVO HAMBURGO,Sul,"56000005562/2023",Calamidade RS,21021366,0,21021366,selecionada,,Novo PAC - Seleção,"776, de 2024",https://www.in.gov.br/web/dou/-/portaria-mcid-n-776-de-30-de-julho-de-2024-575055636
S-1494,Cidades Sustentáveis e Resilientes,Prevenção a Desastres,Drenagem Urbana,OGU,OGU,2024,RS,CAPAO DO LEAO,Sul,"56000007004/2023",Calamidade RS,217718,0,217718,selecionada,,Novo PAC - Seleção,"776, de 2024",https://www.in.gov.br/web/dou/-/portaria-mcid-n-776-de-30-de-julho-de-2024-575055636
S-1495,Cidades Sustentáveis e Resilientes,Prevenção a Desastres,Contenção de Encostas,OGU,OGU,2024,RJ,NOVA FRIBURGO,Sudeste,"56000005051/2023",Seleção Normal,16219750,0,16219750,selecionada,,Novo PAC - Seleção,"451, de 2024",https://www.in.gov.br/web/dou/-/portaria-mcid-n-451-de-7-de-maio-de-2024-558538861
S-1496,Cidades Sustentáveis e Resilientes,Mobilidade Urbana Sustentável,Renovação de Frota,FIN,Fundo Clima e BNDES,2024,ES,VITORIA,Sudeste,"56000002494/2023",Seleção Normal,0,150000000,150000000,selecionada,Setor Público,Novo PAC - Seleção,"445, de 2024",https://www.in.gov.br/web/dou/-/portaria-mcid-n-445-de-7-de-maio-de-2024-558553015
S-1497,Cidades Sustentáveis e Resilientes,Mobilidade Urbana Sustentável,Renovação de Frota,FIN,Fundo Clima e BNDES,2024,SP,SOROCABA,Sudeste,"56000001705/2023",Seleção Normal,0,150000000,150000000,selecionada,Setor Público,Novo PAC - Seleção,"445, de 2024",https://www.in.gov.br/web/dou/-/portaria-mcid-n-445-de-7-de-maio-de-2024-558553015
S-1498,Cidades Sustentáveis e Resilientes,Mobilidade Urbana Sustentável,Renovação de Frota,FIN,Fundo Clima e BNDES,2024,SE,"ARACAJU, BARRA DOS COQUEIROS, NOSSA SENHORA DO SOCORRO, SAO CRISTOVAO",Nordeste,"56000003181/2023",Seleção Normal,0,95340000,95340000,selecionada,Setor Público,Novo PAC - Seleção,"445, de 2024",https://www.in.gov.br/web/dou/-/portaria-mcid-n-445-de-7-de-maio-de-2024-558553015
S-1499,Cidades Sustentáveis e Resilientes,Mobilidade Urbana Sustentável,Renovação de Frota,FIN,Fundo Clima e BNDES,2024,PR,CURITIBA,Sul,"56000005093/2023",Seleção Normal,0,90000000,90000000,selecionada,Setor Público,Novo PAC - Seleção,"445, de 2024",https://www.in.gov.br/web/dou/-/portaria-mcid-n-445-de-7-de-maio-de-2024-558553015
S-1500,Cidades Sustentáveis e Resilientes,Mobilidade Urbana Sustentável,Renovação de Frota,FIN,Fundo Clima e BNDES,2024,PA,BELEM,Norte,"56000006260/2023",Seleção Normal,0,63560000,63560000,selecionada,Setor Público,Novo PAC - Seleção,"445, de 2024",https://www.in.gov.br/web/dou/-/portaria-mcid-n-445-de-7-de-maio-de-2024-558553015
S-1501,Cidades Sustentáveis e Resilientes,Periferia Viva,Urbanização de Favelas,FIN,FGTS,2025,PR,PONTA GROSSA,Sul,"56000001292/2025",Seleção Normal,0,14530725,14530725,enquadrada,Setor Privado,Novo PAC - Seleção,"825, de 2025",https://www.in.gov.br/web/dou/-/portaria-mcid-n-825-de-24-de-julho-de-2025-644423269
S-1502,Cidades Sustentáveis e Resilientes,Periferia Viva,Urbanização de Favelas,FIN,FGTS,2025,SP,SANTOS,Sudeste,"56000000623/2025",Seleção Normal,0,360866561.91,360866561.91,enquadrada,Setor Privado,Novo PAC - Seleção,"825, de 2025",https://www.in.gov.br/web/dou/-/portaria-mcid-n-825-de-24-de-julho-de-2025-644423269
S-1503,Cidades Sustentáveis e Resilientes,Prevenção a Desastres,Drenagem Urbana,FIN,FGTS,2025,RJ,NITEROI,Sudeste,"56000001060/2025",Seleção Normal,0,20000000,20000000,enquadrada,Setor Privado,Novo PAC - Seleção,"1.088, de 2025",https://www.in.gov.br/web/dou/-/portaria-mcid-n-1.088-de-19-de-setembro-de-2025-657754761
S-1504,Cidades Sustentáveis e Resilientes,Prevenção a Desastres,Drenagem Urbana,FIN,FGTS,2025,RJ,DUQUE DE CAXIAS,Sudeste,"56000001148/2025",Seleção Normal,0,58542509.39,58542509.39,enquadrada,Setor Privado,Novo PAC - Seleção,"1.087, de 2025",https://www.in.gov.br/en/web/dou/-/portaria-mcid-n-1.087-de-19-de-setembro-de-2025-657754682
S-1505,Cidades Sustentáveis e Resilientes,Mobilidade Urbana Sustentável,Médias e Grandes Cidades,FIN,FGTS,2025,MT,RONDONOPOLIS,Centro-Oeste,"56000000309/2025",Seleção Normal,0,22315469.61,22315469.61,enquadrada,Setor Privado,Novo PAC - Seleção,"981, de 2025",https://www.in.gov.br/en/web/dou/-/portaria-mcid-n-981-de-29-de-agosto-de-2025-652031181
S-1506,Cidades Sustentáveis e Resilientes,Mobilidade Urbana Sustentável,Médias e Grandes Cidades,FIN,FGTS,2025,PA,PARAUAPEBAS,Norte,"56000002046/2025",Seleção Normal,0,20557161.52,20557161.52,enquadrada,Setor Privado,Novo PAC - Seleção,"981, de 2025",https://www.in.gov.br/en/web/dou/-/portaria-mcid-n-981-de-29-de-agosto-de-2025-652031181
S-1507,Cidades Sustentáveis e Resilientes,Periferia Viva,Regularização Fundiária,OGU,OGU,2024,SP,MOGI DAS CRUZES,Sudeste,"56000006204/2023",Seleção Normal,936300,0,936300,selecionada,,Novo PAC - Seleção,"450, de 2024",https://www.in.gov.br/web/dou/-/portaria-mcid-n-450-de-7-de-maio-de-2024-558553649
S-1508,Cidades Sustentáveis e Resilientes,Periferia Viva,Regularização Fundiária,OGU,OGU,2024,SP,BERTIOGA,Sudeste,"56000006306/2023",Seleção Normal,998026.52,0,998026.52,selecionada,,Novo PAC - Seleção,"450, de 2024",https://www.in.gov.br/web/dou/-/portaria-mcid-n-450-de-7-de-maio-de-2024-558553649
S-1509,Cidades Sustentáveis e Resilientes,Periferia Viva,Regularização Fundiária,OGU,OGU,2024,PE,OLINDA,Nordeste,"56000006600/2023",Seleção Normal,400000,0,400000,selecionada,,Novo PAC - Seleção,"450, de 2024",https://www.in.gov.br/web/dou/-/portaria-mcid-n-450-de-7-de-maio-de-2024-558553649
S-1510,Cidades Sustentáveis e Resilientes,Periferia Viva,Regularização Fundiária,OGU,OGU,2024,BA,SALVADOR,Nordeste,"56000006757/2023",Seleção Normal,2100000,0,2100000,selecionada,,Novo PAC - Seleção,"450, de 2024",https://www.in.gov.br/web/dou/-/portaria-mcid-n-450-de-7-de-maio-de-2024-558553649
S-1511,Cidades Sustentáveis e Resilientes,Periferia Viva,Regularização Fundiária,OGU,OGU,2024,PA,MARITUBA,Norte,"56000007033/2023",Seleção Normal,999999.5,0,999999.5,selecionada,,Novo PAC - Seleção,"450, de 2024",https://www.in.gov.br/web/dou/-/portaria-mcid-n-450-de-7-de-maio-de-2024-558553649
S-1512,Cidades Sustentáveis e Resilientes,Prevenção a Desastres,Contenção de Encostas,OGU,OGU,2024,ES,CARIACICA,Sudeste,"56000000865/2023",Seleção Normal,1957593.5,0,1957593.5,selecionada,,Novo PAC - Seleção,"451, de 2024",https://www.in.gov.br/web/dou/-/portaria-mcid-n-451-de-7-de-maio-de-2024-558538861
S-1513,Cidades Sustentáveis e Resilientes,Prevenção a Desastres,Contenção de Encostas,OGU,OGU,2024,PE,RECIFE,Nordeste,"56000001077/2023",Seleção Normal,50000000,0,50000000,selecionada,,Novo PAC - Seleção,"451, de 2024",https://www.in.gov.br/web/dou/-/portaria-mcid-n-451-de-7-de-maio-de-2024-558538861
S-1514,Cidades Sustentáveis e Resilientes,Prevenção a Desastres,Contenção de Encostas,OGU,OGU,2024,SP,MAUA,Sudeste,"56000001858/2023",Seleção Normal,16790943.02,0,16790943.02,selecionada,,Novo PAC - Seleção,"451, de 2024",https://www.in.gov.br/web/dou/-/portaria-mcid-n-451-de-7-de-maio-de-2024-558538861
S-1515,Cidades Sustentáveis e Resilientes,Prevenção a Desastres,Contenção de Encostas,OGU,OGU,2024,MG,TEOFILO OTONI,Sudeste,"56000001302/2023",Seleção Normal,5731512.66,0,5731512.66,selecionada,,Novo PAC - Seleção,"451, de 2024",https://www.in.gov.br/web/dou/-/portaria-mcid-n-451-de-7-de-maio-de-2024-558538861
S-1516,Cidades Sustentáveis e Resilientes,Periferia Viva,Urbanização de Favelas,FIN,FGTS,2025,SP,SANTOS,Sudeste,"56000000630/2025",Seleção Normal,0,243659495.25,243659495.25,enquadrada,Setor Privado,Novo PAC - Seleção,"825, de 2025",https://www.in.gov.br/web/dou/-/portaria-mcid-n-825-de-24-de-julho-de-2025-644423269
S-1517,Cidades Sustentáveis e Resilientes,Prevenção a Desastres,Contenção de Encostas,OGU,OGU,2024,MG,PONTE NOVA,Sudeste,"56000001609/2023",Seleção Normal,3725873.73,0,3725873.73,selecionada,,Novo PAC - Seleção,"451, de 2024",https://www.in.gov.br/web/dou/-/portaria-mcid-n-451-de-7-de-maio-de-2024-558538861
S-1518,Cidades Sustentáveis e Resilientes,Prevenção a Desastres,Drenagem Urbana,FIN,FGTS,2025,SP,PRAIA GRANDE,Sudeste,"56000001184/2025",Seleção Normal,0,28960000,28960000,enquadrada,Setor Privado,Novo PAC - Seleção,"1.087, de 2025",https://www.in.gov.br/en/web/dou/-/portaria-mcid-n-1.087-de-19-de-setembro-de-2025-657754682
S-1519,Cidades Sustentáveis e Resilientes,Prevenção a Desastres,Contenção de Encostas,OGU,OGU,2024,PE,CABO DE SANTO AGOSTINHO,Nordeste,"56000001972/2023",Seleção Normal,6061788.11,0,6061788.11,selecionada,,Novo PAC - Seleção,"451, de 2024",https://www.in.gov.br/web/dou/-/portaria-mcid-n-451-de-7-de-maio-de-2024-558538861
S-1520,Cidades Sustentáveis e Resilientes,Prevenção a Desastres,Contenção de Encostas,OGU,OGU,2024,ES,JOAO NEIVA,Sudeste,"56000002120/2023",Seleção Normal,3000000,0,3000000,selecionada,,Novo PAC - Seleção,"451, de 2024",https://www.in.gov.br/web/dou/-/portaria-mcid-n-451-de-7-de-maio-de-2024-558538861
S-1521,Cidades Sustentáveis e Resilientes,Mobilidade Urbana Sustentável,Médias e Grandes Cidades,FIN,FGTS,2025,BA,SALVADOR,Nordeste,"56000001976/2025",Seleção Normal,0,448902695.43,448902695.43,enquadrada,Setor Privado,Novo PAC - Seleção,"981, de 2025",https://www.in.gov.br/en/web/dou/-/portaria-mcid-n-981-de-29-de-agosto-de-2025-652031181
S-1522,Cidades Sustentáveis e Resilientes,Prevenção a Desastres,Drenagem Urbana,FIN,FGTS,2025,BA,CAMACARI,Nordeste,"56000001300/2025",Seleção Normal,0,114709232.76,114709232.76,enquadrada,Setor Privado,Novo PAC - Seleção,"1.088, de 2025",https://www.in.gov.br/web/dou/-/portaria-mcid-n-1.088-de-19-de-setembro-de-2025-657754761
S-1523,Cidades Sustentáveis e Resilientes,Periferia Viva,Urbanização de Favelas,FIN,FGTS,2025,MG,UBERLANDIA,Sudeste,"56000000786/2025",Seleção Normal,0,111861559.79,111861559.79,enquadrada,Setor Privado,Novo PAC - Seleção,"825, de 2025",https://www.in.gov.br/web/dou/-/portaria-mcid-n-825-de-24-de-julho-de-2025-644423269
S-1524,Cidades Sustentáveis e Resilientes,Periferia Viva,Urbanização de Favelas,FIN,FGTS,2025,MG,UBERLANDIA,Sudeste,"56000000391/2025",Seleção Normal,0,81639780.47,81639780.47,enquadrada,Setor Privado,Novo PAC - Seleção,"825, de 2025",https://www.in.gov.br/web/dou/-/portaria-mcid-n-825-de-24-de-julho-de-2025-644423269
S-1525,Cidades Sustentáveis e Resilientes,Periferia Viva,Urbanização de Favelas,FIN,FGTS,2025,MG,JUIZ DE FORA,Sudeste,"56000000705/2025",Seleção Normal,0,39661928.85,39661928.85,enquadrada,Setor Privado,Novo PAC - Seleção,"825, de 2025",https://www.in.gov.br/web/dou/-/portaria-mcid-n-825-de-24-de-julho-de-2025-644423269
S-1526,Cidades Sustentáveis e Resilientes,Periferia Viva,Urbanização de Favelas,FIN,FGTS,2025,SC,BIGUACU,Sul,"56000001315/2025",Seleção Normal,0,37748265.83,37748265.83,enquadrada,Setor Privado,Novo PAC - Seleção,"825, de 2025",https://www.in.gov.br/web/dou/-/portaria-mcid-n-825-de-24-de-julho-de-2025-644423269
S-1527,Cidades Sustentáveis e Resilientes,Periferia Viva,Urbanização de Favelas,FIN,FGTS,2025,MA,SAO LUIS,Nordeste,"56000001615/2025",Seleção Normal,0,140386845,140386845,enquadrada,Setor Privado,Novo PAC - Seleção,"825, de 2025",https://www.in.gov.br/web/dou/-/portaria-mcid-n-825-de-24-de-julho-de-2025-644423269
S-1528,Cidades Sustentáveis e Resilientes,Periferia Viva,Urbanização de Favelas,FIN,FGTS,2025,PR,RIO BRANCO DO SUL,Sul,"56000001756/2025",Seleção Normal,0,44376300,44376300,enquadrada,Setor Privado,Novo PAC - Seleção,"825, de 2025",https://www.in.gov.br/web/dou/-/portaria-mcid-n-825-de-24-de-julho-de-2025-644423269
S-1529,Cidades Sustentáveis e Resilientes,Periferia Viva,Urbanização de Favelas,FIN,FGTS,2025,RS,GRAVATAI,Sul,"56000001894/2025",Seleção Normal,0,39598110,39598110,enquadrada,Setor Privado,Novo PAC - Seleção,"825, de 2025",https://www.in.gov.br/web/dou/-/portaria-mcid-n-825-de-24-de-julho-de-2025-644423269
S-1530,Cidades Sustentáveis e Resilientes,Periferia Viva,Urbanização de Favelas,FIN,FGTS,2025,BA,DIAS DAVILA,Nordeste,"56000002140/2025",Seleção Normal,0,25510000,25510000,enquadrada,Setor Privado,Novo PAC - Seleção,"825, de 2025",https://www.in.gov.br/web/dou/-/portaria-mcid-n-825-de-24-de-julho-de-2025-644423269
S-1531,Cidades Sustentáveis e Resilientes,Periferia Viva,Urbanização de Favelas,FIN,FGTS,2025,SP,SAO PAULO,Sudeste,"56000002520/2025",Seleção Normal,0,289864840,289864840,enquadrada,Setor Privado,Novo PAC - Seleção,"825, de 2025",https://www.in.gov.br/web/dou/-/portaria-mcid-n-825-de-24-de-julho-de-2025-644423269
S-1532,Cidades Sustentáveis e Resilientes,Periferia Viva,Urbanização de Favelas,FIN,FGTS,2025,SP,SAO PAULO,Sudeste,"56000002572/2025",Seleção Normal,0,308122600,308122600,enquadrada,Setor Privado,Novo PAC - Seleção,"825, de 2025",https://www.in.gov.br/web/dou/-/portaria-mcid-n-825-de-24-de-julho-de-2025-644423269
S-1533,Cidades Sustentáveis e Resilientes,Prevenção a Desastres,Drenagem Urbana,FIN,FGTS,2025,MG,BELO HORIZONTE,Sudeste,"56000002514/2025",Seleção Normal,0,42901567.82,42901567.82,enquadrada,Setor Privado,Novo PAC - Seleção,"1.087, de 2025",https://www.in.gov.br/en/web/dou/-/portaria-mcid-n-1.087-de-19-de-setembro-de-2025-657754682
S-1534,Cidades Sustentáveis e Resilientes,Prevenção a Desastres,Drenagem Urbana,FIN,FGTS,2025,MG,UBERLANDIA,Sudeste,"56000007921/2025",Seleção Normal,0,32818739.33,32818739.33,enquadrada,Setor Privado,Novo PAC - Seleção,"1.087, de 2025",https://www.in.gov.br/en/web/dou/-/portaria-mcid-n-1.087-de-19-de-setembro-de-2025-657754682
S-1535,Cidades Sustentáveis e Resilientes,Prevenção a Desastres,Drenagem Urbana,FIN,FGTS,2025,MG,UBERLANDIA,Sudeste,"56000008156/2025",Seleção Normal,0,22438551.22,22438551.22,enquadrada,Setor Privado,Novo PAC - Seleção,"1.087, de 2025",https://www.in.gov.br/en/web/dou/-/portaria-mcid-n-1.087-de-19-de-setembro-de-2025-657754682
S-1536,Cidades Sustentáveis e Resilientes,Prevenção a Desastres,Contenção de Encostas,FIN,FGTS,2025,SP,SÃO BERNARDO DO CAMPO,Sudeste,"56000000356/2025",Seleção Normal,0,61237768.15,61237768.15,enquadrada,Setor Privado,Novo PAC - Seleção,"1.074, de 2025",https://www.in.gov.br/en/web/dou/-/portaria-mcid-n-1.074-de-17-de-setembro-de-2025-657752151
S-1537,Cidades Sustentáveis e Resilientes,Prevenção a Desastres,Contenção de Encostas,OGU,OGU,2024,SC,FLORIANOPOLIS,Sul,"56000002397/2023",Seleção Normal,20163908.48,0,20163908.48,selecionada,,Novo PAC - Seleção,"451, de 2024",https://www.in.gov.br/web/dou/-/portaria-mcid-n-451-de-7-de-maio-de-2024-558538861
S-1538,Cidades Sustentáveis e Resilientes,Prevenção a Desastres,Contenção de Encostas,OGU,OGU,2024,RJ,TERESOPOLIS,Sudeste,"56000002986/2023",Seleção Normal,35500000,0,35500000,selecionada,,Novo PAC - Seleção,"451, de 2024",https://www.in.gov.br/web/dou/-/portaria-mcid-n-451-de-7-de-maio-de-2024-558538861
S-1539,Cidades Sustentáveis e Resilientes,Prevenção a Desastres,Contenção de Encostas,OGU,OGU,2024,PE,IGARASSU,Nordeste,"56000003110/2023",Seleção Normal,1333161.44,0,1333161.44,selecionada,,Novo PAC - Seleção,"451, de 2024",https://www.in.gov.br/web/dou/-/portaria-mcid-n-451-de-7-de-maio-de-2024-558538861
S-1540,Cidades Sustentáveis e Resilientes,Prevenção a Desastres,Contenção de Encostas,OGU,OGU,2024,SP,OSASCO,Sudeste,"56000003281/2023",Seleção Normal,11030763.72,0,11030763.72,selecionada,,Novo PAC - Seleção,"451, de 2024",https://www.in.gov.br/web/dou/-/portaria-mcid-n-451-de-7-de-maio-de-2024-558538861
S-1541,Cidades Sustentáveis e Resilientes,Prevenção a Desastres,Contenção de Encostas,OGU,OGU,2024,RJ,NITEROI,Sudeste,"56000003673/2023",Seleção Normal,1428567.72,0,1428567.72,selecionada,,Novo PAC - Seleção,"451, de 2024",https://www.in.gov.br/web/dou/-/portaria-mcid-n-451-de-7-de-maio-de-2024-558538861
S-1542,Cidades Sustentáveis e Resilientes,Prevenção a Desastres,Contenção de Encostas,OGU,OGU,2024,AM,MANAUS,Norte,"56000003969/2023",Seleção Normal,5958400,0,5958400,selecionada,,Novo PAC - Seleção,"451, de 2024",https://www.in.gov.br/web/dou/-/portaria-mcid-n-451-de-7-de-maio-de-2024-558538861
S-1543,Cidades Sustentáveis e Resilientes,Prevenção a Desastres,Contenção de Encostas,OGU,OGU,2024,ES,JOAO NEIVA,Sudeste,"56000004551/2023",Seleção Normal,4000000,0,4000000,selecionada,,Novo PAC - Seleção,"451, de 2024",https://www.in.gov.br/web/dou/-/portaria-mcid-n-451-de-7-de-maio-de-2024-558538861
S-1544,Cidades Sustentáveis e Resilientes,Prevenção a Desastres,Contenção de Encostas,OGU,OGU,2024,BA,SIMOES FILHO,Nordeste,"56000005019/2023",Seleção Normal,13024212.19,0,13024212.19,selecionada,,Novo PAC - Seleção,"451, de 2024",https://www.in.gov.br/web/dou/-/portaria-mcid-n-451-de-7-de-maio-de-2024-558538861
S-1545,Cidades Sustentáveis e Resilientes,Prevenção a Desastres,Contenção de Encostas,OGU,OGU,2024,ES,VITORIA,Sudeste,"56000005272/2023",Seleção Normal,18032400,0,18032400,selecionada,,Novo PAC - Seleção,"451, de 2024",https://www.in.gov.br/web/dou/-/portaria-mcid-n-451-de-7-de-maio-de-2024-558538861
S-1546,Cidades Sustentáveis e Resilientes,Prevenção a Desastres,Contenção de Encostas,OGU,OGU,2024,RJ,PETROPOLIS,Sudeste,"56000005403/2023",Seleção Normal,60896145.71,0,60896145.71,selecionada,,Novo PAC - Seleção,"451, de 2024",https://www.in.gov.br/web/dou/-/portaria-mcid-n-451-de-7-de-maio-de-2024-558538861
S-1547,Cidades Sustentáveis e Resilientes,Prevenção a Desastres,Contenção de Encostas,OGU,OGU,2024,SP,FRANCO DA ROCHA,Sudeste,"56000005626/2023",Seleção Normal,1291957.22,0,1291957.22,selecionada,,Novo PAC - Seleção,"451, de 2024",https://www.in.gov.br/web/dou/-/portaria-mcid-n-451-de-7-de-maio-de-2024-558538861
S-1548,Cidades Sustentáveis e Resilientes,Prevenção a Desastres,Contenção de Encostas,OGU,OGU,2024,RS,PORTO ALEGRE,Sul,"56000005850/2023",Seleção Normal,32730884.98,0,32730884.98,selecionada,,Novo PAC - Seleção,"451, de 2024",https://www.in.gov.br/web/dou/-/portaria-mcid-n-451-de-7-de-maio-de-2024-558538861
S-1549,Cidades Sustentáveis e Resilientes,Prevenção a Desastres,Contenção de Encostas,OGU,OGU,2024,ES,SERRA,Sudeste,"56000006342/2023",Seleção Normal,8681213.9,0,8681213.9,selecionada,,Novo PAC - Seleção,"451, de 2024",https://www.in.gov.br/web/dou/-/portaria-mcid-n-451-de-7-de-maio-de-2024-558538861
S-1550,Cidades Sustentáveis e Resilientes,Prevenção a Desastres,Contenção de Encostas,OGU,OGU,2024,PE,OLINDA,Nordeste,"56000006679/2023",Seleção Normal,24039058.73,0,24039058.73,selecionada,,Novo PAC - Seleção,"451, de 2024",https://www.in.gov.br/web/dou/-/portaria-mcid-n-451-de-7-de-maio-de-2024-558538861
S-1551,Cidades Sustentáveis e Resilientes,Prevenção a Desastres,Contenção de Encostas,OGU,OGU,2024,PE,JABOATAO DOS GUARARAPES,Nordeste,"56000006746/2023",Seleção Normal,14748288.56,0,14748288.56,selecionada,,Novo PAC - Seleção,"451, de 2024",https://www.in.gov.br/web/dou/-/portaria-mcid-n-451-de-7-de-maio-de-2024-558538861
S-1552,Cidades Sustentáveis e Resilientes,Prevenção a Desastres,Drenagem Urbana,FIN,FGTS,2025,MA,IMPERATRIZ,Nordeste,"56000000823/2025",Seleção Normal,0,128000000,128000000,enquadrada,Setor Privado,Novo PAC - Seleção,"1.088, de 2025",https://www.in.gov.br/web/dou/-/portaria-mcid-n-1.088-de-19-de-setembro-de-2025-657754761
S-1553,Cidades Sustentáveis e Resilientes,Prevenção a Desastres,Drenagem Urbana,FIN,FGTS,2025,MG,CONCEICAO DOS OUROS,Sudeste,"56000000978/2025",Seleção Normal,0,13036146.82,13036146.82,enquadrada,Setor Privado,Novo PAC - Seleção,"1.088, de 2025",https://www.in.gov.br/web/dou/-/portaria-mcid-n-1.088-de-19-de-setembro-de-2025-657754761
S-1554,Cidades Sustentáveis e Resilientes,Prevenção a Desastres,Drenagem Urbana,FIN,FGTS,2025,MG,POUSO ALEGRE,Sudeste,"56000000658/2025",Seleção Normal,0,15000000,15000000,enquadrada,Setor Privado,Novo PAC - Seleção,"1.088, de 2025",https://www.in.gov.br/web/dou/-/portaria-mcid-n-1.088-de-19-de-setembro-de-2025-657754761
S-1555,Cidades Sustentáveis e Resilientes,Prevenção a Desastres,Drenagem Urbana,FIN,FGTS,2025,PA,ESTADO DO PARA,Norte,"56000000902/2025",Seleção Normal,0,142768786.5,142768786.5,enquadrada,Setor Privado,Novo PAC - Seleção,"1.088, de 2025",https://www.in.gov.br/web/dou/-/portaria-mcid-n-1.088-de-19-de-setembro-de-2025-657754761
S-1556,Cidades Sustentáveis e Resilientes,Prevenção a Desastres,Drenagem Urbana,FIN,FGTS,2025,PA,ORIXIMINA,Norte,"56000000444/2025",Seleção Normal,0,15000000,15000000,enquadrada,Setor Privado,Novo PAC - Seleção,"1.088, de 2025",https://www.in.gov.br/web/dou/-/portaria-mcid-n-1.088-de-19-de-setembro-de-2025-657754761
S-1557,Cidades Sustentáveis e Resilientes,Prevenção a Desastres,Drenagem Urbana,FIN,FGTS,2025,PR,CURITIBA,Sul,"56000000678/2025",Seleção Normal,0,90723258.09,90723258.09,enquadrada,Setor Privado,Novo PAC - Seleção,"1.088, de 2025",https://www.in.gov.br/web/dou/-/portaria-mcid-n-1.088-de-19-de-setembro-de-2025-657754761
S-1558,Cidades Sustentáveis e Resilientes,Prevenção a Desastres,Drenagem Urbana,FIN,FGTS,2025,RJ,PETROPOLIS,Sudeste,"56000001571/2025",Seleção Normal,0,50000000,50000000,enquadrada,Setor Privado,Novo PAC - Seleção,"1.088, de 2025",https://www.in.gov.br/web/dou/-/portaria-mcid-n-1.088-de-19-de-setembro-de-2025-657754761
S-1559,Cidades Sustentáveis e Resilientes,Prevenção a Desastres,Drenagem Urbana,FIN,FGTS,2025,RJ,TERESOPOLIS,Sudeste,"56000002072/2025",Seleção Normal,0,15000000,15000000,enquadrada,Setor Privado,Novo PAC - Seleção,"1.088, de 2025",https://www.in.gov.br/web/dou/-/portaria-mcid-n-1.088-de-19-de-setembro-de-2025-657754761
S-1560,Cidades Sustentáveis e Resilientes,Prevenção a Desastres,Drenagem Urbana,FIN,FGTS,2025,RS,RIO GRANDE,Sul,"56000002363/2025",Seleção Normal,0,65535160.64,65535160.64,enquadrada,Setor Privado,Novo PAC - Seleção,"1.088, de 2025",https://www.in.gov.br/web/dou/-/portaria-mcid-n-1.088-de-19-de-setembro-de-2025-657754761
S-1561,Cidades Sustentáveis e Resilientes,Prevenção a Desastres,Drenagem Urbana,FIN,FGTS,2025,SC,CAMBORIU,Sul,"56000000219/2025",Seleção Normal,0,58184396.69,58184396.69,enquadrada,Setor Privado,Novo PAC - Seleção,"1.088, de 2025",https://www.in.gov.br/web/dou/-/portaria-mcid-n-1.088-de-19-de-setembro-de-2025-657754761
S-1562,Cidades Sustentáveis e Resilientes,Prevenção a Desastres,Drenagem Urbana,FIN,FGTS,2025,SC,TRES BARRAS,Sul,"56000000648/2025",Seleção Normal,0,19235955.61,19235955.61,enquadrada,Setor Privado,Novo PAC - Seleção,"1.088, de 2025",https://www.in.gov.br/web/dou/-/portaria-mcid-n-1.088-de-19-de-setembro-de-2025-657754761
S-1563,Cidades Sustentáveis e Resilientes,Prevenção a Desastres,Drenagem Urbana,FIN,FGTS,2025,SP,HORTOLANDIA,Sudeste,"56000007068/2025",Seleção Normal,0,122406434.05,122406434.05,enquadrada,Setor Privado,Novo PAC - Seleção,"1.088, de 2025",https://www.in.gov.br/web/dou/-/portaria-mcid-n-1.088-de-19-de-setembro-de-2025-657754761
S-1564,Cidades Sustentáveis e Resilientes,Prevenção a Desastres,Drenagem Urbana,FIN,FGTS,2025,SP,RIBEIRAO PRETO,Sudeste,"56000002086/2025",Seleção Normal,0,100000000,100000000,enquadrada,Setor Privado,Novo PAC - Seleção,"1.088, de 2025",https://www.in.gov.br/web/dou/-/portaria-mcid-n-1.088-de-19-de-setembro-de-2025-657754761
S-1565,Água Para Todos,Água para quem mais precisa,Abastecimento de Água - Rural,OGU,OGU,2024,MG,ESPINOSA,Sudeste,"56000000555/2023",Seleção Normal,750000,0,750000,selecionada,,Novo PAC - Seleção,"452, de 2024",https://www.in.gov.br/web/dou/-/portaria-mcid-n-452-de-7-de-maio-de-2024-558553728
S-1566,Água Para Todos,Água para quem mais precisa,Abastecimento de Água - Rural,OGU,OGU,2024,MG,PORTEIRINHA,Sudeste,"56000000578/2023",Seleção Normal,1650000,0,1650000,selecionada,,Novo PAC - Seleção,"452, de 2024",https://www.in.gov.br/web/dou/-/portaria-mcid-n-452-de-7-de-maio-de-2024-558553728
S-1567,Água Para Todos,Água para quem mais precisa,Abastecimento de Água - Rural,OGU,OGU,2024,BA,ENTRE RIOS,Nordeste,"56000000590/2023",Seleção Normal,5262271.63,0,5262271.63,selecionada,,Novo PAC - Seleção,"452, de 2024",https://www.in.gov.br/web/dou/-/portaria-mcid-n-452-de-7-de-maio-de-2024-558553728
S-1568,Água Para Todos,Água para quem mais precisa,Abastecimento de Água - Rural,OGU,OGU,2024,MG,PEDRAS DE MARIA DA CRUZ,Sudeste,"56000000683/2023",Seleção Normal,750000,0,750000,selecionada,,Novo PAC - Seleção,"452, de 2024",https://www.in.gov.br/web/dou/-/portaria-mcid-n-452-de-7-de-maio-de-2024-558553728
S-1569,Água Para Todos,Água para quem mais precisa,Abastecimento de Água - Rural,OGU,OGU,2024,SE,FREI PAULO,Nordeste,"56000000825/2023",Seleção Normal,152261.59,0,152261.59,selecionada,,Novo PAC - Seleção,"452, de 2024",https://www.in.gov.br/web/dou/-/portaria-mcid-n-452-de-7-de-maio-de-2024-558553728
S-1570,Água Para Todos,Água para quem mais precisa,Abastecimento de Água - Rural,OGU,OGU,2024,BA,LIVRAMENTO DE NOSSA SENHORA,Nordeste,"56000000833/2023",Seleção Normal,5162942.84,0,5162942.84,selecionada,,Novo PAC - Seleção,"452, de 2024",https://www.in.gov.br/web/dou/-/portaria-mcid-n-452-de-7-de-maio-de-2024-558553728
S-1571,Água Para Todos,Água para quem mais precisa,Abastecimento de Água - Rural,OGU,OGU,2024,BA,DOM BASILIO,Nordeste,"56000001189/2023",Seleção Normal,9556927.93,0,9556927.93,selecionada,,Novo PAC - Seleção,"452, de 2024",https://www.in.gov.br/web/dou/-/portaria-mcid-n-452-de-7-de-maio-de-2024-558553728
S-1572,Água Para Todos,Água para quem mais precisa,Abastecimento de Água - Rural,OGU,OGU,2024,MG,RUBIM,Sudeste,"56000001245/2023",Seleção Normal,750000,0,750000,selecionada,,Novo PAC - Seleção,"452, de 2024",https://www.in.gov.br/web/dou/-/portaria-mcid-n-452-de-7-de-maio-de-2024-558553728
S-1573,Água Para Todos,Água para quem mais precisa,Abastecimento de Água - Rural,OGU,OGU,2024,MG,SAO JOAO DAS MISSOES,Sudeste,"56000001270/2023",Seleção Normal,600000,0,600000,selecionada,,Novo PAC - Seleção,"452, de 2024",https://www.in.gov.br/web/dou/-/portaria-mcid-n-452-de-7-de-maio-de-2024-558553728
S-1574,Água Para Todos,Água para quem mais precisa,Abastecimento de Água - Rural,OGU,OGU,2024,GO,MONTE ALEGRE DE GOIAS,Centro-Oeste,"56000002696/2023",Seleção Normal,527322.8,0,527322.8,selecionada,,Novo PAC - Seleção,"452, de 2024",https://www.in.gov.br/web/dou/-/portaria-mcid-n-452-de-7-de-maio-de-2024-558553728
S-1575,Água Para Todos,Água para quem mais precisa,Abastecimento de Água - Rural,OGU,OGU,2024,PE,VITORIA DE SANTO ANTAO,Nordeste,"56000001591/2023",Seleção Normal,5177200.36,0,5177200.36,selecionada,,Novo PAC - Seleção,"452, de 2024",https://www.in.gov.br/web/dou/-/portaria-mcid-n-452-de-7-de-maio-de-2024-558553728
S-1576,Água Para Todos,Água para quem mais precisa,Abastecimento de Água - Rural,OGU,OGU,2024,RS,AMARAL FERRADOR,Sul,"56000001329/2023",Seleção Normal,299990.9,0,299990.9,selecionada,,Novo PAC - Seleção,"452, de 2024",https://www.in.gov.br/web/dou/-/portaria-mcid-n-452-de-7-de-maio-de-2024-558553728
S-1577,Cidades Sustentáveis e Resilientes,Mobilidade Urbana Sustentável,Médias e Grandes Cidades,FIN,FGTS,2025,PI,TERESINA,Nordeste,"56000002546/2025",Seleção Normal,0,103503171,103503171,enquadrada,Setor Privado,Novo PAC - Seleção,"981, de 2025",https://www.in.gov.br/en/web/dou/-/portaria-mcid-n-981-de-29-de-agosto-de-2025-652031181
S-1578,Cidades Sustentáveis e Resilientes,Mobilidade Urbana Sustentável,Médias e Grandes Cidades,FIN,FGTS,2025,SP,SAO JOSE DOS CAMPOS,Sudeste,"56000001056/2025",Seleção Normal,0,48264165.21,48264165.21,enquadrada,Setor Privado,Novo PAC - Seleção,"981, de 2025",https://www.in.gov.br/en/web/dou/-/portaria-mcid-n-981-de-29-de-agosto-de-2025-652031181
S-1579,Cidades Sustentáveis e Resilientes,Mobilidade Urbana Sustentável,Médias e Grandes Cidades,FIN,FGTS,2025,RN,NATAL,Nordeste,"56000008212/2025",Seleção Normal,0,30587544.36,30587544.36,enquadrada,Setor Privado,Novo PAC - Seleção,"981, de 2025",https://www.in.gov.br/en/web/dou/-/portaria-mcid-n-981-de-29-de-agosto-de-2025-652031181
S-1580,Água Para Todos,Água para quem mais precisa,Abastecimento de Água - Rural,OGU,OGU,2024,MG,PONTO DOS VOLANTES,Sudeste,"56000001339/2023",Seleção Normal,150000,0,150000,selecionada,,Novo PAC - Seleção,"452, de 2024",https://www.in.gov.br/web/dou/-/portaria-mcid-n-452-de-7-de-maio-de-2024-558553728
S-1581,Água Para Todos,Água para quem mais precisa,Abastecimento de Água - Rural,OGU,OGU,2024,MG,SALINAS,Sudeste,"56000001358/2023",Seleção Normal,300000,0,300000,selecionada,,Novo PAC - Seleção,"452, de 2024",https://www.in.gov.br/web/dou/-/portaria-mcid-n-452-de-7-de-maio-de-2024-558553728
S-1582,Água Para Todos,Água para quem mais precisa,Abastecimento de Água - Rural,OGU,OGU,2024,MG,FELISBURGO,Sudeste,"56000001376/2023",Seleção Normal,300000,0,300000,selecionada,,Novo PAC - Seleção,"452, de 2024",https://www.in.gov.br/web/dou/-/portaria-mcid-n-452-de-7-de-maio-de-2024-558553728
S-1583,Água Para Todos,Água para quem mais precisa,Abastecimento de Água - Rural,OGU,OGU,2024,MG,MONTALVANIA,Sudeste,"56000001396/2023",Seleção Normal,300000,0,300000,selecionada,,Novo PAC - Seleção,"452, de 2024",https://www.in.gov.br/web/dou/-/portaria-mcid-n-452-de-7-de-maio-de-2024-558553728
S-1584,Água Para Todos,Água para quem mais precisa,Abastecimento de Água - Rural,OGU,OGU,2024,MG,CATUTI,Sudeste,"56000001412/2023",Seleção Normal,750000,0,750000,selecionada,,Novo PAC - Seleção,"452, de 2024",https://www.in.gov.br/web/dou/-/portaria-mcid-n-452-de-7-de-maio-de-2024-558553728
S-1585,Água Para Todos,Água para quem mais precisa,Abastecimento de Água - Rural,OGU,OGU,2024,MG,VERDELANDIA,Sudeste,"56000001519/2023",Seleção Normal,150000,0,150000,selecionada,,Novo PAC - Seleção,"452, de 2024",https://www.in.gov.br/web/dou/-/portaria-mcid-n-452-de-7-de-maio-de-2024-558553728
S-1586,Água Para Todos,Água para quem mais precisa,Abastecimento de Água - Rural,OGU,OGU,2024,PE,BEZERROS,Nordeste,"56000001554/2023",Seleção Normal,6200000,0,6200000,selecionada,,Novo PAC - Seleção,"452, de 2024",https://www.in.gov.br/web/dou/-/portaria-mcid-n-452-de-7-de-maio-de-2024-558553728
S-1587,Água Para Todos,Água para quem mais precisa,Abastecimento de Água - Rural,OGU,OGU,2024,PE,TUPANATINGA,Nordeste,"56000001586/2023",Seleção Normal,4800000,0,4800000,selecionada,,Novo PAC - Seleção,"452, de 2024",https://www.in.gov.br/web/dou/-/portaria-mcid-n-452-de-7-de-maio-de-2024-558553728
S-1588,Água Para Todos,Água para quem mais precisa,Abastecimento de Água - Rural,OGU,OGU,2024,PE,CABROBO,Nordeste,"56000001650/2023",Seleção Normal,6000000,0,6000000,selecionada,,Novo PAC - Seleção,"452, de 2024",https://www.in.gov.br/web/dou/-/portaria-mcid-n-452-de-7-de-maio-de-2024-558553728
S-1589,Água Para Todos,Água para quem mais precisa,Abastecimento de Água - Rural,OGU,OGU,2024,RS,IBIRAPUITA,Sul,"56000001716/2023",Seleção Normal,299990.9,0,299990.9,selecionada,,Novo PAC - Seleção,"452, de 2024",https://www.in.gov.br/web/dou/-/portaria-mcid-n-452-de-7-de-maio-de-2024-558553728
S-1590,Água Para Todos,Água para quem mais precisa,Abastecimento de Água - Rural,OGU,OGU,2024,PA,OBIDOS,Norte,"56000004101/2023",Seleção Normal,1102181.41,0,1102181.41,selecionada,,Novo PAC - Seleção,"452, de 2024",https://www.in.gov.br/web/dou/-/portaria-mcid-n-452-de-7-de-maio-de-2024-558553728
S-1591,Água Para Todos,Água para quem mais precisa,Abastecimento de Água - Rural,OGU,OGU,2024,GO,CAVALCANTE,Centro-Oeste,"56000002531/2023",Seleção Normal,4151467.32,0,4151467.32,selecionada,,Novo PAC - Seleção,"452, de 2024",https://www.in.gov.br/web/dou/-/portaria-mcid-n-452-de-7-de-maio-de-2024-558553728
S-1592,Água Para Todos,Água para quem mais precisa,Abastecimento de Água - Rural,OGU,OGU,2024,MA,MARAJA DO SENA,Nordeste,"56000002642/2023",Seleção Normal,535767.12,0,535767.12,selecionada,,Novo PAC - Seleção,"452, de 2024",https://www.in.gov.br/web/dou/-/portaria-mcid-n-452-de-7-de-maio-de-2024-558553728
S-1593,Água Para Todos,Água para quem mais precisa,Abastecimento de Água - Rural,OGU,OGU,2024,MA,SATUBINHA,Nordeste,"56000002693/2023",Seleção Normal,2611570.55,0,2611570.55,selecionada,,Novo PAC - Seleção,"452, de 2024",https://www.in.gov.br/web/dou/-/portaria-mcid-n-452-de-7-de-maio-de-2024-558553728
S-1594,Água Para Todos,Água para quem mais precisa,Abastecimento de Água - Rural,OGU,OGU,2024,MA,LAGOA GRANDE DO MARANHAO,Nordeste,"56000002715/2023",Seleção Normal,2110039.35,0,2110039.35,selecionada,,Novo PAC - Seleção,"452, de 2024",https://www.in.gov.br/web/dou/-/portaria-mcid-n-452-de-7-de-maio-de-2024-558553728
S-1595,Água Para Todos,Água para quem mais precisa,Abastecimento de Água - Rural,OGU,OGU,2024,MA,SAO JOAO DO CARU,Nordeste,"56000002728/2023",Seleção Normal,2611570.55,0,2611570.55,selecionada,,Novo PAC - Seleção,"452, de 2024",https://www.in.gov.br/web/dou/-/portaria-mcid-n-452-de-7-de-maio-de-2024-558553728
S-1596,Água Para Todos,Água para quem mais precisa,Abastecimento de Água - Rural,OGU,OGU,2024,MA,ARAME,Nordeste,"56000002757/2023",Seleção Normal,2042404.01,0,2042404.01,selecionada,,Novo PAC - Seleção,"452, de 2024",https://www.in.gov.br/web/dou/-/portaria-mcid-n-452-de-7-de-maio-de-2024-558553728
S-1597,Água Para Todos,Água para quem mais precisa,Abastecimento de Água - Rural,OGU,OGU,2024,MA,ALDEIAS ALTAS,Nordeste,"56000002829/2023",Seleção Normal,1793944.45,0,1793944.45,selecionada,,Novo PAC - Seleção,"452, de 2024",https://www.in.gov.br/web/dou/-/portaria-mcid-n-452-de-7-de-maio-de-2024-558553728
S-1598,Água Para Todos,Água para quem mais precisa,Abastecimento de Água - Rural,OGU,OGU,2024,MA,SAO ROBERTO,Nordeste,"56000002848/2023",Seleção Normal,1746196.49,0,1746196.49,selecionada,,Novo PAC - Seleção,"452, de 2024",https://www.in.gov.br/web/dou/-/portaria-mcid-n-452-de-7-de-maio-de-2024-558553728
S-1599,Água Para Todos,Água para quem mais precisa,Abastecimento de Água - Rural,OGU,OGU,2024,MA,ITAIPAVA DO GRAJAU,Nordeste,"56000002867/2023",Seleção Normal,2550263.41,0,2550263.41,selecionada,,Novo PAC - Seleção,"452, de 2024",https://www.in.gov.br/web/dou/-/portaria-mcid-n-452-de-7-de-maio-de-2024-558553728
S-1600,Água Para Todos,Água para quem mais precisa,Abastecimento de Água - Rural,OGU,OGU,2024,PR,ALTAMIRA DO PARANA,Sul,"56000003067/2023",Seleção Normal,745402.08,0,745402.08,selecionada,,Novo PAC - Seleção,"452, de 2024",https://www.in.gov.br/web/dou/-/portaria-mcid-n-452-de-7-de-maio-de-2024-558553728
S-1601,Água Para Todos,Água para quem mais precisa,Abastecimento de Água - Rural,OGU,OGU,2024,PA,SALVATERRA,Norte,"56000003265/2023",Seleção Normal,3168045.75,0,3168045.75,selecionada,,Novo PAC - Seleção,"452, de 2024",https://www.in.gov.br/web/dou/-/portaria-mcid-n-452-de-7-de-maio-de-2024-558553728
S-1602,Água Para Todos,Água para quem mais precisa,Abastecimento de Água - Rural,OGU,OGU,2024,TO,CENTENARIO,Norte,"56000003387/2023",Seleção Normal,742849.69,0,742849.69,selecionada,,Novo PAC - Seleção,"452, de 2024",https://www.in.gov.br/web/dou/-/portaria-mcid-n-452-de-7-de-maio-de-2024-558553728
S-1603,Água Para Todos,Água para quem mais precisa,Abastecimento de Água - Rural,OGU,OGU,2024,CE,BANABUIU,Nordeste,"56000003549/2023",Seleção Normal,336804.61,0,336804.61,selecionada,,Novo PAC - Seleção,"452, de 2024",https://www.in.gov.br/web/dou/-/portaria-mcid-n-452-de-7-de-maio-de-2024-558553728
S-1604,Água Para Todos,Água para quem mais precisa,Abastecimento de Água - Rural,OGU,OGU,2024,TO,LAGOA DO TOCANTINS,Norte,"56000003605/2023",Seleção Normal,471503.1,0,471503.1,selecionada,,Novo PAC - Seleção,"452, de 2024",https://www.in.gov.br/web/dou/-/portaria-mcid-n-452-de-7-de-maio-de-2024-558553728
S-1605,Água Para Todos,Água para quem mais precisa,Abastecimento de Água - Rural,OGU,OGU,2024,TO,MIRANORTE,Norte,"56000003791/2023",Seleção Normal,742849.69,0,742849.69,selecionada,,Novo PAC - Seleção,"452, de 2024",https://www.in.gov.br/web/dou/-/portaria-mcid-n-452-de-7-de-maio-de-2024-558553728
S-1606,Água Para Todos,Água para quem mais precisa,Abastecimento de Água - Rural,OGU,OGU,2024,PA,MOJUI DOS CAMPOS,Norte,"56000004157/2023",Seleção Normal,3880547.54,0,3880547.54,selecionada,,Novo PAC - Seleção,"452, de 2024",https://www.in.gov.br/web/dou/-/portaria-mcid-n-452-de-7-de-maio-de-2024-558553728
S-1607,Cidades Sustentáveis e Resilientes,Mobilidade Urbana Sustentável,Renovação de Frota,FIN,FGTS,2025,MG,BELO HORIZONTE,Sudeste,"56000002066/2025",Seleção Normal,0,425080000,425080000,enquadrada,Setor Público,Novo PAC - Seleção,"980, de 2025",https://www.in.gov.br/web/dou/-/portaria-mcid-n-980-de-29-de-agosto-de-2025-652031101
S-1608,Cidades Sustentáveis e Resilientes,Mobilidade Urbana Sustentável,Renovação de Frota,FIN,FGTS,2025,SP,SAO JOSE DOS CAMPOS,Sudeste,"56000002559/2025",Seleção Normal,0,63440000,63440000,enquadrada,Setor Público,Novo PAC - Seleção,"980, de 2025",https://www.in.gov.br/web/dou/-/portaria-mcid-n-980-de-29-de-agosto-de-2025-652031101
S-1609,Cidades Sustentáveis e Resilientes,Mobilidade Urbana Sustentável,Renovação de Frota,FIN,FGTS,2025,AL,MACEIO,Nordeste,carta consulta 126/2025,Seleção Normal,0,25650000,25650000,selecionada,Setor Privado,Novo PAC - Seleção,"1.013, de 2025",https://www.in.gov.br/web/dou/-/portaria-mcid-n-1.013-de-4-de-setembro-de-2025-653257398
S-1610,Cidades Sustentáveis e Resilientes,Mobilidade Urbana Sustentável,Renovação de Frota,FIN,FGTS,2025,RJ,NOVA IGUACU,Sudeste,carta consulta 130/2025,Seleção Normal,0,16910000,16910000,selecionada,Setor Privado,Novo PAC - Seleção,"1.052, de 2025",https://www.in.gov.br/web/dou/-/portaria-mcid-n-1.052-de-12-de-setembro-de-2025-656487019
S-1611,Cidades Sustentáveis e Resilientes,Mobilidade Urbana Sustentável,Renovação de Frota,FIN,FGTS,2025,RJ,"MAGE, NITEROI, NOVA IGUACU, DUQUE DE CAXIAS, SAO GONCALO E SAO JOAO DE MERITI",Sudeste,carta consulta 134/2025,Seleção Normal,0,43700000,43700000,selecionada,Setor Privado,Novo PAC - Seleção,"1.060, de 2025",https://www.in.gov.br/web/dou/-/portaria-mcid-n-1.060-de-12-de-setembro-de-2025-656571346
S-1612,Cidades Sustentáveis e Resilientes,Mobilidade Urbana Sustentável,Renovação de Frota,FIN,FGTS,2025,MT,CUIABA,Centro-Oeste,carta consulta 138/2025,Seleção Normal,0,18240000,18240000,selecionada,Setor Privado,Novo PAC - Seleção,"1.049, de 2025",https://www.in.gov.br/web/dou/-/portaria-mcid-n-1.049-de-12-de-setembro-de-2025-656561949
S-1613,Cidades Sustentáveis e Resilientes,Mobilidade Urbana Sustentável,Renovação de Frota,FIN,FGTS,2025,SP,ARARAQUARA,Sudeste,carta consulta 142/2025,Seleção Normal,0,9001250,9001250,selecionada,Setor Privado,Novo PAC - Seleção,"1.115, de 2025",https://www.in.gov.br/web/dou/-/portaria-mcid-n-1.115-de-26-de-setembro-de-2025-659326337
S-1614,Cidades Sustentáveis e Resilientes,Mobilidade Urbana Sustentável,Renovação de Frota,FIN,FGTS,2025,MG,"JUATUBA, MATEUS LEME, FLORESTAL, CONTAGEM, BELO HORIZONTE E PARA DE MINAS",Sudeste,carta consulta 146/2025,Seleção Normal,0,15029000,15029000,selecionada,Setor Privado,Novo PAC - Seleção,"1.112, de 2025",https://www.in.gov.br/web/dou/-/portaria-mcid-n-1.112-de-26-de-setembro-de-2025-659304814
S-1615,Água Para Todos,Água para quem mais precisa,Abastecimento de Água - Rural,OGU,OGU,2024,PA,TERRA SANTA,Norte,"56000004427/2023",Seleção Normal,891907.19,0,891907.19,selecionada,,Novo PAC - Seleção,"452, de 2024",https://www.in.gov.br/web/dou/-/portaria-mcid-n-452-de-7-de-maio-de-2024-558553728
S-1616,Água Para Todos,Água para quem mais precisa,Abastecimento de Água - Rural,OGU,OGU,2024,PR,NOVA TEBAS,Sul,"56000004582/2023",Seleção Normal,734162.99,0,734162.99,selecionada,,Novo PAC - Seleção,"452, de 2024",https://www.in.gov.br/web/dou/-/portaria-mcid-n-452-de-7-de-maio-de-2024-558553728
S-1617,Água Para Todos,Água para quem mais precisa,Abastecimento de Água - Rural,OGU,OGU,2024,PI,PEDRO LAURENTINO,Nordeste,"56000005165/2023",Seleção Normal,679147.25,0,679147.25,selecionada,,Novo PAC - Seleção,"452, de 2024",https://www.in.gov.br/web/dou/-/portaria-mcid-n-452-de-7-de-maio-de-2024-558553728
S-1618,Água Para Todos,Água para quem mais precisa,Abastecimento de Água - Rural,OGU,OGU,2024,PI,ESPERANTINA,Nordeste,"56000005474/2023",Seleção Normal,3237371,0,3237371,selecionada,,Novo PAC - Seleção,"452, de 2024",https://www.in.gov.br/web/dou/-/portaria-mcid-n-452-de-7-de-maio-de-2024-558553728
S-1619,Água Para Todos,Água para quem mais precisa,Abastecimento de Água - Rural,OGU,OGU,2024,PI,RIBEIRO DO PIAUI,Nordeste,"56000006011/2023",Seleção Normal,204295.07,0,204295.07,selecionada,,Novo PAC - Seleção,"452, de 2024",https://www.in.gov.br/web/dou/-/portaria-mcid-n-452-de-7-de-maio-de-2024-558553728
S-1620,Água Para Todos,Água para quem mais precisa,Abastecimento de Água - Rural,OGU,OGU,2024,AM,CARAUARI,Norte,"56000006211/2023",Seleção Normal,198812.84,0,198812.84,selecionada,,Novo PAC - Seleção,"452, de 2024",https://www.in.gov.br/web/dou/-/portaria-mcid-n-452-de-7-de-maio-de-2024-558553728
S-1621,Água Para Todos,Água para quem mais precisa,Abastecimento de Água - Rural,OGU,OGU,2024,AM,SAO PAULO DE OLIVENCA,Norte,"56000006211/2023",Seleção Normal,198812.84,0,198812.84,selecionada,,Novo PAC - Seleção,"452, de 2024",https://www.in.gov.br/web/dou/-/portaria-mcid-n-452-de-7-de-maio-de-2024-558553728
S-1622,Água Para Todos,Água para quem mais precisa,Abastecimento de Água - Rural,OGU,OGU,2024,RJ,MACAE,Sudeste,"56000006482/2023",Seleção Normal,3700000,0,3700000,selecionada,,Novo PAC - Seleção,"452, de 2024",https://www.in.gov.br/web/dou/-/portaria-mcid-n-452-de-7-de-maio-de-2024-558553728
S-1623,Cidades Sustentáveis e Resilientes,Mobilidade Urbana Sustentável,Médias e Grandes Cidades,OGU,OGU,2024,RJ,RIO DE JANEIRO,Sudeste,"56000000459/2023",Seleção Normal,42116100,0,42116100,selecionada,,Novo PAC - Seleção,"767, de 2024",https://www.in.gov.br/en/web/dou/-/portaria-mcid-n-767-de-26-de-julho-de-2024-574546651
S-1624,Cidades Sustentáveis e Resilientes,Periferia Viva,Regularização Fundiária,OGU,OGU,2024,MG,CORONEL FABRICIANO,Sudeste,"56000001466/2023",Seleção Normal,981477,0,981477,selecionada,,Novo PAC - Seleção,"450, de 2024",https://www.in.gov.br/web/dou/-/portaria-mcid-n-450-de-7-de-maio-de-2024-558553649
S-1625,Cidades Sustentáveis e Resilientes,Periferia Viva,Regularização Fundiária,OGU,OGU,2024,MG,BELO HORIZONTE,Sudeste,"56000001639/2023",Seleção Normal,1005000,0,1005000,selecionada,,Novo PAC - Seleção,"450, de 2024",https://www.in.gov.br/web/dou/-/portaria-mcid-n-450-de-7-de-maio-de-2024-558553649
S-1626,Cidades Sustentáveis e Resilientes,Periferia Viva,Regularização Fundiária,OGU,OGU,2024,RN,NATAL,Nordeste,"56000001734/2023",Seleção Normal,1330000,0,1330000,selecionada,,Novo PAC - Seleção,"450, de 2024",https://www.in.gov.br/web/dou/-/portaria-mcid-n-450-de-7-de-maio-de-2024-558553649
S-1627,Cidades Sustentáveis e Resilientes,Periferia Viva,Regularização Fundiária,OGU,OGU,2024,BA,JEQUIE,Nordeste,"56000001832/2023",Seleção Normal,400000,0,400000,selecionada,,Novo PAC - Seleção,"450, de 2024",https://www.in.gov.br/web/dou/-/portaria-mcid-n-450-de-7-de-maio-de-2024-558553649
S-1628,Cidades Sustentáveis e Resilientes,Periferia Viva,Regularização Fundiária,OGU,OGU,2024,CE,LIMOEIRO DO NORTE,Nordeste,"56000001937/2023",Seleção Normal,1000000,0,1000000,selecionada,,Novo PAC - Seleção,"450, de 2024",https://www.in.gov.br/web/dou/-/portaria-mcid-n-450-de-7-de-maio-de-2024-558553649
S-1629,Cidades Sustentáveis e Resilientes,Periferia Viva,Regularização Fundiária,OGU,OGU,2024,PE,SALGUEIRO,Nordeste,"56000002052/2023",Seleção Normal,1000000,0,1000000,selecionada,,Novo PAC - Seleção,"450, de 2024",https://www.in.gov.br/web/dou/-/portaria-mcid-n-450-de-7-de-maio-de-2024-558553649
S-1630,Cidades Sustentáveis e Resilientes,Periferia Viva,Regularização Fundiária,OGU,OGU,2024,SE,ESTANCIA,Nordeste,"56000002098/2023",Seleção Normal,2082209.81,0,2082209.81,selecionada,,Novo PAC - Seleção,"450, de 2024",https://www.in.gov.br/web/dou/-/portaria-mcid-n-450-de-7-de-maio-de-2024-558553649
S-1631,Cidades Sustentáveis e Resilientes,Periferia Viva,Regularização Fundiária,OGU,OGU,2024,PE,SERRA TALHADA,Nordeste,"56000002264/2023",Seleção Normal,870000,0,870000,selecionada,,Novo PAC - Seleção,"450, de 2024",https://www.in.gov.br/web/dou/-/portaria-mcid-n-450-de-7-de-maio-de-2024-558553649
S-1632,Cidades Sustentáveis e Resilientes,Periferia Viva,Regularização Fundiária,OGU,OGU,2024,PE,CARUARU,Nordeste,"56000002779/2023",Seleção Normal,994752,0,994752,selecionada,,Novo PAC - Seleção,"450, de 2024",https://www.in.gov.br/web/dou/-/portaria-mcid-n-450-de-7-de-maio-de-2024-558553649
S-1633,Cidades Sustentáveis e Resilientes,Periferia Viva,Regularização Fundiária,OGU,OGU,2024,SP,RIBEIRAO PRETO,Sudeste,"56000002380/2023",Seleção Normal,665000,0,665000,selecionada,,Novo PAC - Seleção,"450, de 2024",https://www.in.gov.br/web/dou/-/portaria-mcid-n-450-de-7-de-maio-de-2024-558553649
S-1634,Cidades Sustentáveis e Resilientes,Periferia Viva,Regularização Fundiária,OGU,OGU,2024,ES,COLATINA,Sudeste,"56000002458/2023",Seleção Normal,999625.2,0,999625.2,selecionada,,Novo PAC - Seleção,"450, de 2024",https://www.in.gov.br/web/dou/-/portaria-mcid-n-450-de-7-de-maio-de-2024-558553649
S-1635,Cidades Sustentáveis e Resilientes,Periferia Viva,Regularização Fundiária,OGU,OGU,2024,SP,COTIA,Sudeste,"56000002488/2023",Seleção Normal,1000000,0,1000000,selecionada,,Novo PAC - Seleção,"450, de 2024",https://www.in.gov.br/web/dou/-/portaria-mcid-n-450-de-7-de-maio-de-2024-558553649
S-1636,Cidades Sustentáveis e Resilientes,Periferia Viva,Regularização Fundiária,OGU,OGU,2024,RS,ERECHIM,Sul,"56000002541/2023",Seleção Normal,650000,0,650000,selecionada,,Novo PAC - Seleção,"450, de 2024",https://www.in.gov.br/web/dou/-/portaria-mcid-n-450-de-7-de-maio-de-2024-558553649
S-1637,Cidades Sustentáveis e Resilientes,Periferia Viva,Regularização Fundiária,OGU,OGU,2024,SP,CAMPINAS,Sudeste,"56000002679/2023",Seleção Normal,793550,0,793550,selecionada,,Novo PAC - Seleção,"450, de 2024",https://www.in.gov.br/web/dou/-/portaria-mcid-n-450-de-7-de-maio-de-2024-558553649
S-1638,Cidades Sustentáveis e Resilientes,Mobilidade Urbana Sustentável,Renovação de Frota,FIN,FGTS,2025,PR,FOZ DO IGUACU,Sul,"56000001335/2025",Seleção Normal,0,21710000,21710000,enquadrada,Setor Público,Novo PAC - Seleção,"980, de 2025",https://www.in.gov.br/web/dou/-/portaria-mcid-n-980-de-29-de-agosto-de-2025-652031101
S-1639,Cidades Sustentáveis e Resilientes,Prevenção a Desastres,Drenagem Urbana,OGU,OGU,2024,RS,QUARAI,Sul,"56000003149/2023",Calamidade RS,100000,0,100000,selecionada,,Novo PAC - Seleção,"776, de 2024",https://www.in.gov.br/web/dou/-/portaria-mcid-n-776-de-30-de-julho-de-2024-575055636
S-1640,Cidades Sustentáveis e Resilientes,Periferia Viva,Regularização Fundiária,OGU,OGU,2024,PA,ANANINDEUA,Norte,"56000002763/2023",Seleção Normal,413368,0,413368,selecionada,,Novo PAC - Seleção,"450, de 2024",https://www.in.gov.br/web/dou/-/portaria-mcid-n-450-de-7-de-maio-de-2024-558553649
S-1641,Cidades Sustentáveis e Resilientes,Periferia Viva,Regularização Fundiária,OGU,OGU,2024,PE,ABREU E LIMA,Nordeste,"56000002870/2023",Seleção Normal,414009,0,414009,selecionada,,Novo PAC - Seleção,"450, de 2024",https://www.in.gov.br/web/dou/-/portaria-mcid-n-450-de-7-de-maio-de-2024-558553649
S-1642,Cidades Sustentáveis e Resilientes,Periferia Viva,Regularização Fundiária,OGU,OGU,2024,RS,SAO GABRIEL,Sul,"56000002972/2023",Seleção Normal,566000,0,566000,selecionada,,Novo PAC - Seleção,"450, de 2024",https://www.in.gov.br/web/dou/-/portaria-mcid-n-450-de-7-de-maio-de-2024-558553649
S-1643,Cidades Sustentáveis e Resilientes,Periferia Viva,Regularização Fundiária,OGU,OGU,2024,PA,ORIXIMINA,Norte,"56000003072/2023",Seleção Normal,927522.04,0,927522.04,selecionada,,Novo PAC - Seleção,"450, de 2024",https://www.in.gov.br/web/dou/-/portaria-mcid-n-450-de-7-de-maio-de-2024-558553649
S-1644,Cidades Sustentáveis e Resilientes,Periferia Viva,Regularização Fundiária,OGU,OGU,2024,SP,OSASCO,Sudeste,"56000003192/2023",Seleção Normal,450000,0,450000,selecionada,,Novo PAC - Seleção,"450, de 2024",https://www.in.gov.br/web/dou/-/portaria-mcid-n-450-de-7-de-maio-de-2024-558553649
S-1645,Cidades Sustentáveis e Resilientes,Periferia Viva,Regularização Fundiária,OGU,OGU,2024,PE,BEZERROS,Nordeste,"56000003307/2023",Seleção Normal,520000,0,520000,selecionada,,Novo PAC - Seleção,"450, de 2024",https://www.in.gov.br/web/dou/-/portaria-mcid-n-450-de-7-de-maio-de-2024-558553649
S-1646,Cidades Sustentáveis e Resilientes,Periferia Viva,Regularização Fundiária,OGU,OGU,2024,AL,RIO LARGO,Nordeste,"56000003370/2023",Seleção Normal,1000000,0,1000000,selecionada,,Novo PAC - Seleção,"450, de 2024",https://www.in.gov.br/web/dou/-/portaria-mcid-n-450-de-7-de-maio-de-2024-558553649
S-1647,Cidades Sustentáveis e Resilientes,Periferia Viva,Regularização Fundiária,OGU,OGU,2024,CE,CAUCAIA,Nordeste,"56000003449/2023",Seleção Normal,847800,0,847800,selecionada,,Novo PAC - Seleção,"450, de 2024",https://www.in.gov.br/web/dou/-/portaria-mcid-n-450-de-7-de-maio-de-2024-558553649
S-1648,Cidades Sustentáveis e Resilientes,Periferia Viva,Regularização Fundiária,OGU,OGU,2024,MG,VESPASIANO,Sudeste,"56000003500/2023",Seleção Normal,1000000,0,1000000,selecionada,,Novo PAC - Seleção,"450, de 2024",https://www.in.gov.br/web/dou/-/portaria-mcid-n-450-de-7-de-maio-de-2024-558553649
S-1649,Cidades Sustentáveis e Resilientes,Periferia Viva,Regularização Fundiária,OGU,OGU,2024,RJ,TERESOPOLIS,Sudeste,"56000003623/2023",Seleção Normal,530000,0,530000,selecionada,,Novo PAC - Seleção,"450, de 2024",https://www.in.gov.br/web/dou/-/portaria-mcid-n-450-de-7-de-maio-de-2024-558553649
S-1650,Cidades Sustentáveis e Resilientes,Periferia Viva,Regularização Fundiária,OGU,OGU,2024,RN,MACAIBA,Nordeste,"56000003644/2023",Seleção Normal,999400,0,999400,selecionada,,Novo PAC - Seleção,"450, de 2024",https://www.in.gov.br/web/dou/-/portaria-mcid-n-450-de-7-de-maio-de-2024-558553649
S-1651,Cidades Sustentáveis e Resilientes,Periferia Viva,Regularização Fundiária,OGU,OGU,2024,BA,VITORIA DA CONQUISTA,Nordeste,"56000003669/2023",Seleção Normal,1000000,0,1000000,selecionada,,Novo PAC - Seleção,"450, de 2024",https://www.in.gov.br/web/dou/-/portaria-mcid-n-450-de-7-de-maio-de-2024-558553649
S-1652,Cidades Sustentáveis e Resilientes,Periferia Viva,Regularização Fundiária,OGU,OGU,2024,BA,CAMACARI,Nordeste,"56000003798/2023",Seleção Normal,2000000,0,2000000,selecionada,,Novo PAC - Seleção,"450, de 2024",https://www.in.gov.br/web/dou/-/portaria-mcid-n-450-de-7-de-maio-de-2024-558553649
S-1653,Cidades Sustentáveis e Resilientes,Periferia Viva,Urbanização de Favelas,FIN,FGTS,2024,RJ,NITEROI,Sudeste,"56000005949/2023",Seleção Normal,0,35250000,35250000,selecionada,Setor Público,Novo PAC - Seleção,"449, de 2024",https://www.in.gov.br/web/dou/-/portaria-mcid-n-449-de-7-de-maio-de-2024-558553094
S-1654,Cidades Sustentáveis e Resilientes,Periferia Viva,Urbanização de Favelas,FIN,FGTS,2024,SP,SAO PAULO,Sudeste,"56000003606/2023",Seleção Normal,0,150000000,150000000,selecionada,Setor Público,Novo PAC - Seleção,"449, de 2024",https://www.in.gov.br/web/dou/-/portaria-mcid-n-449-de-7-de-maio-de-2024-558553094
S-1655,Cidades Sustentáveis e Resilientes,Periferia Viva,Urbanização de Favelas,FIN,FGTS,2024,TO,PALMAS,Norte,"56000005258/2023",Seleção Normal,0,50000000,50000000,selecionada,Setor Público,Novo PAC - Seleção,"449, de 2024",https://www.in.gov.br/web/dou/-/portaria-mcid-n-449-de-7-de-maio-de-2024-558553094
S-1656,Cidades Sustentáveis e Resilientes,Mobilidade Urbana Sustentável,Médias e Grandes Cidades,OGU,OGU,2024,RN,NATAL,Nordeste,"56000000925/2023",Seleção Normal,868533.54,0,868533.54,selecionada,,Novo PAC - Seleção,"767, de 2024",https://www.in.gov.br/en/web/dou/-/portaria-mcid-n-767-de-26-de-julho-de-2024-574546651
S-1657,Cidades Sustentáveis e Resilientes,Mobilidade Urbana Sustentável,Médias e Grandes Cidades,OGU,OGU,2024,SC,FLORIANOPOLIS,Sul,"56000001419/2023",Seleção Normal,159150000,0,159150000,selecionada,,Novo PAC - Seleção,"767, de 2024",https://www.in.gov.br/en/web/dou/-/portaria-mcid-n-767-de-26-de-julho-de-2024-574546651
S-1658,Cidades Sustentáveis e Resilientes,Mobilidade Urbana Sustentável,Médias e Grandes Cidades,OGU,OGU,2024,SP,ITAQUAQUECETUBA,Sudeste,"56000001798/2023",Seleção Normal,20145801.94,0,20145801.94,selecionada,,Novo PAC - Seleção,"767, de 2024",https://www.in.gov.br/en/web/dou/-/portaria-mcid-n-767-de-26-de-julho-de-2024-574546651
S-1659,Cidades Sustentáveis e Resilientes,Mobilidade Urbana Sustentável,Médias e Grandes Cidades,OGU,OGU,2024,PI,TERESINA,Nordeste,"56000002197/2023",Seleção Normal,237924958.98,0,237924958.98,selecionada,,Novo PAC - Seleção,"767, de 2024",https://www.in.gov.br/en/web/dou/-/portaria-mcid-n-767-de-26-de-julho-de-2024-574546651
S-1660,Cidades Sustentáveis e Resilientes,Mobilidade Urbana Sustentável,Médias e Grandes Cidades,OGU,OGU,2024,TO,PALMAS,Norte,"56000002236/2023",Seleção Normal,169000000,0,169000000,selecionada,,Novo PAC - Seleção,"767, de 2024",https://www.in.gov.br/en/web/dou/-/portaria-mcid-n-767-de-26-de-julho-de-2024-574546651
S-1661,Cidades Sustentáveis e Resilientes,Mobilidade Urbana Sustentável,Médias e Grandes Cidades,OGU,OGU,2024,MG,CONTAGEM,Sudeste,"56000002969/2023",Seleção Normal,33216000,0,33216000,selecionada,,Novo PAC - Seleção,"767, de 2024",https://www.in.gov.br/en/web/dou/-/portaria-mcid-n-767-de-26-de-julho-de-2024-574546651
S-1662,Cidades Sustentáveis e Resilientes,Mobilidade Urbana Sustentável,Médias e Grandes Cidades,OGU,OGU,2024,PE,RECIFE,Nordeste,"56000003554/2023",Seleção Normal,136100000,0,136100000,selecionada,,Novo PAC - Seleção,"767, de 2024",https://www.in.gov.br/en/web/dou/-/portaria-mcid-n-767-de-26-de-julho-de-2024-574546651
S-1663,Cidades Sustentáveis e Resilientes,Mobilidade Urbana Sustentável,Médias e Grandes Cidades,OGU,OGU,2024,SP,BAURU,Sudeste,"56000004160/2023",Seleção Normal,1500000,0,1500000,selecionada,,Novo PAC - Seleção,"767, de 2024",https://www.in.gov.br/en/web/dou/-/portaria-mcid-n-767-de-26-de-julho-de-2024-574546651
S-1664,Cidades Sustentáveis e Resilientes,Mobilidade Urbana Sustentável,Médias e Grandes Cidades,OGU,OGU,2024,RJ,CAMPOS DOS GOYTACAZES,Sudeste,"56000004550/2023",Seleção Normal,5628000,0,5628000,selecionada,,Novo PAC - Seleção,"767, de 2024",https://www.in.gov.br/en/web/dou/-/portaria-mcid-n-767-de-26-de-julho-de-2024-574546651
S-1665,Cidades Sustentáveis e Resilientes,Mobilidade Urbana Sustentável,Médias e Grandes Cidades,OGU,OGU,2024,MT,CUIABA,Centro-Oeste,"56000005079/2023",Seleção Normal,15709500,0,15709500,selecionada,,Novo PAC - Seleção,"767, de 2024",https://www.in.gov.br/en/web/dou/-/portaria-mcid-n-767-de-26-de-julho-de-2024-574546651
S-1666,Cidades Sustentáveis e Resilientes,Periferia Viva,Regularização Fundiária,OGU,OGU,2024,MG,JOAO MONLEVADE,Sudeste,"56000003898/2023",Seleção Normal,1000000,0,1000000,selecionada,,Novo PAC - Seleção,"450, de 2024",https://www.in.gov.br/web/dou/-/portaria-mcid-n-450-de-7-de-maio-de-2024-558553649
S-1667,Cidades Sustentáveis e Resilientes,Periferia Viva,Regularização Fundiária,OGU,OGU,2024,MG,SABARA,Sudeste,"56000004029/2023",Seleção Normal,948000,0,948000,selecionada,,Novo PAC - Seleção,"450, de 2024",https://www.in.gov.br/web/dou/-/portaria-mcid-n-450-de-7-de-maio-de-2024-558553649
S-1668,Cidades Sustentáveis e Resilientes,Periferia Viva,Regularização Fundiária,OGU,OGU,2024,MA,CAXIAS,Nordeste,"56000004265/2023",Seleção Normal,1000000,0,1000000,selecionada,,Novo PAC - Seleção,"450, de 2024",https://www.in.gov.br/web/dou/-/portaria-mcid-n-450-de-7-de-maio-de-2024-558553649
S-1669,Cidades Sustentáveis e Resilientes,Periferia Viva,Regularização Fundiária,OGU,OGU,2024,ES,VIANA,Sudeste,"56000004412/2023",Seleção Normal,1000000,0,1000000,selecionada,,Novo PAC - Seleção,"450, de 2024",https://www.in.gov.br/web/dou/-/portaria-mcid-n-450-de-7-de-maio-de-2024-558553649
S-1670,Cidades Sustentáveis e Resilientes,Periferia Viva,Regularização Fundiária,OGU,OGU,2024,SP,ITAPEVI,Sudeste,"56000004578/2023",Seleção Normal,2000000,0,2000000,selecionada,,Novo PAC - Seleção,"450, de 2024",https://www.in.gov.br/web/dou/-/portaria-mcid-n-450-de-7-de-maio-de-2024-558553649
S-1671,Cidades Sustentáveis e Resilientes,Periferia Viva,Regularização Fundiária,OGU,OGU,2024,MA,TIMON,Nordeste,"56000004810/2023",Seleção Normal,1000000,0,1000000,selecionada,,Novo PAC - Seleção,"450, de 2024",https://www.in.gov.br/web/dou/-/portaria-mcid-n-450-de-7-de-maio-de-2024-558553649
S-1672,Cidades Sustentáveis e Resilientes,Periferia Viva,Regularização Fundiária,OGU,OGU,2024,AP,MACAPA,Norte,"56000004886/2023",Seleção Normal,1000000,0,1000000,selecionada,,Novo PAC - Seleção,"450, de 2024",https://www.in.gov.br/web/dou/-/portaria-mcid-n-450-de-7-de-maio-de-2024-558553649
S-1673,Cidades Sustentáveis e Resilientes,Periferia Viva,Regularização Fundiária,OGU,OGU,2024,PA,TUCURUI,Norte,"56000004962/2023",Seleção Normal,1000000,0,1000000,selecionada,,Novo PAC - Seleção,"450, de 2024",https://www.in.gov.br/web/dou/-/portaria-mcid-n-450-de-7-de-maio-de-2024-558553649
S-1674,Cidades Sustentáveis e Resilientes,Periferia Viva,Regularização Fundiária,OGU,OGU,2024,SP,DIADEMA,Sudeste,"56000005183/2023",Seleção Normal,939718.67,0,939718.67,selecionada,,Novo PAC - Seleção,"450, de 2024",https://www.in.gov.br/web/dou/-/portaria-mcid-n-450-de-7-de-maio-de-2024-558553649
S-1675,Cidades Sustentáveis e Resilientes,Periferia Viva,Regularização Fundiária,OGU,OGU,2024,RS,VIAMAO,Sul,"56000005322/2023",Seleção Normal,1135390.81,0,1135390.81,selecionada,,Novo PAC - Seleção,"450, de 2024",https://www.in.gov.br/web/dou/-/portaria-mcid-n-450-de-7-de-maio-de-2024-558553649
S-1676,Cidades Sustentáveis e Resilientes,Periferia Viva,Regularização Fundiária,OGU,OGU,2024,SP,SAO VICENTE,Sudeste,"56000005449/2023",Seleção Normal,2000000,0,2000000,selecionada,,Novo PAC - Seleção,"450, de 2024",https://www.in.gov.br/web/dou/-/portaria-mcid-n-450-de-7-de-maio-de-2024-558553649
S-1677,Cidades Sustentáveis e Resilientes,Periferia Viva,Regularização Fundiária,OGU,OGU,2024,CE,RUSSAS,Nordeste,"56000005550/2023",Seleção Normal,1000000,0,1000000,selecionada,,Novo PAC - Seleção,"450, de 2024",https://www.in.gov.br/web/dou/-/portaria-mcid-n-450-de-7-de-maio-de-2024-558553649
S-1678,Cidades Sustentáveis e Resilientes,Prevenção a Desastres,Contenção de Encostas,OGU,OGU,2024,SC,BOM RETIRO,Sul,"56000005700/2023",Seleção Normal,2616147.71,0,2616147.71,selecionada,,Novo PAC - Seleção,"451, de 2024",https://www.in.gov.br/web/dou/-/portaria-mcid-n-451-de-7-de-maio-de-2024-558538861
S-1679,Cidades Sustentáveis e Resilientes,Periferia Viva,Regularização Fundiária,OGU,OGU,2024,SP,MOGI DAS CRUZES,Sudeste,"56000005703/2023",Seleção Normal,688200,0,688200,selecionada,,Novo PAC - Seleção,"450, de 2024",https://www.in.gov.br/web/dou/-/portaria-mcid-n-450-de-7-de-maio-de-2024-558553649
S-1680,Cidades Sustentáveis e Resilientes,Periferia Viva,Regularização Fundiária,OGU,OGU,2024,SP,PERUIBE,Sudeste,"56000005765/2023",Seleção Normal,1000000,0,1000000,selecionada,,Novo PAC - Seleção,"450, de 2024",https://www.in.gov.br/web/dou/-/portaria-mcid-n-450-de-7-de-maio-de-2024-558553649
S-1681,Cidades Sustentáveis e Resilientes,Periferia Viva,Regularização Fundiária,OGU,OGU,2024,SP,CAMPO LIMPO PAULISTA,Sudeste,"56000005993/2023",Seleção Normal,700000,0,700000,selecionada,,Novo PAC - Seleção,"450, de 2024",https://www.in.gov.br/web/dou/-/portaria-mcid-n-450-de-7-de-maio-de-2024-558553649
S-1682,Cidades Sustentáveis e Resilientes,Periferia Viva,Regularização Fundiária,OGU,OGU,2024,MG,IPATINGA,Sudeste,"56000006122/2023",Seleção Normal,500000,0,500000,selecionada,,Novo PAC - Seleção,"450, de 2024",https://www.in.gov.br/web/dou/-/portaria-mcid-n-450-de-7-de-maio-de-2024-558553649
S-1683,Cidades Sustentáveis e Resilientes,Mobilidade Urbana Sustentável,Médias e Grandes Cidades,OGU,OGU,2024,SP,"SANTO ANDRE, DIADEMA, MAUA, RIBEIRAO PIRES E RIO GRANDE DA SERRA",Sudeste,"56000005522/2023",Seleção Normal,41497626.91,0,41497626.91,selecionada,,Novo PAC - Seleção,"767, de 2024",https://www.in.gov.br/en/web/dou/-/portaria-mcid-n-767-de-26-de-julho-de-2024-574546651
S-1684,Cidades Sustentáveis e Resilientes,Mobilidade Urbana Sustentável,Médias e Grandes Cidades,OGU,OGU,2024,RN,NATAL,Nordeste,"56000005725/2023",Seleção Normal,24666881.57,0,24666881.57,selecionada,,Novo PAC - Seleção,"767, de 2024",https://www.in.gov.br/en/web/dou/-/portaria-mcid-n-767-de-26-de-julho-de-2024-574546651
S-1685,Cidades Sustentáveis e Resilientes,Mobilidade Urbana Sustentável,Médias e Grandes Cidades,OGU,OGU,2024,GO,AGUAS LINDAS DE GOIAS,Centro-Oeste,"56000006083/2023",Seleção Normal,7850000,0,7850000,selecionada,,Novo PAC - Seleção,"767, de 2024",https://www.in.gov.br/en/web/dou/-/portaria-mcid-n-767-de-26-de-julho-de-2024-574546651
S-1686,Cidades Sustentáveis e Resilientes,Prevenção a Desastres,Drenagem Urbana,OGU,OGU,2024,RS,ALEGRETE,Sul,"56000004168/2023",Calamidade RS,30032796,0,30032796,selecionada,,Novo PAC - Seleção,"776, de 2024",https://www.in.gov.br/web/dou/-/portaria-mcid-n-776-de-30-de-julho-de-2024-575055636
S-1687,Cidades Sustentáveis e Resilientes,Prevenção a Desastres,Drenagem Urbana,OGU,OGU,2024,RS,BENTO GONCALVES,Sul,"56000002382/2023",Calamidade RS,2292737,0,2292737,selecionada,,Novo PAC - Seleção,"776, de 2024",https://www.in.gov.br/web/dou/-/portaria-mcid-n-776-de-30-de-julho-de-2024-575055636
S-1688,Cidades Sustentáveis e Resilientes,Prevenção a Desastres,Drenagem Urbana,OGU,OGU,2024,RS,SANTO ANTONIO DA PATRULHA,Sul,"56000003010/2023",Calamidade RS,23374188,0,23374188,selecionada,,Novo PAC - Seleção,"776, de 2024",https://www.in.gov.br/web/dou/-/portaria-mcid-n-776-de-30-de-julho-de-2024-575055636
S-1689,Cidades Sustentáveis e Resilientes,Prevenção a Desastres,Drenagem Urbana,OGU,OGU,2024,RS,SANTA MARIA,Sul,"56000004704/2023",Calamidade RS,8570000,0,8570000,selecionada,,Novo PAC - Seleção,"776, de 2024",https://www.in.gov.br/web/dou/-/portaria-mcid-n-776-de-30-de-julho-de-2024-575055636
S-1690,Cidades Sustentáveis e Resilientes,Prevenção a Desastres,Drenagem Urbana,OGU,OGU,2024,RS,SANTA CRUZ DO SUL,Sul,"56000005408/2023",Calamidade RS,5050000,0,5050000,selecionada,,Novo PAC - Seleção,"776, de 2024",https://www.in.gov.br/web/dou/-/portaria-mcid-n-776-de-30-de-julho-de-2024-575055636
S-1691,Cidades Sustentáveis e Resilientes,Prevenção a Desastres,Drenagem Urbana,OGU,OGU,2024,RS,ROLANTE,Sul,"56000006777/2023",Calamidade RS,647428,0,647428,selecionada,,Novo PAC - Seleção,"776, de 2024",https://www.in.gov.br/web/dou/-/portaria-mcid-n-776-de-30-de-julho-de-2024-575055636
S-1692,Cidades Sustentáveis e Resilientes,Prevenção a Desastres,Contenção de Encostas,OGU,OGU,2024,ES,CARIACICA,Sudeste,"56000000303/2023",Seleção Normal,7122068.36,0,7122068.36,selecionada,,Novo PAC - Seleção,"451, de 2024",https://www.in.gov.br/web/dou/-/portaria-mcid-n-451-de-7-de-maio-de-2024-558538861
S-1693,Cidades Sustentáveis e Resilientes,Periferia Viva,Urbanização de Favelas,FIN,FGTS,2025,BA,SALVADOR,Nordeste,"56000001278/2025",Seleção Normal,0,18847941.83,18847941.83,enquadrada,Setor Privado,Novo PAC - Seleção,"825, de 2025",https://www.in.gov.br/web/dou/-/portaria-mcid-n-825-de-24-de-julho-de-2025-644423269
S-1694,Cidades Sustentáveis e Resilientes,Mobilidade Urbana Sustentável,Renovação de Frota,FIN,Fundo Clima e BNDES,2024,BA,SALVADOR,Nordeste,"56000000752/2023",Seleção Normal,0,264000000,264000000,selecionada,Setor Público,Novo PAC - Seleção,"445, de 2024",https://www.in.gov.br/web/dou/-/portaria-mcid-n-445-de-7-de-maio-de-2024-558553015
S-1695,Cidades Sustentáveis e Resilientes,Mobilidade Urbana Sustentável,Renovação de Frota,FIN,Fundo Clima e BNDES,2024,PB,JOAO PESSOA,Nordeste,"56000003175/2023",Seleção Normal,0,95350000,95350000,selecionada,Setor Público,Novo PAC - Seleção,"445, de 2024",https://www.in.gov.br/web/dou/-/portaria-mcid-n-445-de-7-de-maio-de-2024-558553015
S-1696,Cidades Sustentáveis e Resilientes,Mobilidade Urbana Sustentável,Renovação de Frota,FIN,Fundo Clima e BNDES,2024,SP,CAMPINAS,Sudeste,"56000004970/2023",Seleção Normal,0,732465177.6,732465177.6,selecionada,Setor Público,Novo PAC - Seleção,"445, de 2024",https://www.in.gov.br/web/dou/-/portaria-mcid-n-445-de-7-de-maio-de-2024-558553015
S-1697,Cidades Sustentáveis e Resilientes,Mobilidade Urbana Sustentável,Renovação de Frota,FIN,Fundo Clima e BNDES,2024,PA,SANTAREM,Norte,"56000005622/2023",Seleção Normal,0,90000000,90000000,selecionada,Setor Público,Novo PAC - Seleção,"445, de 2024",https://www.in.gov.br/web/dou/-/portaria-mcid-n-445-de-7-de-maio-de-2024-558553015
S-1698,Cidades Sustentáveis e Resilientes,Periferia Viva,Regularização Fundiária,OGU,OGU,2024,AC,RIO BRANCO,Norte,"56000006200/2023",Seleção Normal,2000000,0,2000000,selecionada,,Novo PAC - Seleção,"450, de 2024",https://www.in.gov.br/web/dou/-/portaria-mcid-n-450-de-7-de-maio-de-2024-558553649
S-1699,Cidades Sustentáveis e Resilientes,Periferia Viva,Regularização Fundiária,OGU,OGU,2024,PA,MARITUBA,Norte,"56000006300/2023",Seleção Normal,2707000,0,2707000,selecionada,,Novo PAC - Seleção,"450, de 2024",https://www.in.gov.br/web/dou/-/portaria-mcid-n-450-de-7-de-maio-de-2024-558553649
S-1700,Cidades Sustentáveis e Resilientes,Periferia Viva,Regularização Fundiária,OGU,OGU,2024,PE,OLINDA,Nordeste,"56000006596/2023",Seleção Normal,800000,0,800000,selecionada,,Novo PAC - Seleção,"450, de 2024",https://www.in.gov.br/web/dou/-/portaria-mcid-n-450-de-7-de-maio-de-2024-558553649
S-1701,Cidades Sustentáveis e Resilientes,Periferia Viva,Regularização Fundiária,OGU,OGU,2024,BA,SALVADOR,Nordeste,"56000006750/2023",Seleção Normal,2100000,0,2100000,selecionada,,Novo PAC - Seleção,"450, de 2024",https://www.in.gov.br/web/dou/-/portaria-mcid-n-450-de-7-de-maio-de-2024-558553649
S-1702,Cidades Sustentáveis e Resilientes,Periferia Viva,Regularização Fundiária,OGU,OGU,2024,AP,MACAPA,Norte,"56000006812/2023",Seleção Normal,1000000,0,1000000,selecionada,,Novo PAC - Seleção,"450, de 2024",https://www.in.gov.br/web/dou/-/portaria-mcid-n-450-de-7-de-maio-de-2024-558553649
S-1703,Cidades Sustentáveis e Resilientes,Prevenção a Desastres,Contenção de Encostas,OGU,OGU,2024,ES,CARIACICA,Sudeste,"56000000863/2023",Seleção Normal,3268082.39,0,3268082.39,selecionada,,Novo PAC - Seleção,"451, de 2024",https://www.in.gov.br/web/dou/-/portaria-mcid-n-451-de-7-de-maio-de-2024-558538861
S-1704,Cidades Sustentáveis e Resilientes,Prevenção a Desastres,Contenção de Encostas,OGU,OGU,2024,PE,RECIFE,Nordeste,"56000001076/2023",Seleção Normal,308438.98,0,308438.98,selecionada,,Novo PAC - Seleção,"451, de 2024",https://www.in.gov.br/web/dou/-/portaria-mcid-n-451-de-7-de-maio-de-2024-558538861
S-1705,Cidades Sustentáveis e Resilientes,Prevenção a Desastres,Contenção de Encostas,OGU,OGU,2024,SP,FRANCO DA ROCHA,Sudeste,"56000001237/2023",Seleção Normal,4528283.63,0,4528283.63,selecionada,,Novo PAC - Seleção,"451, de 2024",https://www.in.gov.br/web/dou/-/portaria-mcid-n-451-de-7-de-maio-de-2024-558538861
S-1706,Cidades Sustentáveis e Resilientes,Prevenção a Desastres,Contenção de Encostas,OGU,OGU,2024,ES,VILA VELHA,Sudeste,"56000001281/2023",Seleção Normal,2072381.3,0,2072381.3,selecionada,,Novo PAC - Seleção,"451, de 2024",https://www.in.gov.br/web/dou/-/portaria-mcid-n-451-de-7-de-maio-de-2024-558538861
S-1707,Cidades Sustentáveis e Resilientes,Prevenção a Desastres,Contenção de Encostas,OGU,OGU,2024,SC,BLUMENAU,Sul,"56000001380/2023",Seleção Normal,20049660.89,0,20049660.89,selecionada,,Novo PAC - Seleção,"451, de 2024",https://www.in.gov.br/web/dou/-/portaria-mcid-n-451-de-7-de-maio-de-2024-558538861
S-1708,Cidades Sustentáveis e Resilientes,Prevenção a Desastres,Contenção de Encostas,OGU,OGU,2024,ES,VARGEM ALTA,Sudeste,"56000001547/2023",Seleção Normal,7281470,0,7281470,selecionada,,Novo PAC - Seleção,"451, de 2024",https://www.in.gov.br/web/dou/-/portaria-mcid-n-451-de-7-de-maio-de-2024-558538861
S-1709,Cidades Sustentáveis e Resilientes,Prevenção a Desastres,Contenção de Encostas,OGU,OGU,2024,PE,OLINDA,Nordeste,"56000001749/2023",Seleção Normal,10262128.03,0,10262128.03,selecionada,,Novo PAC - Seleção,"451, de 2024",https://www.in.gov.br/web/dou/-/portaria-mcid-n-451-de-7-de-maio-de-2024-558538861
S-1710,Cidades Sustentáveis e Resilientes,Prevenção a Desastres,Contenção de Encostas,OGU,OGU,2024,MG,BETIM,Sudeste,"56000002101/2023",Seleção Normal,25000000,0,25000000,selecionada,,Novo PAC - Seleção,"451, de 2024",https://www.in.gov.br/web/dou/-/portaria-mcid-n-451-de-7-de-maio-de-2024-558538861
S-1711,Cidades Sustentáveis e Resilientes,Prevenção a Desastres,Contenção de Encostas,OGU,OGU,2024,SP,ITAPECERICA DA SERRA,Sudeste,"56000002300/2023",Seleção Normal,5258740.54,0,5258740.54,selecionada,,Novo PAC - Seleção,"451, de 2024",https://www.in.gov.br/web/dou/-/portaria-mcid-n-451-de-7-de-maio-de-2024-558538861
S-1712,Cidades Sustentáveis e Resilientes,Prevenção a Desastres,Drenagem Urbana,FIN,FGTS,2025,MG,BELO HORIZONTE,Sudeste,"56000002475/2025",Seleção Normal,0,170639000,170639000,enquadrada,Setor Privado,Novo PAC - Seleção,"1.087, de 2025",https://www.in.gov.br/en/web/dou/-/portaria-mcid-n-1.087-de-19-de-setembro-de-2025-657754682
S-1713,Cidades Sustentáveis e Resilientes,Prevenção a Desastres,Contenção de Encostas,FIN,FGTS,2025,CE,CRATO,Nordeste,"56000008208/2025",Seleção Normal,0,32250000,32250000,enquadrada,Setor Privado,Novo PAC - Seleção,"1.074, de 2025",https://www.in.gov.br/en/web/dou/-/portaria-mcid-n-1.074-de-17-de-setembro-de-2025-657752151
S-1714,Cidades Sustentáveis e Resilientes,Mobilidade Urbana Sustentável,Médias e Grandes Cidades,FIN,BNDES,2024,SP,SAO PAULO,Sudeste,GOV10,Governadores,0,7200000000,7200000000,selecionada,Setor Público,Novo PAC - Seleção,NA,
S-1715,Cidades Sustentáveis e Resilientes,Mobilidade Urbana Sustentável,Médias e Grandes Cidades,FIN,BNDES,2024,ES,"VILA VELHA, CARIACICA",Sudeste,"56000002550/2023",Seleção Normal,0,0,0,selecionada,Setor Público,Novo PAC - Seleção,"767, de 2024",https://www.in.gov.br/en/web/dou/-/portaria-mcid-n-767-de-26-de-julho-de-2024-574546651
S-1716,Cidades Sustentáveis e Resilientes,Mobilidade Urbana Sustentável,Médias e Grandes Cidades,FIN,FGTS,2025,RS,RIO GRANDE,Sul,"56000001836/2025",Seleção Normal,0,25953853.7,25953853.7,enquadrada,Setor Privado,Novo PAC - Seleção,"981, de 2025",https://www.in.gov.br/en/web/dou/-/portaria-mcid-n-981-de-29-de-agosto-de-2025-652031181
S-1717,Cidades Sustentáveis e Resilientes,Mobilidade Urbana Sustentável,Médias e Grandes Cidades,FIN,FGTS,2025,SP,SAO CARLOS,Sudeste,"56000001641/2025",Seleção Normal,0,22593194.5,22593194.5,enquadrada,Setor Privado,Novo PAC - Seleção,"981, de 2025",https://www.in.gov.br/en/web/dou/-/portaria-mcid-n-981-de-29-de-agosto-de-2025-652031181
S-1718,Cidades Sustentáveis e Resilientes,Mobilidade Urbana Sustentável,Médias e Grandes Cidades,FIN,FGTS,2025,SP,SAO JOSE DOS CAMPOS,Sudeste,"56000001025/2025",Seleção Normal,0,21088100,21088100,enquadrada,Setor Privado,Novo PAC - Seleção,"981, de 2025",https://www.in.gov.br/en/web/dou/-/portaria-mcid-n-981-de-29-de-agosto-de-2025-652031181
S-1719,Cidades Sustentáveis e Resilientes,Periferia Viva,Urbanização de Favelas,FIN,FGTS,2025,BA,LAURO DE FREITAS,Nordeste,"56000000871/2025",Seleção Normal,0,81208112.8,81208112.8,enquadrada,Setor Privado,Novo PAC - Seleção,"825, de 2025",https://www.in.gov.br/web/dou/-/portaria-mcid-n-825-de-24-de-julho-de-2025-644423269
S-1720,Cidades Sustentáveis e Resilientes,Periferia Viva,Urbanização de Favelas,FIN,FGTS,2025,BA,SALVADOR,Nordeste,"56000000724/2025",Seleção Normal,0,288705858.81,288705858.81,enquadrada,Setor Privado,Novo PAC - Seleção,"825, de 2025",https://www.in.gov.br/web/dou/-/portaria-mcid-n-825-de-24-de-julho-de-2025-644423269
S-1721,Cidades Sustentáveis e Resilientes,Periferia Viva,Urbanização de Favelas,FIN,FGTS,2025,SP,SAO BERNARDO DO CAMPO,Sudeste,"56000000276/2025",Seleção Normal,0,179262600,179262600,enquadrada,Setor Privado,Novo PAC - Seleção,"825, de 2025",https://www.in.gov.br/web/dou/-/portaria-mcid-n-825-de-24-de-julho-de-2025-644423269
S-1722,Cidades Sustentáveis e Resilientes,Periferia Viva,Urbanização de Favelas,FIN,FGTS,2025,BA,SALVADOR,Nordeste,"56000000696/2025",Seleção Normal,0,49781849.36,49781849.36,enquadrada,Setor Privado,Novo PAC - Seleção,"825, de 2025",https://www.in.gov.br/web/dou/-/portaria-mcid-n-825-de-24-de-julho-de-2025-644423269
S-1723,Cidades Sustentáveis e Resilientes,Periferia Viva,Urbanização de Favelas,FIN,FGTS,2025,SP,CUBATAO,Sudeste,"56000000857/2025",Seleção Normal,0,242618731.49,242618731.49,enquadrada,Setor Privado,Novo PAC - Seleção,"825, de 2025",https://www.in.gov.br/web/dou/-/portaria-mcid-n-825-de-24-de-julho-de-2025-644423269
S-1724,Cidades Sustentáveis e Resilientes,Periferia Viva,Urbanização de Favelas,FIN,FGTS,2025,BA,SALVADOR,Nordeste,"56000001522/2025",Seleção Normal,0,16539937.45,16539937.45,enquadrada,Setor Privado,Novo PAC - Seleção,"825, de 2025",https://www.in.gov.br/web/dou/-/portaria-mcid-n-825-de-24-de-julho-de-2025-644423269
S-1725,Cidades Sustentáveis e Resilientes,Periferia Viva,Urbanização de Favelas,FIN,FGTS,2025,MA,SAO JOSE DE RIBAMAR,Nordeste,"56000001746/2025",Seleção Normal,0,60983945,60983945,enquadrada,Setor Privado,Novo PAC - Seleção,"825, de 2025",https://www.in.gov.br/web/dou/-/portaria-mcid-n-825-de-24-de-julho-de-2025-644423269
S-1726,Cidades Sustentáveis e Resilientes,Periferia Viva,Urbanização de Favelas,FIN,FGTS,2025,TO,PALMAS,Norte,"56000001860/2025",Seleção Normal,0,53500000,53500000,enquadrada,Setor Privado,Novo PAC - Seleção,"825, de 2025",https://www.in.gov.br/web/dou/-/portaria-mcid-n-825-de-24-de-julho-de-2025-644423269
S-1727,Cidades Sustentáveis e Resilientes,Periferia Viva,Urbanização de Favelas,FIN,FGTS,2025,RJ,RIO DE JANEIRO,Sudeste,"56000002028/2025",Seleção Normal,0,332868125,332868125,enquadrada,Setor Privado,Novo PAC - Seleção,"825, de 2025",https://www.in.gov.br/web/dou/-/portaria-mcid-n-825-de-24-de-julho-de-2025-644423269
S-1728,Cidades Sustentáveis e Resilientes,Periferia Viva,Urbanização de Favelas,FIN,FGTS,2025,MG,BELO HORIZONTE,Sudeste,"56000002506/2025",Seleção Normal,0,75310770.74,75310770.74,enquadrada,Setor Privado,Novo PAC - Seleção,"825, de 2025",https://www.in.gov.br/web/dou/-/portaria-mcid-n-825-de-24-de-julho-de-2025-644423269
S-1729,Cidades Sustentáveis e Resilientes,Periferia Viva,Urbanização de Favelas,FIN,FGTS,2025,TO,PALMAS,Norte,"56000002564/2025",Seleção Normal,0,173182924.17,173182924.17,enquadrada,Setor Privado,Novo PAC - Seleção,"825, de 2025",https://www.in.gov.br/web/dou/-/portaria-mcid-n-825-de-24-de-julho-de-2025-644423269
S-1730,Cidades Sustentáveis e Resilientes,Prevenção a Desastres,Drenagem Urbana,FIN,FGTS,2025,MG,UBERLANDIA,Sudeste,"56000007920/2025",Seleção Normal,0,12583720.2,12583720.2,enquadrada,Setor Privado,Novo PAC - Seleção,"1.087, de 2025",https://www.in.gov.br/en/web/dou/-/portaria-mcid-n-1.087-de-19-de-setembro-de-2025-657754682
S-1731,Cidades Sustentáveis e Resilientes,Prevenção a Desastres,Drenagem Urbana,FIN,FGTS,2025,MG,UBERLANDIA,Sudeste,"56000008155/2025",Seleção Normal,0,2954848.73,2954848.73,enquadrada,Setor Privado,Novo PAC - Seleção,"1.087, de 2025",https://www.in.gov.br/en/web/dou/-/portaria-mcid-n-1.087-de-19-de-setembro-de-2025-657754682
S-1732,Cidades Sustentáveis e Resilientes,Prevenção a Desastres,Drenagem Urbana,FIN,FGTS,2025,RJ,DUQUE DE CAXIAS,Sudeste,"56000002163/2025",Seleção Normal,0,203279667.27,203279667.27,enquadrada,Setor Privado,Novo PAC - Seleção,"1.087, de 2025",https://www.in.gov.br/en/web/dou/-/portaria-mcid-n-1.087-de-19-de-setembro-de-2025-657754682
S-1733,Cidades Sustentáveis e Resilientes,Prevenção a Desastres,Drenagem Urbana,FIN,FGTS,2025,SP,PRAIA GRANDE,Sudeste,"56000001177/2025",Seleção Normal,0,112041822.16,112041822.16,enquadrada,Setor Privado,Novo PAC - Seleção,"1.087, de 2025",https://www.in.gov.br/en/web/dou/-/portaria-mcid-n-1.087-de-19-de-setembro-de-2025-657754682
S-1734,Cidades Sustentáveis e Resilientes,Prevenção a Desastres,Contenção de Encostas,FIN,FGTS,2025,ES,NOVA VENECIA,Sudeste,"56000000751/2025",Seleção Normal,0,1678561.89,1678561.89,enquadrada,Setor Privado,Novo PAC - Seleção,"1.074, de 2025",https://www.in.gov.br/en/web/dou/-/portaria-mcid-n-1.074-de-17-de-setembro-de-2025-657752151
S-1735,Cidades Sustentáveis e Resilientes,Prevenção a Desastres,Contenção de Encostas,FIN,FGTS,2025,SP,FERRAZ DE VASCONCELOS,Sudeste,"56000008204/2025",Seleção Normal,0,38990756.36,38990756.36,enquadrada,Setor Privado,Novo PAC - Seleção,"1.074, de 2025",https://www.in.gov.br/en/web/dou/-/portaria-mcid-n-1.074-de-17-de-setembro-de-2025-657752151
S-1736,Cidades Sustentáveis e Resilientes,Prevenção a Desastres,Drenagem Urbana,FIN,FGTS,2025,GO,ANAPOLIS,Centro-Oeste,"56000000991/2025",Seleção Normal,0,60000000,60000000,enquadrada,Setor Privado,Novo PAC - Seleção,"1.088, de 2025",https://www.in.gov.br/web/dou/-/portaria-mcid-n-1.088-de-19-de-setembro-de-2025-657754761
S-1737,Cidades Sustentáveis e Resilientes,Prevenção a Desastres,Drenagem Urbana,FIN,FGTS,2025,MA,BACABAL,Nordeste,"56000001634/2025",Seleção Normal,0,183967796.85,183967796.85,enquadrada,Setor Privado,Novo PAC - Seleção,"1.088, de 2025",https://www.in.gov.br/web/dou/-/portaria-mcid-n-1.088-de-19-de-setembro-de-2025-657754761
S-1738,Cidades Sustentáveis e Resilientes,Prevenção a Desastres,Drenagem Urbana,FIN,FGTS,2025,MG,CHACARA,Sudeste,"56000000638/2025",Seleção Normal,0,10000000,10000000,enquadrada,Setor Privado,Novo PAC - Seleção,"1.088, de 2025",https://www.in.gov.br/web/dou/-/portaria-mcid-n-1.088-de-19-de-setembro-de-2025-657754761
S-1739,Cidades Sustentáveis e Resilientes,Prevenção a Desastres,Drenagem Urbana,FIN,FGTS,2025,MG,JUIZ DE FORA,Sudeste,"56000000794/2025",Seleção Normal,0,63330000,63330000,enquadrada,Setor Privado,Novo PAC - Seleção,"1.088, de 2025",https://www.in.gov.br/web/dou/-/portaria-mcid-n-1.088-de-19-de-setembro-de-2025-657754761
S-1740,Cidades Sustentáveis e Resilientes,Prevenção a Desastres,Drenagem Urbana,FIN,FGTS,2025,MS,BATAYPORA,Centro-Oeste,"56000000820/2025",Seleção Normal,0,25000000,25000000,enquadrada,Setor Privado,Novo PAC - Seleção,"1.088, de 2025",https://www.in.gov.br/web/dou/-/portaria-mcid-n-1.088-de-19-de-setembro-de-2025-657754761
S-1741,Cidades Sustentáveis e Resilientes,Prevenção a Desastres,Drenagem Urbana,FIN,FGTS,2025,PA,BELEM,Norte,"56000000687/2025",Seleção Normal,0,107561183.24,107561183.24,enquadrada,Setor Privado,Novo PAC - Seleção,"1.088, de 2025",https://www.in.gov.br/web/dou/-/portaria-mcid-n-1.088-de-19-de-setembro-de-2025-657754761
S-1742,Cidades Sustentáveis e Resilientes,Prevenção a Desastres,Drenagem Urbana,FIN,FGTS,2025,PR,ALMIRANTE TAMANDARE,Sul,"56000001948/2025",Seleção Normal,0,94500956.53,94500956.53,enquadrada,Setor Privado,Novo PAC - Seleção,"1.088, de 2025",https://www.in.gov.br/web/dou/-/portaria-mcid-n-1.088-de-19-de-setembro-de-2025-657754761
S-1743,Cidades Sustentáveis e Resilientes,Prevenção a Desastres,Drenagem Urbana,FIN,FGTS,2025,RJ,SAO JOAO DE MERITI,Sudeste,"56000000756/2025",Seleção Normal,0,145395000,145395000,enquadrada,Setor Privado,Novo PAC - Seleção,"1.088, de 2025",https://www.in.gov.br/web/dou/-/portaria-mcid-n-1.088-de-19-de-setembro-de-2025-657754761
S-1744,Cidades Sustentáveis e Resilientes,Prevenção a Desastres,Drenagem Urbana,FIN,FGTS,2025,RJ,RIO DE JANEIRO,Sudeste,"56000001657/2025",Seleção Normal,0,150000000,150000000,enquadrada,Setor Privado,Novo PAC - Seleção,"1.088, de 2025",https://www.in.gov.br/web/dou/-/portaria-mcid-n-1.088-de-19-de-setembro-de-2025-657754761
S-1745,Cidades Sustentáveis e Resilientes,Prevenção a Desastres,Drenagem Urbana,FIN,FGTS,2025,RS,PELOTAS,Sul,"56000001813/2025",Seleção Normal,0,32228913.33,32228913.33,enquadrada,Setor Privado,Novo PAC - Seleção,"1.088, de 2025",https://www.in.gov.br/web/dou/-/portaria-mcid-n-1.088-de-19-de-setembro-de-2025-657754761
S-1746,Cidades Sustentáveis e Resilientes,Resíduos Sólidos,Resíduos Sólidos,FIN,FGTS,2024,MA,BURITICUPU,Nordeste,"56000001968/2023",Seleção Normal,0,24794418.53,24794418.53,selecionada,Setor Público,Novo PAC - Seleção,"1.119, de 2024",https://www.in.gov.br/en/web/dou/-/portaria-mcid-n-1.119-de-7-de-outubro-de-2024-596577847
S-1747,Cidades Sustentáveis e Resilientes,Mobilidade Urbana Sustentável,Médias e Grandes Cidades,OGU,OGU,2024,AL,MACEIO,Nordeste,"56000004110/2023",Seleção Normal,3487092.86,0,3487092.86,selecionada,,Novo PAC - Seleção,"767, de 2024",https://www.in.gov.br/en/web/dou/-/portaria-mcid-n-767-de-26-de-julho-de-2024-574546651
S-1748,Água Para Todos,Água para quem mais precisa,Abastecimento de Água - Rural,OGU,OGU,2024,MG,MONTE AZUL,Sudeste,"56000000574/2023",Seleção Normal,900000,0,900000,selecionada,,Novo PAC - Seleção,"452, de 2024",https://www.in.gov.br/web/dou/-/portaria-mcid-n-452-de-7-de-maio-de-2024-558553728
S-1749,Água Para Todos,Água para quem mais precisa,Abastecimento de Água - Rural,OGU,OGU,2024,BA,FEIRA DA MATA,Nordeste,"56000000587/2023",Seleção Normal,5998858.12,0,5998858.12,selecionada,,Novo PAC - Seleção,"452, de 2024",https://www.in.gov.br/web/dou/-/portaria-mcid-n-452-de-7-de-maio-de-2024-558553728
S-1750,Cidades Sustentáveis e Resilientes,Resíduos Sólidos,Resíduos Sólidos,FIN,FGTS,2024,MG,CARBONITA,Sudeste,"56000004565/2023",Seleção Normal,0,1154430,1154430,selecionada,Setor Público,Novo PAC - Seleção,"1.119, de 2024",https://www.in.gov.br/en/web/dou/-/portaria-mcid-n-1.119-de-7-de-outubro-de-2024-596577847
S-1751,Água Para Todos,Água para quem mais precisa,Abastecimento de Água - Rural,OGU,OGU,2024,MG,PAI PEDRO,Sudeste,"56000000681/2023",Seleção Normal,750000,0,750000,selecionada,,Novo PAC - Seleção,"452, de 2024",https://www.in.gov.br/web/dou/-/portaria-mcid-n-452-de-7-de-maio-de-2024-558553728
S-1752,Água Para Todos,Água para quem mais precisa,Abastecimento de Água - Rural,OGU,OGU,2024,SE,MALHADOR,Nordeste,"56000000825/2023",Seleção Normal,152261.59,0,152261.59,selecionada,,Novo PAC - Seleção,"452, de 2024",https://www.in.gov.br/web/dou/-/portaria-mcid-n-452-de-7-de-maio-de-2024-558553728
S-1753,Água Para Todos,Água para quem mais precisa,Abastecimento de Água - Rural,OGU,OGU,2024,SE,RIACHAO DO DANTAS,Nordeste,"56000000825/2023",Seleção Normal,152261.59,0,152261.59,selecionada,,Novo PAC - Seleção,"452, de 2024",https://www.in.gov.br/web/dou/-/portaria-mcid-n-452-de-7-de-maio-de-2024-558553728
S-1754,Água Para Todos,Água para quem mais precisa,Abastecimento de Água - Rural,OGU,OGU,2024,BA,SANTA MARIA DA VITORIA,Nordeste,"56000000994/2023",Seleção Normal,6554604.09,0,6554604.09,selecionada,,Novo PAC - Seleção,"452, de 2024",https://www.in.gov.br/web/dou/-/portaria-mcid-n-452-de-7-de-maio-de-2024-558553728
S-1755,Água Para Todos,Água para quem mais precisa,Abastecimento de Água - Rural,OGU,OGU,2024,RS,CRISTAL DO SUL,Sul,"56000001240/2023",Seleção Normal,299990.9,0,299990.9,selecionada,,Novo PAC - Seleção,"452, de 2024",https://www.in.gov.br/web/dou/-/portaria-mcid-n-452-de-7-de-maio-de-2024-558553728
S-1756,Água Para Todos,Água para quem mais precisa,Abastecimento de Água - Rural,OGU,OGU,2024,MG,SANTA CRUZ DE SALINAS,Sudeste,"56000001268/2023",Seleção Normal,900000,0,900000,selecionada,,Novo PAC - Seleção,"452, de 2024",https://www.in.gov.br/web/dou/-/portaria-mcid-n-452-de-7-de-maio-de-2024-558553728
S-1757,Água Para Todos,Água para quem mais precisa,Abastecimento de Água - Rural,OGU,OGU,2024,MG,MIRAVANIA,Sudeste,"56000001286/2023",Seleção Normal,450000,0,450000,selecionada,,Novo PAC - Seleção,"452, de 2024",https://www.in.gov.br/web/dou/-/portaria-mcid-n-452-de-7-de-maio-de-2024-558553728
S-1758,Água Para Todos,Água para quem mais precisa,Abastecimento de Água - Rural,OGU,OGU,2024,MG,JOSENOPOLIS,Sudeste,"56000001305/2023",Seleção Normal,450000,0,450000,selecionada,,Novo PAC - Seleção,"452, de 2024",https://www.in.gov.br/web/dou/-/portaria-mcid-n-452-de-7-de-maio-de-2024-558553728
S-1759,Água Para Todos,Água para quem mais precisa,Abastecimento de Água - Rural,OGU,OGU,2024,MG,AGUAS VERMELHAS,Sudeste,"56000001320/2023",Seleção Normal,600000,0,600000,selecionada,,Novo PAC - Seleção,"452, de 2024",https://www.in.gov.br/web/dou/-/portaria-mcid-n-452-de-7-de-maio-de-2024-558553728
S-1760,Cidades Sustentáveis e Resilientes,Mobilidade Urbana Sustentável,Médias e Grandes Cidades,OGU,OGU,2024,BA,SALVADOR,Nordeste,"56000004322/2023",Seleção Normal,752586194.68,0,752586194.68,selecionada,,Novo PAC - Seleção,"767, de 2024",https://www.in.gov.br/en/web/dou/-/portaria-mcid-n-767-de-26-de-julho-de-2024-574546651
S-1761,Cidades Sustentáveis e Resilientes,Resíduos Sólidos,Resíduos Sólidos,FIN,FGTS,2024,PR,"SANTO ANTONIO DO CAIUA, TERRA RICA, JARDIM OLINDA, PARANAPOEMA, SANTA INÊS, INAJA E SAO JOAO DO CAIUA",Sul,"56000003856/2023",Seleção Normal,0,3265331.88,3265331.88,selecionada,Setor Público,Novo PAC - Seleção,"1.119, de 2024",https://www.in.gov.br/en/web/dou/-/portaria-mcid-n-1.119-de-7-de-outubro-de-2024-596577847
S-1762,Cidades Sustentáveis e Resilientes,Resíduos Sólidos,Resíduos Sólidos,FIN,FGTS,2024,SP,PERUIBE,Sudeste,"56000006792/2023",Seleção Normal,0,35000000,35000000,selecionada,Setor Público,Novo PAC - Seleção,"1.119, de 2024",https://www.in.gov.br/en/web/dou/-/portaria-mcid-n-1.119-de-7-de-outubro-de-2024-596577847
S-1763,Cidades Sustentáveis e Resilientes,Prevenção a Desastres,Drenagem Urbana,FIN,FGTS,2024,SC,CONCORDIA,Sul,"56000000100/2023",Seleção Normal,0,7712672,7712672,selecionada,Setor Público,Novo PAC - Seleção,"765, de 2024",https://www.in.gov.br/en/web/dou/-/portaria-mcid-n-765-de-25-de-julho-de-2024-574546514
S-1764,Cidades Sustentáveis e Resilientes,Prevenção a Desastres,Drenagem Urbana,FIN,FGTS,2024,PA,ANANINDEUA,Norte,"56000000458/2023",Seleção Normal,0,68896497,68896497,selecionada,Setor Público,Novo PAC - Seleção,"765, de 2024",https://www.in.gov.br/en/web/dou/-/portaria-mcid-n-765-de-25-de-julho-de-2024-574546514
S-1765,Cidades Sustentáveis e Resilientes,Prevenção a Desastres,Drenagem Urbana,FIN,FGTS,2024,SC,IMBITUBA,Sul,"56000000650/2023",Seleção Normal,0,4087968,4087968,selecionada,Setor Público,Novo PAC - Seleção,"765, de 2024",https://www.in.gov.br/en/web/dou/-/portaria-mcid-n-765-de-25-de-julho-de-2024-574546514
S-1766,Cidades Sustentáveis e Resilientes,Prevenção a Desastres,Drenagem Urbana,FIN,FGTS,2024,SP,ITAPEVI,Sudeste,"56000000915/2023",Seleção Normal,0,167693331,167693331,selecionada,Setor Público,Novo PAC - Seleção,"765, de 2024",https://www.in.gov.br/en/web/dou/-/portaria-mcid-n-765-de-25-de-julho-de-2024-574546514
S-1767,Cidades Sustentáveis e Resilientes,Prevenção a Desastres,Drenagem Urbana,FIN,FGTS,2024,SP,SANTO ANDRE,Sudeste,"56000001399/2023",Seleção Normal,0,378946885,378946885,selecionada,Setor Público,Novo PAC - Seleção,"765, de 2024",https://www.in.gov.br/en/web/dou/-/portaria-mcid-n-765-de-25-de-julho-de-2024-574546514
S-1768,Cidades Sustentáveis e Resilientes,Prevenção a Desastres,Drenagem Urbana,FIN,FGTS,2024,ES,VITORIA,Sudeste,"56000001867/2023",Seleção Normal,0,236745521,236745521,selecionada,Setor Público,Novo PAC - Seleção,"765, de 2024",https://www.in.gov.br/en/web/dou/-/portaria-mcid-n-765-de-25-de-julho-de-2024-574546514
S-1769,Cidades Sustentáveis e Resilientes,Prevenção a Desastres,Drenagem Urbana,FIN,FGTS,2024,MG,BELO HORIZONTE,Sudeste,"56000002158/2023",Seleção Normal,0,293317817,293317817,selecionada,Setor Público,Novo PAC - Seleção,"765, de 2024",https://www.in.gov.br/en/web/dou/-/portaria-mcid-n-765-de-25-de-julho-de-2024-574546514
S-1770,Cidades Sustentáveis e Resilientes,Prevenção a Desastres,Drenagem Urbana,FIN,FGTS,2024,MS,TRES LAGOAS,Centro-Oeste,"56000002770/2023",Seleção Normal,0,25137265,25137265,selecionada,Setor Público,Novo PAC - Seleção,"765, de 2024",https://www.in.gov.br/en/web/dou/-/portaria-mcid-n-765-de-25-de-julho-de-2024-574546514
S-1771,Cidades Sustentáveis e Resilientes,Prevenção a Desastres,Drenagem Urbana,FIN,FGTS,2024,MS,PONTA PORA,Centro-Oeste,"56000003391/2023",Seleção Normal,0,25497539,25497539,selecionada,Setor Público,Novo PAC - Seleção,"765, de 2024",https://www.in.gov.br/en/web/dou/-/portaria-mcid-n-765-de-25-de-julho-de-2024-574546514
S-1772,Cidades Sustentáveis e Resilientes,Prevenção a Desastres,Drenagem Urbana,FIN,FGTS,2024,SP,JANDIRA,Sudeste,"56000003783/2023",Seleção Normal,0,22837561,22837561,selecionada,Setor Público,Novo PAC - Seleção,"765, de 2024",https://www.in.gov.br/en/web/dou/-/portaria-mcid-n-765-de-25-de-julho-de-2024-574546514
S-1773,Cidades Sustentáveis e Resilientes,Prevenção a Desastres,Drenagem Urbana,FIN,FGTS,2024,SC,ITAJAI,Sul,"56000004045/2023",Seleção Normal,0,114118563,114118563,selecionada,Setor Público,Novo PAC - Seleção,"765, de 2024",https://www.in.gov.br/en/web/dou/-/portaria-mcid-n-765-de-25-de-julho-de-2024-574546514
S-1774,Cidades Sustentáveis e Resilientes,Prevenção a Desastres,Drenagem Urbana,FIN,FGTS,2025,SC,BRUSQUE,Sul,"56000000328/2025",Seleção Normal,0,63907238.91,63907238.91,enquadrada,Setor Privado,Novo PAC - Seleção,"1.088, de 2025",https://www.in.gov.br/web/dou/-/portaria-mcid-n-1.088-de-19-de-setembro-de-2025-657754761
S-1775,Cidades Sustentáveis e Resilientes,Mobilidade Urbana Sustentável,Médias e Grandes Cidades,FIN,FGTS,2025,SP,SAO CARLOS,Sudeste,"56000002184/2025",Seleção Normal,0,19190000.59,19190000.59,enquadrada,Setor Privado,Novo PAC - Seleção,"981, de 2025",https://www.in.gov.br/en/web/dou/-/portaria-mcid-n-981-de-29-de-agosto-de-2025-652031181
S-1776,Cidades Sustentáveis e Resilientes,Prevenção a Desastres,Drenagem Urbana,FIN,FGTS,2025,SP,GUARULHOS,Sudeste,"56000000771/2025",Seleção Normal,0,66218000,66218000,enquadrada,Setor Privado,Novo PAC - Seleção,"1.088, de 2025",https://www.in.gov.br/web/dou/-/portaria-mcid-n-1.088-de-19-de-setembro-de-2025-657754761
S-1777,Água Para Todos,Água para quem mais precisa,Abastecimento de Água - Rural,OGU,OGU,2024,GO,IACIARA,Centro-Oeste,"56000002647/2023",Seleção Normal,527322.8,0,527322.8,selecionada,,Novo PAC - Seleção,"452, de 2024",https://www.in.gov.br/web/dou/-/portaria-mcid-n-452-de-7-de-maio-de-2024-558553728
S-1778,Cidades Sustentáveis e Resilientes,Prevenção a Desastres,Drenagem Urbana,FIN,FGTS,2025,SP,PIRACICABA,Sudeste,"56000001397/2025",Seleção Normal,0,29000000,29000000,enquadrada,Setor Privado,Novo PAC - Seleção,"1.088, de 2025",https://www.in.gov.br/web/dou/-/portaria-mcid-n-1.088-de-19-de-setembro-de-2025-657754761
S-1779,Cidades Sustentáveis e Resilientes,Prevenção a Desastres,Drenagem Urbana,FIN,FGTS,2025,SP,SAO JOSE DOS CAMPOS,Sudeste,"56000001067/2025",Seleção Normal,0,33072004.84,33072004.84,enquadrada,Setor Privado,Novo PAC - Seleção,"1.088, de 2025",https://www.in.gov.br/web/dou/-/portaria-mcid-n-1.088-de-19-de-setembro-de-2025-657754761
S-1780,Cidades Sustentáveis e Resilientes,Mobilidade Urbana Sustentável,Médias e Grandes Cidades,FIN,FGTS,2025,BA,SALVADOR,Nordeste,"56000008203/2025",Seleção Normal,0,574604779,574604779,enquadrada,Setor Privado,Novo PAC - Seleção,"981, de 2025",https://www.in.gov.br/en/web/dou/-/portaria-mcid-n-981-de-29-de-agosto-de-2025-652031181
S-1781,Cidades Sustentáveis e Resilientes,Mobilidade Urbana Sustentável,Médias e Grandes Cidades,FIN,FGTS,2025,MA,SAO LUIS,Nordeste,"56000002511/2025",Seleção Normal,0,269727424.52,269727424.52,enquadrada,Setor Privado,Novo PAC - Seleção,"981, de 2025",https://www.in.gov.br/en/web/dou/-/portaria-mcid-n-981-de-29-de-agosto-de-2025-652031181
S-1782,Cidades Sustentáveis e Resilientes,Mobilidade Urbana Sustentável,Médias e Grandes Cidades,FIN,FGTS,2025,PI,TERESINA,Nordeste,"56000002542/2025",Seleção Normal,0,50463468,50463468,enquadrada,Setor Privado,Novo PAC - Seleção,"981, de 2025",https://www.in.gov.br/en/web/dou/-/portaria-mcid-n-981-de-29-de-agosto-de-2025-652031181
S-1783,Cidades Sustentáveis e Resilientes,Mobilidade Urbana Sustentável,Médias e Grandes Cidades,FIN,FGTS,2025,MG,IPATINGA,Sudeste,"56000000968/2025",Seleção Normal,0,39928417.78,39928417.78,enquadrada,Setor Privado,Novo PAC - Seleção,"981, de 2025",https://www.in.gov.br/en/web/dou/-/portaria-mcid-n-981-de-29-de-agosto-de-2025-652031181
S-1784,Água Para Todos,Água para quem mais precisa,Abastecimento de Água - Rural,OGU,OGU,2024,RS,FONTOURA XAVIER,Sul,"56000001336/2023",Seleção Normal,299990.9,0,299990.9,selecionada,,Novo PAC - Seleção,"452, de 2024",https://www.in.gov.br/web/dou/-/portaria-mcid-n-452-de-7-de-maio-de-2024-558553728
S-1785,Água Para Todos,Água para quem mais precisa,Abastecimento de Água - Rural,OGU,OGU,2024,MG,SAO JOAO DA PONTE,Sudeste,"56000001357/2023",Seleção Normal,750000,0,750000,selecionada,,Novo PAC - Seleção,"452, de 2024",https://www.in.gov.br/web/dou/-/portaria-mcid-n-452-de-7-de-maio-de-2024-558553728
S-1786,Água Para Todos,Água para quem mais precisa,Abastecimento de Água - Rural,OGU,OGU,2024,MG,FRUTA DE LEITE,Sudeste,"56000001394/2023",Seleção Normal,300000,0,300000,selecionada,,Novo PAC - Seleção,"452, de 2024",https://www.in.gov.br/web/dou/-/portaria-mcid-n-452-de-7-de-maio-de-2024-558553728
S-1787,Água Para Todos,Água para quem mais precisa,Abastecimento de Água - Rural,OGU,OGU,2024,PE,JATAUBA,Nordeste,"56000001595/2023",Seleção Normal,4900000,0,4900000,selecionada,,Novo PAC - Seleção,"452, de 2024",https://www.in.gov.br/web/dou/-/portaria-mcid-n-452-de-7-de-maio-de-2024-558553728
S-1788,Água Para Todos,Água para quem mais precisa,Abastecimento de Água - Rural,OGU,OGU,2024,MG,CORONEL MURTA,Sudeste,"56000001513/2023",Seleção Normal,150000,0,150000,selecionada,,Novo PAC - Seleção,"452, de 2024",https://www.in.gov.br/web/dou/-/portaria-mcid-n-452-de-7-de-maio-de-2024-558553728
S-1789,Água Para Todos,Água para quem mais precisa,Abastecimento de Água - Rural,OGU,OGU,2024,BA,JUAZEIRO,Nordeste,"56000001545/2023",Seleção Normal,6145358.26,0,6145358.26,selecionada,,Novo PAC - Seleção,"452, de 2024",https://www.in.gov.br/web/dou/-/portaria-mcid-n-452-de-7-de-maio-de-2024-558553728
S-1790,Água Para Todos,Água para quem mais precisa,Abastecimento de Água - Rural,OGU,OGU,2024,PE,PETROLANDIA,Nordeste,"56000001580/2023",Seleção Normal,4900000,0,4900000,selecionada,,Novo PAC - Seleção,"452, de 2024",https://www.in.gov.br/web/dou/-/portaria-mcid-n-452-de-7-de-maio-de-2024-558553728
S-1791,Água Para Todos,Água para quem mais precisa,Abastecimento de Água - Rural,OGU,OGU,2024,PE,BETANIA,Nordeste,"56000001630/2023",Seleção Normal,4300000,0,4300000,selecionada,,Novo PAC - Seleção,"452, de 2024",https://www.in.gov.br/web/dou/-/portaria-mcid-n-452-de-7-de-maio-de-2024-558553728
S-1792,Água Para Todos,Água para quem mais precisa,Abastecimento de Água - Rural,OGU,OGU,2024,MG,IBIRACATU,Sudeste,"56000001675/2023",Seleção Normal,150000,0,150000,selecionada,,Novo PAC - Seleção,"452, de 2024",https://www.in.gov.br/web/dou/-/portaria-mcid-n-452-de-7-de-maio-de-2024-558553728
S-1793,Água Para Todos,Água para quem mais precisa,Abastecimento de Água - Rural,OGU,OGU,2024,RS,BARROS CASSAL,Sul,"56000001923/2023",Seleção Normal,299990.9,0,299990.9,selecionada,,Novo PAC - Seleção,"452, de 2024",https://www.in.gov.br/web/dou/-/portaria-mcid-n-452-de-7-de-maio-de-2024-558553728
S-1794,Água Para Todos,Água para quem mais precisa,Abastecimento de Água - Rural,OGU,OGU,2024,GO,BOM JESUS DE GOIAS,Centro-Oeste,"56000002638/2023",Seleção Normal,911883.5,0,911883.5,selecionada,,Novo PAC - Seleção,"452, de 2024",https://www.in.gov.br/web/dou/-/portaria-mcid-n-452-de-7-de-maio-de-2024-558553728
S-1795,Cidades Sustentáveis e Resilientes,Prevenção a Desastres,Drenagem Urbana,FIN,FGTS,2025,BA,ESTADO DA BAHIA,Nordeste,"56000001639/2025",Seleção Normal,0,125661420.28,125661420.28,enquadrada,Setor Privado,Novo PAC - Seleção,"1.088, de 2025",https://www.in.gov.br/web/dou/-/portaria-mcid-n-1.088-de-19-de-setembro-de-2025-657754761
S-1796,Água Para Todos,Água para quem mais precisa,Abastecimento de Água - Rural,OGU,OGU,2024,GO,ARAGUAPAZ,Centro-Oeste,"56000002678/2023",Seleção Normal,527322.8,0,527322.8,selecionada,,Novo PAC - Seleção,"452, de 2024",https://www.in.gov.br/web/dou/-/portaria-mcid-n-452-de-7-de-maio-de-2024-558553728
S-1797,Água Para Todos,Água para quem mais precisa,Abastecimento de Água - Rural,OGU,OGU,2024,GO,TURVELANDIA,Centro-Oeste,"56000002710/2023",Seleção Normal,527322.8,0,527322.8,selecionada,,Novo PAC - Seleção,"452, de 2024",https://www.in.gov.br/web/dou/-/portaria-mcid-n-452-de-7-de-maio-de-2024-558553728
S-1798,Água Para Todos,Água para quem mais precisa,Abastecimento de Água - Rural,OGU,OGU,2024,GO,BARRO ALTO,Centro-Oeste,"56000002723/2023",Seleção Normal,527322.8,0,527322.8,selecionada,,Novo PAC - Seleção,"452, de 2024",https://www.in.gov.br/web/dou/-/portaria-mcid-n-452-de-7-de-maio-de-2024-558553728
S-1799,Água Para Todos,Água para quem mais precisa,Abastecimento de Água - Rural,OGU,OGU,2024,PA,ORIXIMINA,Norte,"56000002746/2023",Seleção Normal,3880547.54,0,3880547.54,selecionada,,Novo PAC - Seleção,"452, de 2024",https://www.in.gov.br/web/dou/-/portaria-mcid-n-452-de-7-de-maio-de-2024-558553728
S-1800,Água Para Todos,Água para quem mais precisa,Abastecimento de Água - Rural,OGU,OGU,2024,MA,PRIMEIRA CRUZ,Nordeste,"56000002825/2023",Seleção Normal,1568658.88,0,1568658.88,selecionada,,Novo PAC - Seleção,"452, de 2024",https://www.in.gov.br/web/dou/-/portaria-mcid-n-452-de-7-de-maio-de-2024-558553728
S-1801,Água Para Todos,Água para quem mais precisa,Abastecimento de Água - Rural,OGU,OGU,2024,MA,SAO RAIMUNDO DO DOCA BEZERRA,Nordeste,"56000002842/2023",Seleção Normal,1719959.41,0,1719959.41,selecionada,,Novo PAC - Seleção,"452, de 2024",https://www.in.gov.br/web/dou/-/portaria-mcid-n-452-de-7-de-maio-de-2024-558553728
S-1802,Água Para Todos,Água para quem mais precisa,Abastecimento de Água - Rural,OGU,OGU,2024,MA,CENTRO NOVO DO MARANHAO,Nordeste,"56000002859/2023",Seleção Normal,2611570.55,0,2611570.55,selecionada,,Novo PAC - Seleção,"452, de 2024",https://www.in.gov.br/web/dou/-/portaria-mcid-n-452-de-7-de-maio-de-2024-558553728
S-1803,Água Para Todos,Água para quem mais precisa,Abastecimento de Água - Rural,OGU,OGU,2024,PA,CURRALINHO,Norte,"56000003018/2023",Seleção Normal,1267218.3,0,1267218.3,selecionada,,Novo PAC - Seleção,"452, de 2024",https://www.in.gov.br/web/dou/-/portaria-mcid-n-452-de-7-de-maio-de-2024-558553728
S-1804,Água Para Todos,Água para quem mais precisa,Abastecimento de Água - Rural,OGU,OGU,2024,PA,RUROPOLIS,Norte,"56000003227/2023",Seleção Normal,3168045.75,0,3168045.75,selecionada,,Novo PAC - Seleção,"452, de 2024",https://www.in.gov.br/web/dou/-/portaria-mcid-n-452-de-7-de-maio-de-2024-558553728
S-1805,Água Para Todos,Água para quem mais precisa,Abastecimento de Água - Rural,OGU,OGU,2024,TO,CARMOLANDIA,Norte,"56000003306/2023",Seleção Normal,742849.69,0,742849.69,selecionada,,Novo PAC - Seleção,"452, de 2024",https://www.in.gov.br/web/dou/-/portaria-mcid-n-452-de-7-de-maio-de-2024-558553728
S-1806,Água Para Todos,Água para quem mais precisa,Abastecimento de Água - Rural,OGU,OGU,2024,CE,ANTONINA DO NORTE,Nordeste,"56000003549/2023",Seleção Normal,336804.61,0,336804.61,selecionada,,Novo PAC - Seleção,"452, de 2024",https://www.in.gov.br/web/dou/-/portaria-mcid-n-452-de-7-de-maio-de-2024-558553728
S-1807,Água Para Todos,Água para quem mais precisa,Abastecimento de Água - Rural,OGU,OGU,2024,CE,TARRAFAS,Nordeste,"56000003549/2023",Seleção Normal,336804.61,0,336804.61,selecionada,,Novo PAC - Seleção,"452, de 2024",https://www.in.gov.br/web/dou/-/portaria-mcid-n-452-de-7-de-maio-de-2024-558553728
S-1808,Água Para Todos,Água para quem mais precisa,Abastecimento de Água - Rural,OGU,OGU,2024,TO,MIRACEMA DO TOCANTINS,Norte,"56000003762/2023",Seleção Normal,742849.69,0,742849.69,selecionada,,Novo PAC - Seleção,"452, de 2024",https://www.in.gov.br/web/dou/-/portaria-mcid-n-452-de-7-de-maio-de-2024-558553728
S-1809,Água Para Todos,Água para quem mais precisa,Abastecimento de Água - Rural,OGU,OGU,2024,TO,TUPIRATINS,Norte,"56000003916/2023",Seleção Normal,742849.69,0,742849.69,selecionada,,Novo PAC - Seleção,"452, de 2024",https://www.in.gov.br/web/dou/-/portaria-mcid-n-452-de-7-de-maio-de-2024-558553728
S-1810,Água Para Todos,Água para quem mais precisa,Abastecimento de Água - Rural,OGU,OGU,2024,PA,BREVES,Norte,"56000004140/2023",Seleção Normal,3880547.54,0,3880547.54,selecionada,,Novo PAC - Seleção,"452, de 2024",https://www.in.gov.br/web/dou/-/portaria-mcid-n-452-de-7-de-maio-de-2024-558553728
S-1811,Cidades Sustentáveis e Resilientes,Prevenção a Desastres,Drenagem Urbana,FIN,FGTS,2024,SC,BOTUVERA,Sul,"56000005545/2023",Seleção Normal,0,155203083,155203083,selecionada,Setor Público,Novo PAC - Seleção,"765, de 2024",https://www.in.gov.br/en/web/dou/-/portaria-mcid-n-765-de-25-de-julho-de-2024-574546514
S-1812,Cidades Sustentáveis e Resilientes,Prevenção a Desastres,Drenagem Urbana,FIN,FGTS,2024,RJ,MARICA,Sudeste,"56000006707/2023",Seleção Normal,0,67000000,67000000,selecionada,Setor Público,Novo PAC - Seleção,"765, de 2024",https://www.in.gov.br/en/web/dou/-/portaria-mcid-n-765-de-25-de-julho-de-2024-574546514
S-1813,Cidades Sustentáveis e Resilientes,Prevenção a Desastres,Contenção de Encostas,FIN,FGTS,2024,PE,RECIFE,Nordeste,"56000001074/2023",Seleção Normal,0,7340080.4,7340080.4,selecionada,Setor Público,Novo PAC - Seleção,"451, de 2024",https://www.in.gov.br/web/dou/-/portaria-mcid-n-451-de-7-de-maio-de-2024-558538861
S-1814,Cidades Sustentáveis e Resilientes,Prevenção a Desastres,Contenção de Encostas,FIN,FGTS,2024,PE,CAMARAGIBE,Nordeste,"56000006273/2023",Seleção Normal,0,5518000,5518000,selecionada,Setor Público,Novo PAC - Seleção,"451, de 2024",https://www.in.gov.br/web/dou/-/portaria-mcid-n-451-de-7-de-maio-de-2024-558538861
S-1815,Cidades Sustentáveis e Resilientes,Mobilidade Urbana Sustentável,Renovação de Frota,FIN,FGTS,2025,MA,SAO LUIS,Nordeste,carta consulta 125/2025,Seleção Normal,0,22467500,22467500,selecionada,Setor Privado,Novo PAC - Seleção,"1.014, de 2025",https://www.in.gov.br/web/dou/-/portaria-mcid-n-1.014-de-4-de-setembro-de-2025-653259516
S-1816,Água Para Todos,Água para quem mais precisa,Abastecimento de Água - Rural,OGU,OGU,2024,PA,MELGACO,Norte,"56000004307/2023",Seleção Normal,3260484.34,0,3260484.34,selecionada,,Novo PAC - Seleção,"452, de 2024",https://www.in.gov.br/web/dou/-/portaria-mcid-n-452-de-7-de-maio-de-2024-558553728
S-1817,Água Para Todos,Água para quem mais precisa,Abastecimento de Água - Rural,OGU,OGU,2024,AL,JACARE DOS HOMENS,Nordeste,"56000004580/2023",Seleção Normal,673692.41,0,673692.41,selecionada,,Novo PAC - Seleção,"452, de 2024",https://www.in.gov.br/web/dou/-/portaria-mcid-n-452-de-7-de-maio-de-2024-558553728
S-1818,Água Para Todos,Água para quem mais precisa,Abastecimento de Água - Rural,OGU,OGU,2024,PA,BELEM,Norte,"56000005151/2023",Seleção Normal,3600000,0,3600000,selecionada,,Novo PAC - Seleção,"452, de 2024",https://www.in.gov.br/web/dou/-/portaria-mcid-n-452-de-7-de-maio-de-2024-558553728
S-1819,Água Para Todos,Água para quem mais precisa,Abastecimento de Água - Rural,OGU,OGU,2024,PA,PORTEL,Norte,"56000005434/2023",Seleção Normal,600000,0,600000,selecionada,,Novo PAC - Seleção,"452, de 2024",https://www.in.gov.br/web/dou/-/portaria-mcid-n-452-de-7-de-maio-de-2024-558553728
S-1820,Água Para Todos,Água para quem mais precisa,Abastecimento de Água - Rural,OGU,OGU,2024,PI,SOCORRO DO PIAUI,Nordeste,"56000005925/2023",Seleção Normal,640124.15,0,640124.15,selecionada,,Novo PAC - Seleção,"452, de 2024",https://www.in.gov.br/web/dou/-/portaria-mcid-n-452-de-7-de-maio-de-2024-558553728
S-1821,Água Para Todos,Água para quem mais precisa,Abastecimento de Água - Rural,OGU,OGU,2024,PI,ANISIO DE ABREU,Nordeste,"56000006206/2023",Seleção Normal,924982.59,0,924982.59,selecionada,,Novo PAC - Seleção,"452, de 2024",https://www.in.gov.br/web/dou/-/portaria-mcid-n-452-de-7-de-maio-de-2024-558553728
S-1822,Água Para Todos,Água para quem mais precisa,Abastecimento de Água - Rural,OGU,OGU,2024,PA,MOCAJUBA,Norte,"56000006789/2023",Seleção Normal,3382308.16,0,3382308.16,selecionada,,Novo PAC - Seleção,"452, de 2024",https://www.in.gov.br/web/dou/-/portaria-mcid-n-452-de-7-de-maio-de-2024-558553728
S-1823,Água Para Todos,Água para quem mais precisa,Abastecimento de Água - Rural,OGU,OGU,2024,PI,RIO GRANDE DO PIAUI,Nordeste,"56000006290/2023",Seleção Normal,677636.42,0,677636.42,selecionada,,Novo PAC - Seleção,"452, de 2024",https://www.in.gov.br/web/dou/-/portaria-mcid-n-452-de-7-de-maio-de-2024-558553728
S-1824,Cidades Sustentáveis e Resilientes,Mobilidade Urbana Sustentável,Médias e Grandes Cidades,OGU,OGU,2024,PE,RECIFE,Nordeste,"56000000430/2023",Seleção Normal,2878972.34,0,2878972.34,selecionada,,Novo PAC - Seleção,"767, de 2024",https://www.in.gov.br/en/web/dou/-/portaria-mcid-n-767-de-26-de-julho-de-2024-574546651
S-1825,Cidades Sustentáveis e Resilientes,Esgotamento Sanitário,Esgotamento Sanitário,FIN,FGTS,2024,GO,CACHOEIRA ALTA,Centro-Oeste,"56000002465/2023",Seleção Normal,0,12561579.84,12561579.84,selecionada,Setor Público,Novo PAC - Seleção,"769, de 2024",https://www.in.gov.br/en/web/dou/-/portaria-mcid-n-769-de-26-de-julho-de-2024-574546917
S-1826,Cidades Sustentáveis e Resilientes,Mobilidade Urbana Sustentável,Médias e Grandes Cidades,FIN,FGTS,2024,SP,SOROCABA,Sudeste,"56000002390/2023",Seleção Normal,0,25000000,25000000,selecionada,Setor Público,Novo PAC - Seleção,"767, de 2024",https://www.in.gov.br/en/web/dou/-/portaria-mcid-n-767-de-26-de-julho-de-2024-574546651
S-1827,Cidades Sustentáveis e Resilientes,Mobilidade Urbana Sustentável,Médias e Grandes Cidades,FIN,FGTS,2024,PR,CASCAVEL,Sul,"56000005231/2023",Seleção Normal,0,12149619.24,12149619.24,selecionada,Setor Público,Novo PAC - Seleção,"767, de 2024",https://www.in.gov.br/en/web/dou/-/portaria-mcid-n-767-de-26-de-julho-de-2024-574546651
S-1828,Cidades Sustentáveis e Resilientes,Mobilidade Urbana Sustentável,Renovação de Frota,FIN,FGTS,2025,MG,CONTAGEM E BELO HORIZONTE,Sudeste,carta consulta 129/2025,Seleção Normal,0,28500000,28500000,selecionada,Setor Privado,Novo PAC - Seleção,"1.050, de 2025",https://www.in.gov.br/web/dou/-/portaria-mcid-n-1.050-de-12-de-setembro-de-2025-656572460
S-1829,Cidades Sustentáveis e Resilientes,Mobilidade Urbana Sustentável,Médias e Grandes Cidades,OGU,OGU,2024,PR,CURITIBA,Sul,"56000004987/2023",Seleção Normal,3000000,0,3000000,selecionada,,Novo PAC - Seleção,"767, de 2024",https://www.in.gov.br/en/web/dou/-/portaria-mcid-n-767-de-26-de-julho-de-2024-574546651
S-1830,Cidades Sustentáveis e Resilientes,Mobilidade Urbana Sustentável,Médias e Grandes Cidades,OGU,OGU,2024,AL,MACEIO,Nordeste,"56000005505/2023",Seleção Normal,600000,0,600000,selecionada,,Novo PAC - Seleção,"767, de 2024",https://www.in.gov.br/en/web/dou/-/portaria-mcid-n-767-de-26-de-julho-de-2024-574546651
S-1831,Cidades Sustentáveis e Resilientes,Mobilidade Urbana Sustentável,Médias e Grandes Cidades,OGU,OGU,2024,AM,MANAUS,Norte,"56000005594/2023",Seleção Normal,12600000,0,12600000,selecionada,,Novo PAC - Seleção,"767, de 2024",https://www.in.gov.br/en/web/dou/-/portaria-mcid-n-767-de-26-de-julho-de-2024-574546651
S-1832,Cidades Sustentáveis e Resilientes,Mobilidade Urbana Sustentável,Médias e Grandes Cidades,OGU,OGU,2024,AM,MANAUS,Norte,"56000006072/2023",Seleção Normal,1200000,0,1200000,selecionada,,Novo PAC - Seleção,"767, de 2024",https://www.in.gov.br/en/web/dou/-/portaria-mcid-n-767-de-26-de-julho-de-2024-574546651
S-1833,Cidades Sustentáveis e Resilientes,Mobilidade Urbana Sustentável,Médias e Grandes Cidades,OGU,OGU,2024,PB,CAMPINA GRANDE,Nordeste,"56000006521/2023",Seleção Normal,7230000,0,7230000,selecionada,,Novo PAC - Seleção,"767, de 2024",https://www.in.gov.br/en/web/dou/-/portaria-mcid-n-767-de-26-de-julho-de-2024-574546651
S-1834,Cidades Sustentáveis e Resilientes,Prevenção a Desastres,Drenagem Urbana,OGU,OGU,2024,RS,CAXIAS DO SUL,Sul,"56000001666/2023",Calamidade RS,57687461,0,57687461,selecionada,,Novo PAC - Seleção,"776, de 2024",https://www.in.gov.br/web/dou/-/portaria-mcid-n-776-de-30-de-julho-de-2024-575055636
S-1835,Cidades Sustentáveis e Resilientes,Prevenção a Desastres,Drenagem Urbana,OGU,OGU,2024,RS,IGREJINHA,Sul,"56000002292/2023",Calamidade RS,194281,0,194281,selecionada,,Novo PAC - Seleção,"776, de 2024",https://www.in.gov.br/web/dou/-/portaria-mcid-n-776-de-30-de-julho-de-2024-575055636
S-1836,Cidades Sustentáveis e Resilientes,Prevenção a Desastres,Drenagem Urbana,OGU,OGU,2024,RS,URUGUAIANA,Sul,"56000004637/2023",Calamidade RS,1267649,0,1267649,selecionada,,Novo PAC - Seleção,"776, de 2024",https://www.in.gov.br/web/dou/-/portaria-mcid-n-776-de-30-de-julho-de-2024-575055636
S-1837,Cidades Sustentáveis e Resilientes,Mobilidade Urbana Sustentável,Médias e Grandes Cidades,FIN,FGTS,2024,SP,SAO PAULO,Sudeste,"56000006834/2023",Seleção Normal,0,1736500000,1736500000,selecionada,Setor Público,Novo PAC - Seleção,"767, de 2024",https://www.in.gov.br/en/web/dou/-/portaria-mcid-n-767-de-26-de-julho-de-2024-574546651
S-1838,Cidades Sustentáveis e Resilientes,Prevenção a Desastres,Contenção de Encostas,FIN,FGTS,2024,MG,OURO PRETO,Sudeste,"56000001920/2023",Seleção Normal,0,3690653.02,3690653.02,selecionada,Setor Público,Novo PAC - Seleção,"451, de 2024",https://www.in.gov.br/web/dou/-/portaria-mcid-n-451-de-7-de-maio-de-2024-558538861
S-1839,Cidades Sustentáveis e Resilientes,Prevenção a Desastres,Contenção de Encostas,FIN,FGTS,2024,MG,ALEM PARAIBA,Sudeste,"56000001973/2023",Seleção Normal,0,47799537.49,47799537.49,selecionada,Setor Público,Novo PAC - Seleção,"451, de 2024",https://www.in.gov.br/web/dou/-/portaria-mcid-n-451-de-7-de-maio-de-2024-558538861
S-1840,Cidades Sustentáveis e Resilientes,Periferia Viva,Urbanização de Favelas,FIN,FGTS,2024,MG,BELO HORIZONTE,Sudeste,"56000001989/2023",Seleção Normal,0,116000000,116000000,selecionada,Setor Público,Novo PAC - Seleção,"449, de 2024",https://www.in.gov.br/web/dou/-/portaria-mcid-n-449-de-7-de-maio-de-2024-558553094
S-1841,Cidades Sustentáveis e Resilientes,Mobilidade Urbana Sustentável,Médias e Grandes Cidades,OGU/FIN,OGU/FIN,2024,RJ,NITEROI,Sudeste,"56000002080/2023",Seleção Normal,273229462,182152974.66,455382436.66,selecionada,Setor Público,Novo PAC - Seleção,"767, de 2024",https://www.in.gov.br/en/web/dou/-/portaria-mcid-n-767-de-26-de-julho-de-2024-574546651
S-1842,Água Para Todos,Água para quem mais precisa,Abastecimento de Água - Rural,OGU,OGU,2024,SE,INDIAROBA,Nordeste,"56000000825/2023",Seleção Normal,456784.77,0,456784.77,selecionada,,Novo PAC - Seleção,"452, de 2024",https://www.in.gov.br/web/dou/-/portaria-mcid-n-452-de-7-de-maio-de-2024-558553728
S-1843,Água Para Todos,Água para quem mais precisa,Abastecimento de Água - Rural,OGU,OGU,2024,CE,ITAICABA,Nordeste,"56000000481/2023",Seleção Normal,547196.26,0,547196.26,selecionada,,Novo PAC - Seleção,"452, de 2024",https://www.in.gov.br/web/dou/-/portaria-mcid-n-452-de-7-de-maio-de-2024-558553728
S-1844,Água Para Todos,Água para quem mais precisa,Abastecimento de Água - Rural,OGU,OGU,2024,CE,IPAUMIRIM,Nordeste,"56000000481/2023",Seleção Normal,1134425.03,0,1134425.03,selecionada,,Novo PAC - Seleção,"452, de 2024",https://www.in.gov.br/web/dou/-/portaria-mcid-n-452-de-7-de-maio-de-2024-558553728
S-1845,Água Para Todos,Água para quem mais precisa,Abastecimento de Água - Rural,OGU,OGU,2024,CE,CANINDE,Nordeste,"56000000481/2023",Seleção Normal,2902654.41,0,2902654.41,selecionada,,Novo PAC - Seleção,"452, de 2024",https://www.in.gov.br/web/dou/-/portaria-mcid-n-452-de-7-de-maio-de-2024-558553728
S-1846,Água Para Todos,Água para quem mais precisa,Abastecimento de Água - Rural,OGU,OGU,2024,CE,ITATIRA,Nordeste,"56000000481/2023",Seleção Normal,5753353.34,0,5753353.34,selecionada,,Novo PAC - Seleção,"452, de 2024",https://www.in.gov.br/web/dou/-/portaria-mcid-n-452-de-7-de-maio-de-2024-558553728
S-1847,Água Para Todos,Água para quem mais precisa,Abastecimento de Água - Rural,OGU,OGU,2024,SE,RIACHUELO,Nordeste,"56000000825/2023",Seleção Normal,304523.2,0,304523.2,selecionada,,Novo PAC - Seleção,"452, de 2024",https://www.in.gov.br/web/dou/-/portaria-mcid-n-452-de-7-de-maio-de-2024-558553728
S-1848,Água Para Todos,Água para quem mais precisa,Abastecimento de Água - Rural,OGU,OGU,2024,SE,ARAUA,Nordeste,"56000000825/2023",Seleção Normal,456784.77,0,456784.77,selecionada,,Novo PAC - Seleção,"452, de 2024",https://www.in.gov.br/web/dou/-/portaria-mcid-n-452-de-7-de-maio-de-2024-558553728
S-1849,Água Para Todos,Água para quem mais precisa,Abastecimento de Água - Rural,OGU,OGU,2024,SE,SANTA ROSA DE LIMA,Nordeste,"56000000825/2023",Seleção Normal,456784.77,0,456784.77,selecionada,,Novo PAC - Seleção,"452, de 2024",https://www.in.gov.br/web/dou/-/portaria-mcid-n-452-de-7-de-maio-de-2024-558553728
S-1850,Água Para Todos,Água para quem mais precisa,Abastecimento de Água - Rural,OGU,OGU,2024,SE,ITAPORANGA DE AJUDA,Nordeste,"56000000825/2023",Seleção Normal,556784.77,0,556784.77,selecionada,,Novo PAC - Seleção,"452, de 2024",https://www.in.gov.br/web/dou/-/portaria-mcid-n-452-de-7-de-maio-de-2024-558553728
S-1851,Cidades Sustentáveis e Resilientes,Prevenção a Desastres,Drenagem Urbana,OGU,OGU,2024,RS,SANTA CRUZ DO SUL,Sul,"56000005334/2023",Calamidade RS,8000000,0,8000000,selecionada,,Novo PAC - Seleção,"776, de 2024",https://www.in.gov.br/web/dou/-/portaria-mcid-n-776-de-30-de-julho-de-2024-575055636
S-1852,Água Para Todos,Água para quem mais precisa,Abastecimento de Água - Rural,OGU,OGU,2024,CE,ALTO SALTO,Nordeste,"56000003549/2023",Seleção Normal,673609.22,0,673609.22,selecionada,,Novo PAC - Seleção,"452, de 2024",https://www.in.gov.br/web/dou/-/portaria-mcid-n-452-de-7-de-maio-de-2024-558553728
S-1853,Água Para Todos,Água para quem mais precisa,Abastecimento de Água - Rural,OGU,OGU,2024,CE,QUITERIANOPOLIS,Nordeste,"56000003549/2023",Seleção Normal,673609.22,0,673609.22,selecionada,,Novo PAC - Seleção,"452, de 2024",https://www.in.gov.br/web/dou/-/portaria-mcid-n-452-de-7-de-maio-de-2024-558553728
S-1854,Água Para Todos,Água para quem mais precisa,Abastecimento de Água - Rural,OGU,OGU,2024,CE,INDEPENDENCIA,Nordeste,"56000003549/2023",Seleção Normal,1347218.44,0,1347218.44,selecionada,,Novo PAC - Seleção,"452, de 2024",https://www.in.gov.br/web/dou/-/portaria-mcid-n-452-de-7-de-maio-de-2024-558553728
S-1855,Água Para Todos,Água para quem mais precisa,Abastecimento de Água - Rural,OGU,OGU,2024,AL,BATALHA,Nordeste,"56000004580/2023",Seleção Normal,5391699.27,0,5391699.27,selecionada,,Novo PAC - Seleção,"452, de 2024",https://www.in.gov.br/web/dou/-/portaria-mcid-n-452-de-7-de-maio-de-2024-558553728
S-1856,Água Para Todos,Água para quem mais precisa,Abastecimento de Água - Rural,OGU,OGU,2024,AM,TABATINGA,Norte,"56000006211/2023",Seleção Normal,994064.2,0,994064.2,selecionada,,Novo PAC - Seleção,"452, de 2024",https://www.in.gov.br/web/dou/-/portaria-mcid-n-452-de-7-de-maio-de-2024-558553728
S-1857,Água Para Todos,Água para quem mais precisa,Abastecimento de Água - Rural,OGU,OGU,2025,CE,CAMPOS SALES,Nordeste,"56000007940/2025",Seleção Normal,4385683.64,0,4385683.64,selecionada,,Novo PAC - Seleção,"1.420, de 2025",https://www.in.gov.br/web/dou/-/portaria-mcid-n-1.420-de-9-de-dezembro-de-2025-674507215
S-1858,Água Para Todos,Água para quem mais precisa,Abastecimento de Água - Rural,OGU,OGU,2024,AM,TAPAUA,Norte,"56000006211/2023",Seleção Normal,397625.68,0,397625.68,selecionada,,Novo PAC - Seleção,"452, de 2024",https://www.in.gov.br/web/dou/-/portaria-mcid-n-452-de-7-de-maio-de-2024-558553728
S-1859,Cidades Sustentáveis e Resilientes,Esgotamento Sanitário,Esgotamento Sanitário,FIN,FGTS,2024,GO,NOVO GAMA,Centro-Oeste,"56000001537/2023",Seleção Normal,0,76891648.66,76891648.66,selecionada,Setor Público,Novo PAC - Seleção,"769, de 2024",https://www.in.gov.br/en/web/dou/-/portaria-mcid-n-769-de-26-de-julho-de-2024-574546917
S-1860,Água Para Todos,Água para quem mais precisa,Abastecimento de Água - Rural,OGU,OGU,2025,PA,SOURE,Norte,"56000007867/2025",Seleção Normal,2647346.15,0,2647346.15,selecionada,,Novo PAC - Seleção,"1.420, de 2025",https://www.in.gov.br/web/dou/-/portaria-mcid-n-1.420-de-9-de-dezembro-de-2025-674507215
S-1861,Cidades Sustentáveis e Resilientes,Mobilidade Urbana Sustentável,Médias e Grandes Cidades,OGU,OGU,2024,ES,VITORIA,Sudeste,"56000002685/2023",Seleção Normal,30000000,0,30000000,selecionada,,Novo PAC - Seleção,"767, de 2024",https://www.in.gov.br/en/web/dou/-/portaria-mcid-n-767-de-26-de-julho-de-2024-574546651
S-1862,Água Para Todos,Água para quem mais precisa,Abastecimento de Água - Rural,OGU,OGU,2025,BA,JUAZEIRO,Nordeste,"56000007872/2025",Seleção Normal,13496629.41,0,13496629.41,selecionada,,Novo PAC - Seleção,"1.420, de 2025",https://www.in.gov.br/web/dou/-/portaria-mcid-n-1.420-de-9-de-dezembro-de-2025-674507215
S-1863,Água Para Todos,Água para quem mais precisa,Abastecimento de Água - Rural,OGU,OGU,2025,PA,ALTAMIRA,Norte,"56000007876/2025",Seleção Normal,5794682.6,0,5794682.6,selecionada,,Novo PAC - Seleção,"1.420, de 2025",https://www.in.gov.br/web/dou/-/portaria-mcid-n-1.420-de-9-de-dezembro-de-2025-674507215
S-1864,Água Para Todos,Água para quem mais precisa,Abastecimento de Água - Rural,OGU,OGU,2025,PA,MONTE ALEGRE,Norte,"56000007881/2025",Seleção Normal,2818012.25,0,2818012.25,selecionada,,Novo PAC - Seleção,"1.420, de 2025",https://www.in.gov.br/web/dou/-/portaria-mcid-n-1.420-de-9-de-dezembro-de-2025-674507215
S-1865,Água Para Todos,Água para quem mais precisa,Abastecimento de Água - Rural,OGU,OGU,2025,PA,PRAINHA,Norte,"56000007885/2025",Seleção Normal,2647346.15,0,2647346.15,selecionada,,Novo PAC - Seleção,"1.420, de 2025",https://www.in.gov.br/web/dou/-/portaria-mcid-n-1.420-de-9-de-dezembro-de-2025-674507215
S-1866,Água Para Todos,Água para quem mais precisa,Abastecimento de Água - Rural,OGU,OGU,2025,BA,ANAGÉ,Nordeste,"56000007894/2025",Seleção Normal,3163484.74,0,3163484.74,selecionada,,Novo PAC - Seleção,"1.420, de 2025",https://www.in.gov.br/web/dou/-/portaria-mcid-n-1.420-de-9-de-dezembro-de-2025-674507215
S-1867,Água Para Todos,Água para quem mais precisa,Abastecimento de Água - Rural,OGU,OGU,2025,PI,BELÉM DO PIAUÍ,Nordeste,"56000007898/2025",Seleção Normal,4880521.26,0,4880521.26,selecionada,,Novo PAC - Seleção,"1.420, de 2025",https://www.in.gov.br/web/dou/-/portaria-mcid-n-1.420-de-9-de-dezembro-de-2025-674507215
S-1868,Água Para Todos,Água para quem mais precisa,Abastecimento de Água - Rural,OGU,OGU,2025,PI,SIMÕES,Nordeste,"56000007904/2025",Seleção Normal,2332997.43,0,2332997.43,selecionada,,Novo PAC - Seleção,"1.420, de 2025",https://www.in.gov.br/web/dou/-/portaria-mcid-n-1.420-de-9-de-dezembro-de-2025-674507215
S-1869,Água Para Todos,Água para quem mais precisa,Abastecimento de Água - Rural,OGU,OGU,2025,BA,CHORROCHÓ,Nordeste,"56000007911/2025",Seleção Normal,15454593.23,0,15454593.23,selecionada,,Novo PAC - Seleção,"1.420, de 2025",https://www.in.gov.br/web/dou/-/portaria-mcid-n-1.420-de-9-de-dezembro-de-2025-674507215
S-1870,Água Para Todos,Água para quem mais precisa,Abastecimento de Água - Rural,OGU,OGU,2025,CE,JAGUARETAMA,Nordeste,"56000007943/2025",Seleção Normal,4887352.48,0,4887352.48,selecionada,,Novo PAC - Seleção,"1.420, de 2025",https://www.in.gov.br/web/dou/-/portaria-mcid-n-1.420-de-9-de-dezembro-de-2025-674507215
S-1871,Água Para Todos,Água para quem mais precisa,Abastecimento de Água - Rural,OGU,OGU,2025,CE,PARAMOTI,Nordeste,"56000007927/2025",Seleção Normal,2586931.26,0,2586931.26,selecionada,,Novo PAC - Seleção,"1.420, de 2025",https://www.in.gov.br/web/dou/-/portaria-mcid-n-1.420-de-9-de-dezembro-de-2025-674507215
S-1872,Água Para Todos,Água para quem mais precisa,Abastecimento de Água - Rural,OGU,OGU,2025,CE,ITAPIPOCA,Nordeste,"56000007931/2025",Seleção Normal,7295255.16,0,7295255.16,selecionada,,Novo PAC - Seleção,"1.420, de 2025",https://www.in.gov.br/web/dou/-/portaria-mcid-n-1.420-de-9-de-dezembro-de-2025-674507215
S-1873,Água Para Todos,Água para quem mais precisa,Abastecimento de Água - Rural,OGU,OGU,2025,CE,QUIXERAMOBIM,Nordeste,"56000007935/2025",Seleção Normal,5526153.12,0,5526153.12,selecionada,,Novo PAC - Seleção,"1.420, de 2025",https://www.in.gov.br/web/dou/-/portaria-mcid-n-1.420-de-9-de-dezembro-de-2025-674507215
S-1874,Água Para Todos,Água para quem mais precisa,Abastecimento de Água - Rural,OGU,OGU,2025,CE,SABOEIRO,Nordeste,"56000007947/2025",Seleção Normal,3147774.83,0,3147774.83,selecionada,,Novo PAC - Seleção,"1.420, de 2025",https://www.in.gov.br/web/dou/-/portaria-mcid-n-1.420-de-9-de-dezembro-de-2025-674507215
S-1875,Água Para Todos,Água para quem mais precisa,Abastecimento de Água - Rural,OGU,OGU,2025,CE,ARNEIROZ,Nordeste,"56000007951/2025",Seleção Normal,5893825.04,0,5893825.04,selecionada,,Novo PAC - Seleção,"1.420, de 2025",https://www.in.gov.br/web/dou/-/portaria-mcid-n-1.420-de-9-de-dezembro-de-2025-674507215
S-1876,Água Para Todos,Água para quem mais precisa,Abastecimento de Água - Rural,OGU,OGU,2025,CE,CAUCAIA,Nordeste,"56000007955/2025",Seleção Normal,4845871.73,0,4845871.73,selecionada,,Novo PAC - Seleção,"1.420, de 2025",https://www.in.gov.br/web/dou/-/portaria-mcid-n-1.420-de-9-de-dezembro-de-2025-674507215
S-1877,Água Para Todos,Água para quem mais precisa,Abastecimento de Água - Rural,OGU,OGU,2025,CE,MILHÃ,Nordeste,"56000007959/2025",Seleção Normal,11605822.4,0,11605822.4,selecionada,,Novo PAC - Seleção,"1.420, de 2025",https://www.in.gov.br/web/dou/-/portaria-mcid-n-1.420-de-9-de-dezembro-de-2025-674507215
S-1878,Água Para Todos,Água para quem mais precisa,Abastecimento de Água - Rural,OGU,OGU,2025,AM,BENJAMIN CONSTANT,Norte,"56000007970/2025",Seleção Normal,252248.25,0,252248.25,selecionada,,Novo PAC - Seleção,"1.420, de 2025",https://www.in.gov.br/web/dou/-/portaria-mcid-n-1.420-de-9-de-dezembro-de-2025-674507215
S-1879,Água Para Todos,Água para quem mais precisa,Abastecimento de Água - Rural,OGU,OGU,2025,AM,CAAPIRANGA,Norte,"56000007975/2025",Seleção Normal,1008993,0,1008993,selecionada,,Novo PAC - Seleção,"1.420, de 2025",https://www.in.gov.br/web/dou/-/portaria-mcid-n-1.420-de-9-de-dezembro-de-2025-674507215
S-1880,Água Para Todos,Água para quem mais precisa,Abastecimento de Água - Rural,OGU,OGU,2025,AM,ENVIRA,Norte,"56000007983/2025",Seleção Normal,1008993,0,1008993,selecionada,,Novo PAC - Seleção,"1.420, de 2025",https://www.in.gov.br/web/dou/-/portaria-mcid-n-1.420-de-9-de-dezembro-de-2025-674507215
S-1881,Água Para Todos,Água para quem mais precisa,Abastecimento de Água - Rural,OGU,OGU,2025,AM,IRANDUBA,Norte,"56000007988/2025",Seleção Normal,1008993,0,1008993,selecionada,,Novo PAC - Seleção,"1.420, de 2025",https://www.in.gov.br/web/dou/-/portaria-mcid-n-1.420-de-9-de-dezembro-de-2025-674507215
S-1882,Água Para Todos,Água para quem mais precisa,Abastecimento de Água - Rural,OGU,OGU,2025,PI,ACAUÃ,Nordeste,"56000007998/2025",Seleção Normal,5066159.82,0,5066159.82,selecionada,,Novo PAC - Seleção,"1.420, de 2025",https://www.in.gov.br/web/dou/-/portaria-mcid-n-1.420-de-9-de-dezembro-de-2025-674507215
S-1883,Água Para Todos,Água para quem mais precisa,Abastecimento de Água - Rural,OGU,OGU,2025,AM,NHAMUNDÁ,Norte,"56000008029/2025",Seleção Normal,1008993,0,1008993,selecionada,,Novo PAC - Seleção,"1.420, de 2025",https://www.in.gov.br/web/dou/-/portaria-mcid-n-1.420-de-9-de-dezembro-de-2025-674507215
S-1884,Água Para Todos,Água para quem mais precisa,Abastecimento de Água - Rural,OGU,OGU,2025,AM,SANTO ANTÔNIO DO IÇÁ,Norte,"56000008041/2025",Seleção Normal,1008993,0,1008993,selecionada,,Novo PAC - Seleção,"1.420, de 2025",https://www.in.gov.br/web/dou/-/portaria-mcid-n-1.420-de-9-de-dezembro-de-2025-674507215
S-1885,Água Para Todos,Água para quem mais precisa,Abastecimento de Água - Rural,OGU,OGU,2025,PE,ARCOVERDE,Nordeste,"56000008048/2025",Seleção Normal,3865917.26,0,3865917.26,selecionada,,Novo PAC - Seleção,"1.420, de 2025",https://www.in.gov.br/web/dou/-/portaria-mcid-n-1.420-de-9-de-dezembro-de-2025-674507215
S-1886,Água Para Todos,Água para quem mais precisa,Abastecimento de Água - Rural,OGU,OGU,2025,PE,RIACHO DAS ALMAS,Nordeste,"56000008062/2025",Seleção Normal,3201452.4,0,3201452.4,selecionada,,Novo PAC - Seleção,"1.420, de 2025",https://www.in.gov.br/web/dou/-/portaria-mcid-n-1.420-de-9-de-dezembro-de-2025-674507215
S-1887,Água Para Todos,Água para quem mais precisa,Abastecimento de Água - Rural,OGU,OGU,2025,PI,VÁRZEA BRANCA,Nordeste,"56000008067/2025",Seleção Normal,5264782.11,0,5264782.11,selecionada,,Novo PAC - Seleção,"1.420, de 2025",https://www.in.gov.br/web/dou/-/portaria-mcid-n-1.420-de-9-de-dezembro-de-2025-674507215
S-1888,Água Para Todos,Água para quem mais precisa,Abastecimento de Água - Rural,OGU,OGU,2025,PA,PORTO DE MOZ,Norte,"56000008074/2025",Seleção Normal,2650000,0,2650000,selecionada,,Novo PAC - Seleção,"1.420, de 2025",https://www.in.gov.br/web/dou/-/portaria-mcid-n-1.420-de-9-de-dezembro-de-2025-674507215
S-1889,Água Para Todos,Água para quem mais precisa,Abastecimento de Água - Rural,OGU,OGU,2025,BA,REMANSO,Nordeste,"56000008082/2025",Seleção Normal,4225164.63,0,4225164.63,selecionada,,Novo PAC - Seleção,"1.420, de 2025",https://www.in.gov.br/web/dou/-/portaria-mcid-n-1.420-de-9-de-dezembro-de-2025-674507215
S-1890,Água Para Todos,Água para quem mais precisa,Abastecimento de Água - Rural,OGU,OGU,2025,PA,BREU BRANCO,Norte,"56000008097/2025",Seleção Normal,2650000,0,2650000,selecionada,,Novo PAC - Seleção,"1.420, de 2025",https://www.in.gov.br/web/dou/-/portaria-mcid-n-1.420-de-9-de-dezembro-de-2025-674507215
S-1891,Água Para Todos,Água para quem mais precisa,Abastecimento de Água - Rural,OGU,OGU,2025,MG,PAVÃO,Sudeste,"56000008107/2025",Seleção Normal,1570360.1,0,1570360.1,selecionada,,Novo PAC - Seleção,"1.420, de 2025",https://www.in.gov.br/web/dou/-/portaria-mcid-n-1.420-de-9-de-dezembro-de-2025-674507215
S-1892,Água Para Todos,Água para quem mais precisa,Abastecimento de Água - Rural,OGU,OGU,2025,MG,CURRAL DE DENTRO,Sudeste,"56000008114/2025",Seleção Normal,5460439.51,0,5460439.51,selecionada,,Novo PAC - Seleção,"1.420, de 2025",https://www.in.gov.br/web/dou/-/portaria-mcid-n-1.420-de-9-de-dezembro-de-2025-674507215
S-1893,Água Para Todos,Água para quem mais precisa,Abastecimento de Água - Rural,OGU,OGU,2025,PE,CARUARU,Nordeste,"56000008128/2025",Seleção Normal,6517271.04,0,6517271.04,selecionada,,Novo PAC - Seleção,"1.420, de 2025",https://www.in.gov.br/web/dou/-/portaria-mcid-n-1.420-de-9-de-dezembro-de-2025-674507215
S-1894,Cidades Sustentáveis e Resilientes,Periferia Viva,Urbanização de Favelas,FIN,FGTS,2025,SP,CAIEIRAS,Sudeste,"56000001001/2025",Seleção Normal,0,60124805.58,60124805.58,enquadrada,Setor Privado,Novo PAC - Seleção,"825, de 2025",https://www.in.gov.br/web/dou/-/portaria-mcid-n-825-de-24-de-julho-de-2025-644423269
S-1895,Cidades Sustentáveis e Resilientes,Mobilidade Urbana Sustentável,Médias e Grandes Cidades,OGU,OGU,2024,SP,SANTO ANDRE,Sudeste,"56000000776/2023",Seleção Normal,37782000.02,0,37782000.02,selecionada,,Novo PAC - Seleção,"767, de 2024",https://www.in.gov.br/en/web/dou/-/portaria-mcid-n-767-de-26-de-julho-de-2024-574546651
S-1896,Cidades Sustentáveis e Resilientes,Mobilidade Urbana Sustentável,Médias e Grandes Cidades,OGU,OGU,2024,ES,VILA VELHA,Sudeste,"56000001386/2023",Seleção Normal,143244700.7,0,143244700.7,selecionada,,Novo PAC - Seleção,"767, de 2024",https://www.in.gov.br/en/web/dou/-/portaria-mcid-n-767-de-26-de-julho-de-2024-574546651
S-1897,Cidades Sustentáveis e Resilientes,Mobilidade Urbana Sustentável,Médias e Grandes Cidades,OGU,OGU,2024,PB,JOAO PESSOA,Nordeste,"56000001761/2023",Seleção Normal,1584333.9,0,1584333.9,selecionada,,Novo PAC - Seleção,"767, de 2024",https://www.in.gov.br/en/web/dou/-/portaria-mcid-n-767-de-26-de-julho-de-2024-574546651
S-1898,Cidades Sustentáveis e Resilientes,Mobilidade Urbana Sustentável,Médias e Grandes Cidades,OGU,OGU,2024,RR,BOA VISTA,Norte,"56000002191/2023",Seleção Normal,7800000,0,7800000,selecionada,,Novo PAC - Seleção,"767, de 2024",https://www.in.gov.br/en/web/dou/-/portaria-mcid-n-767-de-26-de-julho-de-2024-574546651
S-1899,Cidades Sustentáveis e Resilientes,Mobilidade Urbana Sustentável,Médias e Grandes Cidades,OGU,OGU,2024,RS,CACHOEIRINHA,Sul,"56000002231/2023",Seleção Normal,2175333.84,0,2175333.84,selecionada,,Novo PAC - Seleção,"767, de 2024",https://www.in.gov.br/en/web/dou/-/portaria-mcid-n-767-de-26-de-julho-de-2024-574546651
S-1900,Água Para Todos,Água para quem mais precisa,Abastecimento de Água - Rural,OGU,OGU,2025,RN,IELMO MARINHO,Nordeste,"56000008138/2025",Seleção Normal,3881467.13,0,3881467.13,selecionada,,Novo PAC - Seleção,"1.420, de 2025",https://www.in.gov.br/web/dou/-/portaria-mcid-n-1.420-de-9-de-dezembro-de-2025-674507215
S-1901,Água Para Todos,Água para quem mais precisa,Abastecimento de Água - Rural,OGU,OGU,2025,PA,SANTA CRUZ DO ARARI,Norte,"56000008147/2025",Seleção Normal,2650000,0,2650000,selecionada,,Novo PAC - Seleção,"1.420, de 2025",https://www.in.gov.br/web/dou/-/portaria-mcid-n-1.420-de-9-de-dezembro-de-2025-674507215
S-1902,Água Para Todos,Água para quem mais precisa,Abastecimento de Água - Rural,OGU,OGU,2025,MG,VARGEM GRANDE DO RIO PARDO,Sudeste,"56000008192/2025",Seleção Normal,981801.01,0,981801.01,selecionada,,Novo PAC - Seleção,"1.420, de 2025",https://www.in.gov.br/web/dou/-/portaria-mcid-n-1.420-de-9-de-dezembro-de-2025-674507215
S-1903,Água Para Todos,Água para quem mais precisa,Abastecimento de Água - Rural,OGU,OGU,2025,PE,FLORESTA,Nordeste,"56000008196/2025",Seleção Normal,9137863.87,0,9137863.87,selecionada,,Novo PAC - Seleção,"1.420, de 2025",https://www.in.gov.br/web/dou/-/portaria-mcid-n-1.420-de-9-de-dezembro-de-2025-674507215
S-1904,Cidades Sustentáveis e Resilientes,Mobilidade Urbana Sustentável,Médias e Grandes Cidades,FIN,FGTS,2026,SP,São Bernardo do Campo,Sudeste,"56000000136/2025",Seleção Normal,,62653460.82,62653460.82,selecionada,Setor Público,Novo PAC - Seleção,"123, de 2026",https://in.gov.br/web/dou/-/portaria-mcid-n-123-de-5-de-fevereiro-de-2026-687385760
S-1905,Cidades Sustentáveis e Resilientes,Resíduos Sólidos,Resíduos Sólidos,FIN,FGTS,2025,SP,Pirassununga,Sudeste,"56000001248/2025",Seleção Normal,,1149470.53,1149470.53,selecionada,Setor Público,Novo PAC - Seleção,"1.331, de 2025",https://www.in.gov.br/web/dou/-/portaria-mcid-n-1.331-de-19-de-novembro-de-2025-670492245
S-1906,Cidades Sustentáveis e Resilientes,Resíduos Sólidos,Resíduos Sólidos,FIN,FGTS,2025,BA,Itacaré,Nordeste,"56000001578/2025",Seleção Normal,,957220,957220,selecionada,Setor Público,Novo PAC - Seleção,"1.331, de 2025",https://www.in.gov.br/web/dou/-/portaria-mcid-n-1.331-de-19-de-novembro-de-2025-670492245
S-1907,Cidades Sustentáveis e Resilientes,Prevenção a Desastres,Contenção de Encostas,OGU,OGU,2024,SP,FRANCISCO MORATO,Sudeste,"56000002536/2023",Seleção Normal,6314838.88,0,6314838.88,selecionada,,Novo PAC - Seleção,"451, de 2024",https://www.in.gov.br/web/dou/-/portaria-mcid-n-451-de-7-de-maio-de-2024-558538861
S-1908,Cidades Sustentáveis e Resilientes,Prevenção a Desastres,Contenção de Encostas,OGU,OGU,2024,SC,CAMBORIU,Sul,"56000004239/2023",Seleção Normal,1652838.58,0,1652838.58,selecionada,,Novo PAC - Seleção,"451, de 2024",https://www.in.gov.br/web/dou/-/portaria-mcid-n-451-de-7-de-maio-de-2024-558538861
S-1909,Cidades Sustentáveis e Resilientes,Prevenção a Desastres,Contenção de Encostas,OGU,OGU,2024,MG,ALVINOPOLIS,Sudeste,"56000003230/2023",Seleção Normal,13734493.11,0,13734493.11,selecionada,,Novo PAC - Seleção,"451, de 2024",https://www.in.gov.br/web/dou/-/portaria-mcid-n-451-de-7-de-maio-de-2024-558538861
S-1910,Cidades Sustentáveis e Resilientes,Prevenção a Desastres,Contenção de Encostas,OGU,OGU,2024,BA,ILHEUS,Nordeste,"56000003504/2023",Seleção Normal,59848877.09,0,59848877.09,selecionada,,Novo PAC - Seleção,"451, de 2024",https://www.in.gov.br/web/dou/-/portaria-mcid-n-451-de-7-de-maio-de-2024-558538861
S-1911,Cidades Sustentáveis e Resilientes,Prevenção a Desastres,Contenção de Encostas,OGU,OGU,2024,AM,MANAUS,Norte,"56000003954/2023",Seleção Normal,10192000,0,10192000,selecionada,,Novo PAC - Seleção,"451, de 2024",https://www.in.gov.br/web/dou/-/portaria-mcid-n-451-de-7-de-maio-de-2024-558538861
S-1912,Cidades Sustentáveis e Resilientes,Prevenção a Desastres,Contenção de Encostas,OGU,OGU,2024,PA,REDENCAO,Norte,"56000004506/2023",Seleção Normal,2816271.55,0,2816271.55,selecionada,,Novo PAC - Seleção,"451, de 2024",https://www.in.gov.br/web/dou/-/portaria-mcid-n-451-de-7-de-maio-de-2024-558538861
S-1913,Cidades Sustentáveis e Resilientes,Prevenção a Desastres,Contenção de Encostas,OGU,OGU,2024,SP,SAO BERNARDO DO CAMPO,Sudeste,"56000004815/2023",Seleção Normal,15267143.42,0,15267143.42,selecionada,,Novo PAC - Seleção,"451, de 2024",https://www.in.gov.br/web/dou/-/portaria-mcid-n-451-de-7-de-maio-de-2024-558538861
S-1914,Cidades Sustentáveis e Resilientes,Prevenção a Desastres,Contenção de Encostas,OGU,OGU,2024,SC,JARAGUA DO SUL,Sul,"56000005250/2023",Seleção Normal,1716877.33,0,1716877.33,selecionada,,Novo PAC - Seleção,"451, de 2024",https://www.in.gov.br/web/dou/-/portaria-mcid-n-451-de-7-de-maio-de-2024-558538861
S-1915,Cidades Sustentáveis e Resilientes,Prevenção a Desastres,Contenção de Encostas,OGU,OGU,2024,PR,RIO BRANCO DO SUL,Sul,"56000005339/2023",Seleção Normal,4806014.96,0,4806014.96,selecionada,,Novo PAC - Seleção,"451, de 2024",https://www.in.gov.br/web/dou/-/portaria-mcid-n-451-de-7-de-maio-de-2024-558538861
S-1916,Cidades Sustentáveis e Resilientes,Prevenção a Desastres,Contenção de Encostas,OGU,OGU,2024,RS,SANTA MARIA,Sul,"56000005573/2023",Seleção Normal,33692400,0,33692400,selecionada,,Novo PAC - Seleção,"451, de 2024",https://www.in.gov.br/web/dou/-/portaria-mcid-n-451-de-7-de-maio-de-2024-558538861
S-1917,Cidades Sustentáveis e Resilientes,Prevenção a Desastres,Contenção de Encostas,OGU,OGU,2024,RJ,ANGRA DOS REIS,Sudeste,"56000005811/2023",Seleção Normal,22555535.2,0,22555535.2,selecionada,,Novo PAC - Seleção,"451, de 2024",https://www.in.gov.br/web/dou/-/portaria-mcid-n-451-de-7-de-maio-de-2024-558538861
S-1918,Cidades Sustentáveis e Resilientes,Prevenção a Desastres,Contenção de Encostas,OGU,OGU,2024,AL,PARIPUEIRA,Nordeste,"56000006216/2023",Seleção Normal,9557308.97,0,9557308.97,selecionada,,Novo PAC - Seleção,"451, de 2024",https://www.in.gov.br/web/dou/-/portaria-mcid-n-451-de-7-de-maio-de-2024-558538861
S-1919,Cidades Sustentáveis e Resilientes,Prevenção a Desastres,Contenção de Encostas,OGU,OGU,2024,PE,CAMARAGIBE,Nordeste,"56000006660/2023",Seleção Normal,45828526.38,0,45828526.38,selecionada,,Novo PAC - Seleção,"451, de 2024",https://www.in.gov.br/web/dou/-/portaria-mcid-n-451-de-7-de-maio-de-2024-558538861
S-1920,Cidades Sustentáveis e Resilientes,Prevenção a Desastres,Contenção de Encostas,OGU,OGU,2024,PE,CORTÊS,Nordeste,"56000006740/2023",Seleção Normal,3337480.8,0,3337480.8,selecionada,,Novo PAC - Seleção,"451, de 2024",https://www.in.gov.br/web/dou/-/portaria-mcid-n-451-de-7-de-maio-de-2024-558538861
S-1921,Água Para Todos,Água para quem mais precisa,Abastecimento de Água - Rural,OGU,OGU,2024,CE,TEJUCUOCA,Nordeste,"56000000481/2023",Seleção Normal,537826.94,0,537826.94,selecionada,,Novo PAC - Seleção,"452, de 2024",https://www.in.gov.br/web/dou/-/portaria-mcid-n-452-de-7-de-maio-de-2024-558553728
S-1922,Cidades Sustentáveis e Resilientes,Mobilidade Urbana Sustentável,Médias e Grandes Cidades,OGU,OGU,2024,RN,NATAL,Nordeste,"56000003257/2023",Seleção Normal,979812.56,0,979812.56,selecionada,,Novo PAC - Seleção,"767, de 2024",https://www.in.gov.br/en/web/dou/-/portaria-mcid-n-767-de-26-de-julho-de-2024-574546651
S-1923,Cidades Sustentáveis e Resilientes,Prevenção a Desastres,Drenagem Urbana,OGU,OGU,2024,RS,"ARROIO DO MEIO, VENANCIO AIRES, TAQUARI, CRUZEIRO DO SUL, ESTRELA, LAJEADO, ENCANTADO, ROCA SALES, MUCUM, SANTA TEREZA, E COLINAS",Sul,"56000006405/2023",Calamidade RS,16158258,0,16158258,selecionada,,Novo PAC - Seleção,"776, de 2024",https://www.in.gov.br/web/dou/-/portaria-mcid-n-776-de-30-de-julho-de-2024-575055636
S-1924,Cidades Sustentáveis e Resilientes,Prevenção a Desastres,Contenção de Encostas,OGU,OGU,2024,BA,"CAIRU, CAMACAN, CAMAMU, GANDU, ILHEUS, ITACARE, ITAMARAJU, LAURO DE FREITAS, MEDEIROS NETO, MUTUIPE, TEOLANDIA, UBAITABA",Nordeste,"56000000743/2023",Seleção Normal,46163424.05,0,46163424.05,selecionada,,Novo PAC - Seleção,"451, de 2024",https://www.in.gov.br/web/dou/-/portaria-mcid-n-451-de-7-de-maio-de-2024-558538861
S-1925,Cidades Sustentáveis e Resilientes,Periferia Viva,Urbanização de Favelas,FIN,FGTS,2025,SP,VALINHOS,Sudeste,"56000001198/2025",Seleção Normal,0,28930429,28930429,enquadrada,Setor Privado,Novo PAC - Seleção,"825, de 2025",https://www.in.gov.br/web/dou/-/portaria-mcid-n-825-de-24-de-julho-de-2025-644423269
S-1926,Cidades Sustentáveis e Resilientes,Mobilidade Urbana Sustentável,Renovação de Frota,FIN,Fundo Clima e BNDES,2024,BA,SALVADOR,Nordeste,"56000000748/2023",Seleção Normal,0,255000000,255000000,selecionada,Setor Público,Novo PAC - Seleção,"445, de 2024",https://www.in.gov.br/web/dou/-/portaria-mcid-n-445-de-7-de-maio-de-2024-558553015
S-1927,Cidades Sustentáveis e Resilientes,Mobilidade Urbana Sustentável,Renovação de Frota,FIN,Fundo Clima e BNDES,2024,RS,PORTO ALEGRE,Sul,"56000003803/2023",Seleção Normal,0,560682084,560682084,selecionada,Setor Público,Novo PAC - Seleção,"445, de 2024",https://www.in.gov.br/web/dou/-/portaria-mcid-n-445-de-7-de-maio-de-2024-558553015
S-1928,Cidades Sustentáveis e Resilientes,Mobilidade Urbana Sustentável,Renovação de Frota,FIN,Fundo Clima e BNDES,2024,RS,PORTO ALEGRE,Sul,"56000003880/2023",Seleção Normal,0,447797487,447797487,selecionada,Setor Público,Novo PAC - Seleção,"445, de 2024",https://www.in.gov.br/web/dou/-/portaria-mcid-n-445-de-7-de-maio-de-2024-558553015
S-1929,Cidades Sustentáveis e Resilientes,Mobilidade Urbana Sustentável,Renovação de Frota,FIN,Fundo Clima e BNDES,2024,BA,SALVADOR,Nordeste,"56000005536/2023",Seleção Normal,0,330000000,330000000,selecionada,Setor Público,Novo PAC - Seleção,"445, de 2024",https://www.in.gov.br/web/dou/-/portaria-mcid-n-445-de-7-de-maio-de-2024-558553015
S-1930,Cidades Sustentáveis e Resilientes,Mobilidade Urbana Sustentável,Renovação de Frota,FIN,Fundo Clima e BNDES,2024,PA,BELEM,Norte,"56000006336/2023",Seleção Normal,0,70000000,70000000,selecionada,Setor Público,Novo PAC - Seleção,"445, de 2024",https://www.in.gov.br/web/dou/-/portaria-mcid-n-445-de-7-de-maio-de-2024-558553015
S-1931,Cidades Sustentáveis e Resilientes,Mobilidade Urbana Sustentável,Médias e Grandes Cidades,FIN,BNDES,2024,DF ,BRASILIA,Centro-Oeste,GOV08,Governadores,0,1500000000,1500000000,selecionada,Setor Público,Novo PAC - Seleção,NA,
S-1932,Cidades Sustentáveis e Resilientes,Mobilidade Urbana Sustentável,Médias e Grandes Cidades,FIN,BNDES,2024,PR,SAO JOSE DO PINHAIS,Sul,"56000002277/2023",Seleção Normal,0,0,0,selecionada,Setor Público,Novo PAC - Seleção,"767, de 2024",https://www.in.gov.br/en/web/dou/-/portaria-mcid-n-767-de-26-de-julho-de-2024-574546651
S-1933,Cidades Sustentáveis e Resilientes,Mobilidade Urbana Sustentável,Médias e Grandes Cidades,FIN,FGTS,2025,TO,PALMAS,Norte,"56000001591/2025",Seleção Normal,0,28721117.4,28721117.4,enquadrada,Setor Privado,Novo PAC - Seleção,"981, de 2025",https://www.in.gov.br/en/web/dou/-/portaria-mcid-n-981-de-29-de-agosto-de-2025-652031181
S-1934,Cidades Sustentáveis e Resilientes,Mobilidade Urbana Sustentável,Médias e Grandes Cidades,FIN,FGTS,2025,SP,SOROCABA,Sudeste,"56000002471/2025",Seleção Normal,0,22885923,22885923,enquadrada,Setor Privado,Novo PAC - Seleção,"981, de 2025",https://www.in.gov.br/en/web/dou/-/portaria-mcid-n-981-de-29-de-agosto-de-2025-652031181
S-1935,Cidades Sustentáveis e Resilientes,Mobilidade Urbana Sustentável,Médias e Grandes Cidades,FIN,FGTS,2025,SP,EMBU DAS ARTES,Sudeste,"56000000792/2025",Seleção Normal,0,21198000,21198000,enquadrada,Setor Privado,Novo PAC - Seleção,"981, de 2025",https://www.in.gov.br/en/web/dou/-/portaria-mcid-n-981-de-29-de-agosto-de-2025-652031181
S-1936,Cidades Sustentáveis e Resilientes,Prevenção a Desastres,Drenagem Urbana,FIN,FGTS,2025,CE,MORRINHOS,Nordeste,"56000001899/2025",Seleção Normal,0,10000000,10000000,enquadrada,Setor Privado,Novo PAC - Seleção,"1.088, de 2025",https://www.in.gov.br/web/dou/-/portaria-mcid-n-1.088-de-19-de-setembro-de-2025-657754761
S-1937,Cidades Sustentáveis e Resilientes,Periferia Viva,Urbanização de Favelas,FIN,FGTS,2025,BA,SALVADOR,Nordeste,"56000000855/2025",Seleção Normal,0,81585459.6,81585459.6,enquadrada,Setor Privado,Novo PAC - Seleção,"825, de 2025",https://www.in.gov.br/web/dou/-/portaria-mcid-n-825-de-24-de-julho-de-2025-644423269
S-1938,Cidades Sustentáveis e Resilientes,Periferia Viva,Urbanização de Favelas,FIN,FGTS,2025,SP,EMBU DAS ARTES,Sudeste,"56000000472/2025",Seleção Normal,0,36915092.32,36915092.32,enquadrada,Setor Privado,Novo PAC - Seleção,"825, de 2025",https://www.in.gov.br/web/dou/-/portaria-mcid-n-825-de-24-de-julho-de-2025-644423269
S-1939,Cidades Sustentáveis e Resilientes,Periferia Viva,Urbanização de Favelas,FIN,FGTS,2025,BA,SALVADOR,Nordeste,"56000000717/2025",Seleção Normal,0,81212212.94,81212212.94,enquadrada,Setor Privado,Novo PAC - Seleção,"825, de 2025",https://www.in.gov.br/web/dou/-/portaria-mcid-n-825-de-24-de-julho-de-2025-644423269
S-1940,Cidades Sustentáveis e Resilientes,Periferia Viva,Urbanização de Favelas,FIN,FGTS,2025,SC,SAO JOSE,Sul,"56000001514/2025",Seleção Normal,0,32730730.66,32730730.66,enquadrada,Setor Privado,Novo PAC - Seleção,"825, de 2025",https://www.in.gov.br/web/dou/-/portaria-mcid-n-825-de-24-de-julho-de-2025-644423269
S-1941,Cidades Sustentáveis e Resilientes,Periferia Viva,Urbanização de Favelas,FIN,FGTS,2025,SE,LARANJEIRAS,Nordeste,"56000001723/2025",Seleção Normal,0,73384473,73384473,enquadrada,Setor Privado,Novo PAC - Seleção,"825, de 2025",https://www.in.gov.br/web/dou/-/portaria-mcid-n-825-de-24-de-julho-de-2025-644423269
S-1942,Cidades Sustentáveis e Resilientes,Periferia Viva,Urbanização de Favelas,FIN,FGTS,2025,SP,CAMPO LIMPO PAULISTA,Sudeste,"56000001853/2025",Seleção Normal,0,40500000,40500000,enquadrada,Setor Privado,Novo PAC - Seleção,"825, de 2025",https://www.in.gov.br/web/dou/-/portaria-mcid-n-825-de-24-de-julho-de-2025-644423269
S-1943,Cidades Sustentáveis e Resilientes,Periferia Viva,Urbanização de Favelas,FIN,FGTS,2025,SP,OSASCO,Sudeste,"56000001947/2025",Seleção Normal,0,94756448.63,94756448.63,enquadrada,Setor Privado,Novo PAC - Seleção,"825, de 2025",https://www.in.gov.br/web/dou/-/portaria-mcid-n-825-de-24-de-julho-de-2025-644423269
S-1944,Cidades Sustentáveis e Resilientes,Periferia Viva,Urbanização de Favelas,FIN,FGTS,2025,BA,SIMOES FILHO,Nordeste,"56000002278/2025",Seleção Normal,0,13497398.25,13497398.25,enquadrada,Setor Privado,Novo PAC - Seleção,"825, de 2025",https://www.in.gov.br/web/dou/-/portaria-mcid-n-825-de-24-de-julho-de-2025-644423269
S-1945,Cidades Sustentáveis e Resilientes,Periferia Viva,Urbanização de Favelas,FIN,FGTS,2025,BA,SIMOES FILHO,Nordeste,"56000002533/2025",Seleção Normal,0,81288521.34,81288521.34,enquadrada,Setor Privado,Novo PAC - Seleção,"825, de 2025",https://www.in.gov.br/web/dou/-/portaria-mcid-n-825-de-24-de-julho-de-2025-644423269
S-1946,Cidades Sustentáveis e Resilientes,Prevenção a Desastres,Drenagem Urbana,FIN,FGTS,2025,MG,BELO HORIZONTE,Sudeste,"56000001023/2025",Seleção Normal,0,215858664.99,215858664.99,enquadrada,Setor Privado,Novo PAC - Seleção,"1.087, de 2025",https://www.in.gov.br/en/web/dou/-/portaria-mcid-n-1.087-de-19-de-setembro-de-2025-657754682
S-1947,Cidades Sustentáveis e Resilientes,Prevenção a Desastres,Drenagem Urbana,FIN,FGTS,2025,MG,BELO HORIZONTE,Sudeste,"56000002517/2025",Seleção Normal,0,77235634.09,77235634.09,enquadrada,Setor Privado,Novo PAC - Seleção,"1.087, de 2025",https://www.in.gov.br/en/web/dou/-/portaria-mcid-n-1.087-de-19-de-setembro-de-2025-657754682
S-1948,Cidades Sustentáveis e Resilientes,Prevenção a Desastres,Drenagem Urbana,FIN,FGTS,2025,MG,UBERLANDIA,Sudeste,"56000008092/2025",Seleção Normal,0,21600073.52,21600073.52,enquadrada,Setor Privado,Novo PAC - Seleção,"1.087, de 2025",https://www.in.gov.br/en/web/dou/-/portaria-mcid-n-1.087-de-19-de-setembro-de-2025-657754682
S-1949,Cidades Sustentáveis e Resilientes,Prevenção a Desastres,Drenagem Urbana,FIN,FGTS,2025,RJ,DUQUE DE CAXIAS,Sudeste,"56000001916/2025",Seleção Normal,0,186040741.38,186040741.38,enquadrada,Setor Privado,Novo PAC - Seleção,"1.087, de 2025",https://www.in.gov.br/en/web/dou/-/portaria-mcid-n-1.087-de-19-de-setembro-de-2025-657754682
S-1950,Cidades Sustentáveis e Resilientes,Prevenção a Desastres,Drenagem Urbana,FIN,FGTS,2025,SP,GUARULHOS,Sudeste,"56000001183/2025",Seleção Normal,0,117205300,117205300,enquadrada,Setor Privado,Novo PAC - Seleção,"1.087, de 2025",https://www.in.gov.br/en/web/dou/-/portaria-mcid-n-1.087-de-19-de-setembro-de-2025-657754682
S-1951,Cidades Sustentáveis e Resilientes,Prevenção a Desastres,Drenagem Urbana,FIN,FGTS,2025,SP,SAO CARLOS,Sudeste,"56000001647/2025",Seleção Normal,0,2772820.6,2772820.6,enquadrada,Setor Privado,Novo PAC - Seleção,"1.087, de 2025",https://www.in.gov.br/en/web/dou/-/portaria-mcid-n-1.087-de-19-de-setembro-de-2025-657754682
S-1952,Cidades Sustentáveis e Resilientes,Prevenção a Desastres,Contenção de Encostas,FIN,FGTS,2025,SP,ATIBAIA,Sudeste,"56000002003/2025",Seleção Normal,0,7347534.81,7347534.81,enquadrada,Setor Privado,Novo PAC - Seleção,"1.074, de 2025",https://www.in.gov.br/en/web/dou/-/portaria-mcid-n-1.074-de-17-de-setembro-de-2025-657752151
S-1953,Cidades Sustentáveis e Resilientes,Prevenção a Desastres,Drenagem Urbana,FIN,FGTS,2025,ES,ESTADO DO ESPÍRITO SANTO,Sudeste,"56000002069/2025",Seleção Normal,0,55661025.55,55661025.55,enquadrada,Setor Privado,Novo PAC - Seleção,"1.088, de 2025",https://www.in.gov.br/web/dou/-/portaria-mcid-n-1.088-de-19-de-setembro-de-2025-657754761
S-1954,Cidades Sustentáveis e Resilientes,Mobilidade Urbana Sustentável,Renovação de Frota,FIN,FGTS,2025,SE,ARACAJU,Nordeste,"56000000450/2025",Seleção Normal,0,95000000,95000000,enquadrada,Setor Público,Novo PAC - Seleção,"980, de 2025",https://www.in.gov.br/web/dou/-/portaria-mcid-n-980-de-29-de-agosto-de-2025-652031101
S-1955,Cidades Sustentáveis e Resilientes,Mobilidade Urbana Sustentável,Renovação de Frota,FIN,FGTS,2025,BA,SALVADOR,Nordeste,"56000002288/2025",Seleção Normal,0,95000000,95000000,enquadrada,Setor Público,Novo PAC - Seleção,"980, de 2025",https://www.in.gov.br/web/dou/-/portaria-mcid-n-980-de-29-de-agosto-de-2025-652031101
S-1956,Cidades Sustentáveis e Resilientes,Mobilidade Urbana Sustentável,Renovação de Frota,FIN,FGTS,2025,SE,ESTADO DE SERGIPE,Nordeste,"56000002565/2025",Seleção Normal,0,28500000,28500000,enquadrada,Setor Público,Novo PAC - Seleção,"980, de 2025",https://www.in.gov.br/web/dou/-/portaria-mcid-n-980-de-29-de-agosto-de-2025-652031101
S-1957,Cidades Sustentáveis e Resilientes,Periferia Viva,Urbanização de Favelas,FIN,FGTS,2024,RJ,RIO DE JANEIRO,Sudeste,"56000000538/2023",Seleção Normal,0,200000000,200000000,selecionada,Setor Público,Novo PAC - Seleção,"449, de 2024",https://www.in.gov.br/web/dou/-/portaria-mcid-n-449-de-7-de-maio-de-2024-558553094
S-1958,Cidades Sustentáveis e Resilientes,Periferia Viva,Urbanização de Favelas,FIN,FGTS,2024,MG,BELO HORIZONTE,Sudeste,"56000001323/2023",Seleção Normal,0,35555093,35555093,selecionada,Setor Público,Novo PAC - Seleção,"449, de 2024",https://www.in.gov.br/web/dou/-/portaria-mcid-n-449-de-7-de-maio-de-2024-558553094
S-1959,Cidades Sustentáveis e Resilientes,Periferia Viva,Urbanização de Favelas,FIN,FGTS,2024,SP,CUBATAO,Sudeste,"56000003264/2023",Seleção Normal,0,200000000,200000000,selecionada,Setor Público,Novo PAC - Seleção,"449, de 2024",https://www.in.gov.br/web/dou/-/portaria-mcid-n-449-de-7-de-maio-de-2024-558553094
S-1960,Cidades Sustentáveis e Resilientes,Periferia Viva,Urbanização de Favelas,FIN,FGTS,2024,PR,SAO JOSE DOS PINHAIS,Sul,"56000004832/2023",Seleção Normal,0,32055081.72,32055081.72,selecionada,Setor Público,Novo PAC - Seleção,"449, de 2024",https://www.in.gov.br/web/dou/-/portaria-mcid-n-449-de-7-de-maio-de-2024-558553094
S-1961,Cidades Sustentáveis e Resilientes,Periferia Viva,Urbanização de Favelas,FIN,FGTS,2024,AP,SANTANA,Norte,"56000006377/2023",Seleção Normal,0,99719560,99719560,selecionada,Setor Público,Novo PAC - Seleção,"449, de 2024",https://www.in.gov.br/web/dou/-/portaria-mcid-n-449-de-7-de-maio-de-2024-558553094
S-1962,Cidades Sustentáveis e Resilientes,Mobilidade Urbana Sustentável,Renovação de Frota,FIN,FGTS,2025,MG,CONTAGEM E BELO HORIZONTE,Sudeste,carta consulta 133/2025,Seleção Normal,0,20840910,20840910,selecionada,Setor Privado,Novo PAC - Seleção,"1.046, de 2025",https://www.in.gov.br/web/dou/-/portaria-mcid-n-1.046-de-12-de-setembro-de-2025-656478415
S-1963,Cidades Sustentáveis e Resilientes,Periferia Viva,Urbanização de Favelas,FIN,FGTS,2024,BA,SALVADOR,Nordeste,"56000006920/2023",Seleção Normal,0,148300000,148300000,selecionada,Setor Público,Novo PAC - Seleção,"449, de 2024",https://www.in.gov.br/web/dou/-/portaria-mcid-n-449-de-7-de-maio-de-2024-558553094
S-1964,Água Para Todos,Abastecimento de Água,Abastecimento de Água - Urbano,FIN,FGTS,2025,SC,NAVEGANTES,Sul,"56000000329/2025",Seleção Normal,,11382582.31,11382582.31,enquadrada,Setor Público,Novo PAC - Seleção,"1.421, de 2025",https://in.gov.br/web/dou/-/portaria-mcid-n-1.421-de-9-de-dezembro-de-2025-674491274
S-1965,Cidades Sustentáveis e Resilientes,Prevenção a Desastres,Drenagem Urbana,FIN,FGTS,2025,SP,SAO CARLOS,Sudeste,"56000001439/2025",Seleção Normal,0,38167676.35,38167676.35,enquadrada,Setor Privado,Novo PAC - Seleção,"1.088, de 2025",https://www.in.gov.br/web/dou/-/portaria-mcid-n-1.088-de-19-de-setembro-de-2025-657754761
S-1966,Cidades Sustentáveis e Resilientes,Mobilidade Urbana Sustentável,Médias e Grandes Cidades,FIN,FGTS,2025,PR,CURITIBA,Sul,"56000000676/2025",Seleção Normal,0,2200000000,2200000000,enquadrada,Setor Privado,Novo PAC - Seleção,"981, de 2025",https://www.in.gov.br/en/web/dou/-/portaria-mcid-n-981-de-29-de-agosto-de-2025-652031181
S-1967,Cidades Sustentáveis e Resilientes,Mobilidade Urbana Sustentável,Médias e Grandes Cidades,FIN,FGTS,2025,SP,SOROCABA,Sudeste,"56000000600/2025",Seleção Normal,0,293621459.57,293621459.57,enquadrada,Setor Privado,Novo PAC - Seleção,"981, de 2025",https://www.in.gov.br/en/web/dou/-/portaria-mcid-n-981-de-29-de-agosto-de-2025-652031181
S-1968,Cidades Sustentáveis e Resilientes,Mobilidade Urbana Sustentável,Médias e Grandes Cidades,FIN,FGTS,2025,SP,SAO BERNARDO DO CAMPO,Sudeste,"56000000136/2025",Seleção Normal,0,62653460.82,62653460.82,enquadrada,Setor Privado,Novo PAC - Seleção,"981, de 2025",https://www.in.gov.br/en/web/dou/-/portaria-mcid-n-981-de-29-de-agosto-de-2025-652031181
S-1969,Cidades Sustentáveis e Resilientes,Mobilidade Urbana Sustentável,Médias e Grandes Cidades,FIN,FGTS,2025,SP,SAO BERNARDO DO CAMPO,Sudeste,"56000000130/2025",Seleção Normal,0,45715326.44,45715326.44,enquadrada,Setor Privado,Novo PAC - Seleção,"981, de 2025",https://www.in.gov.br/en/web/dou/-/portaria-mcid-n-981-de-29-de-agosto-de-2025-652031181
S-1970,Cidades Sustentáveis e Resilientes,Resíduos Sólidos,Resíduos Sólidos,FIN,FGTS,2024,MT,CANARANA,Centro-Oeste,"56000000077/2023",Seleção Normal,0,8145000,8145000,selecionada,Setor Público,Novo PAC - Seleção,"1.119, de 2024",https://www.in.gov.br/en/web/dou/-/portaria-mcid-n-1.119-de-7-de-outubro-de-2024-596577847
S-1971,Cidades Sustentáveis e Resilientes,Resíduos Sólidos,Resíduos Sólidos,FIN,FGTS,2024,MS,"PONTA PORA, ARAL MOREIRA E ANTONIO JOAO
",Centro-Oeste,"56000003852/2023",Seleção Normal,0,27814944.48,27814944.48,selecionada,Setor Público,Novo PAC - Seleção,"1.119, de 2024",https://www.in.gov.br/en/web/dou/-/portaria-mcid-n-1.119-de-7-de-outubro-de-2024-596577847
S-1972,Cidades Sustentáveis e Resilientes,Resíduos Sólidos,Resíduos Sólidos,FIN,FGTS,2024,PA,OBIDOS,Norte,"56000004455/2023",Seleção Normal,0,22300139.06,22300139.06,selecionada,Setor Público,Novo PAC - Seleção,"1.119, de 2024",https://www.in.gov.br/en/web/dou/-/portaria-mcid-n-1.119-de-7-de-outubro-de-2024-596577847
S-1973,Cidades Sustentáveis e Resilientes,Resíduos Sólidos,Resíduos Sólidos,FIN,FGTS,2024,BA,TUCANO,Nordeste,"56000005097/2023",Seleção Normal,0,9362517.45,9362517.45,selecionada,Setor Público,Novo PAC - Seleção,"1.119, de 2024",https://www.in.gov.br/en/web/dou/-/portaria-mcid-n-1.119-de-7-de-outubro-de-2024-596577847
S-1974,Cidades Sustentáveis e Resilientes,Prevenção a Desastres,Drenagem Urbana,FIN,FGTS,2024,MS,CAMPO GRANDE,Centro-Oeste,"56000000014/2023",Seleção Normal,0,150000000,150000000,selecionada,Setor Público,Novo PAC - Seleção,"765, de 2024",https://www.in.gov.br/en/web/dou/-/portaria-mcid-n-765-de-25-de-julho-de-2024-574546514
S-1975,Cidades Sustentáveis e Resilientes,Prevenção a Desastres,Drenagem Urbana,FIN,FGTS,2024,PI,TERESINA,Nordeste,"56000000320/2023",Seleção Normal,0,46791470,46791470,selecionada,Setor Público,Novo PAC - Seleção,"765, de 2024",https://www.in.gov.br/en/web/dou/-/portaria-mcid-n-765-de-25-de-julho-de-2024-574546514
S-1976,Cidades Sustentáveis e Resilientes,Prevenção a Desastres,Drenagem Urbana,FIN,FGTS,2024,RJ,RIO DE JANEIRO,Sudeste,"56000000545/2023",Seleção Normal,0,350000000,350000000,selecionada,Setor Público,Novo PAC - Seleção,"765, de 2024",https://www.in.gov.br/en/web/dou/-/portaria-mcid-n-765-de-25-de-julho-de-2024-574546514
S-1977,Cidades Sustentáveis e Resilientes,Prevenção a Desastres,Drenagem Urbana,FIN,FGTS,2024,ES,CARIACICA,Sudeste,"56000000905/2023",Seleção Normal,0,21179903,21179903,selecionada,Setor Público,Novo PAC - Seleção,"765, de 2024",https://www.in.gov.br/en/web/dou/-/portaria-mcid-n-765-de-25-de-julho-de-2024-574546514
S-1978,Cidades Sustentáveis e Resilientes,Prevenção a Desastres,Drenagem Urbana,FIN,FGTS,2024,SC,BLUMENAU,Sul,"56000001390/2023",Seleção Normal,0,33606718,33606718,selecionada,Setor Público,Novo PAC - Seleção,"765, de 2024",https://www.in.gov.br/en/web/dou/-/portaria-mcid-n-765-de-25-de-julho-de-2024-574546514
S-1979,Água Para Todos,Abastecimento de Água,Abastecimento de Água - Urbano,OGU,OGU,2024,MA,CHAPADINHA,Nordeste,"56000003152/2023",Seleção Normal,5740930.64,0,5740930.64,selecionada,,Novo PAC - Seleção,"768, de 2024",https://www.in.gov.br/en/web/dou/-/portaria-mcid-n-768-de-26-de-julho-de-2024-574522819
S-1980,Cidades Sustentáveis e Resilientes,Prevenção a Desastres,Drenagem Urbana,FIN,FGTS,2024,PE,RECIFE,Nordeste,"56000001658/2023",Seleção Normal,0,30000000,30000000,selecionada,Setor Público,Novo PAC - Seleção,"765, de 2024",https://www.in.gov.br/en/web/dou/-/portaria-mcid-n-765-de-25-de-julho-de-2024-574546514
S-1981,Cidades Sustentáveis e Resilientes,Prevenção a Desastres,Drenagem Urbana,FIN,FGTS,2024,PR,CURITIBA,Sul,"56000002043/2023",Seleção Normal,0,314500000,314500000,selecionada,Setor Público,Novo PAC - Seleção,"765, de 2024",https://www.in.gov.br/en/web/dou/-/portaria-mcid-n-765-de-25-de-julho-de-2024-574546514
S-1982,Cidades Sustentáveis e Resilientes,Prevenção a Desastres,Drenagem Urbana,FIN,FGTS,2024,MS,TRES LAGOAS,Centro-Oeste,"56000002748/2023",Seleção Normal,0,51613442,51613442,selecionada,Setor Público,Novo PAC - Seleção,"765, de 2024",https://www.in.gov.br/en/web/dou/-/portaria-mcid-n-765-de-25-de-julho-de-2024-574546514
S-1983,Cidades Sustentáveis e Resilientes,Prevenção a Desastres,Drenagem Urbana,FIN,FGTS,2024,ES,COLATINA,Sudeste,"56000003305/2023",Seleção Normal,0,4052033,4052033,selecionada,Setor Público,Novo PAC - Seleção,"765, de 2024",https://www.in.gov.br/en/web/dou/-/portaria-mcid-n-765-de-25-de-julho-de-2024-574546514
S-1984,Cidades Sustentáveis e Resilientes,Prevenção a Desastres,Drenagem Urbana,FIN,FGTS,2024,SC,RIO DO SUL,Sul,"56000003685/2023",Seleção Normal,0,4419828,4419828,selecionada,Setor Público,Novo PAC - Seleção,"765, de 2024",https://www.in.gov.br/en/web/dou/-/portaria-mcid-n-765-de-25-de-julho-de-2024-574546514
S-1985,Cidades Sustentáveis e Resilientes,Mobilidade Urbana Sustentável,Renovação de Frota,FIN,FGTS,2025,MG,BELO HORIZONTE,Sudeste,carta consulta 128/2025,Seleção Normal,0,19636500,19636500,selecionada,Setor Privado,Novo PAC - Seleção,"1.053, de 2025",https://www.in.gov.br/web/dou/-/portaria-mcid-n-1.053-de-12-de-setembro-de-2025-656569489
S-1986,Cidades Sustentáveis e Resilientes,Mobilidade Urbana Sustentável,Renovação de Frota,FIN,FGTS,2025,MG,CONTAGEM E BELO HORIZONTE,Sudeste,carta consulta 132/2025,Seleção Normal,0,23142000,23142000,selecionada,Setor Privado,Novo PAC - Seleção,"1.047, de 2025",https://www.in.gov.br/web/dou/-/portaria-mcid-n-1.047-de-12-de-setembro-de-2025-656559356
S-1987,Cidades Sustentáveis e Resilientes,Mobilidade Urbana Sustentável,Renovação de Frota,FIN,FGTS,2025,MG,BELO HORIZONTE,Sudeste,carta consulta 136/2025,Seleção Normal,0,21147000,21147000,selecionada,Setor Privado,Novo PAC - Seleção,"1.057, de 2025",https://www.in.gov.br/web/dou/-/portaria-mcid-n-1.057-de-12-de-setembro-de-2025-656570360
S-1988,Cidades Sustentáveis e Resilientes,Mobilidade Urbana Sustentável,Renovação de Frota,FIN,FGTS,2025,MG,RIBEIRAO DAS NEVES,Sudeste,carta consulta 140/2025,Seleção Normal,0,9595000,9595000,selecionada,Setor Privado,Novo PAC - Seleção,"1.109, de 2025",https://www.in.gov.br/web/dou/-/portaria-mcid-n-1.109-de-26-de-setembro-de-2025-659308285
S-1989,Cidades Sustentáveis e Resilientes,Prevenção a Desastres,Drenagem Urbana,FIN,FGTS,2024,DF,BRASILIA,Centro-Oeste,"56000003988/2023",Seleção Normal,0,286846108,286846108,selecionada,Setor Público,Novo PAC - Seleção,"765, de 2024",https://www.in.gov.br/en/web/dou/-/portaria-mcid-n-765-de-25-de-julho-de-2024-574546514
S-1990,Cidades Sustentáveis e Resilientes,Prevenção a Desastres,Drenagem Urbana,FIN,FGTS,2024,SP,JANDIRA,Sudeste,"56000005521/2023",Seleção Normal,0,4851839,4851839,selecionada,Setor Público,Novo PAC - Seleção,"765, de 2024",https://www.in.gov.br/en/web/dou/-/portaria-mcid-n-765-de-25-de-julho-de-2024-574546514
S-1991,Cidades Sustentáveis e Resilientes,Prevenção a Desastres,Drenagem Urbana,FIN,FGTS,2024,PR,SAO MATEUS DO SUL,Sul,"56000006533/2023",Seleção Normal,0,24384500,24384500,selecionada,Setor Público,Novo PAC - Seleção,"765, de 2024",https://www.in.gov.br/en/web/dou/-/portaria-mcid-n-765-de-25-de-julho-de-2024-574546514
S-1992,Cidades Sustentáveis e Resilientes,Prevenção a Desastres,Contenção de Encostas,FIN,FGTS,2024,AL,CORURIPE,Nordeste,"56000000803/2023",Seleção Normal,0,1990678.84,1990678.84,selecionada,Setor Público,Novo PAC - Seleção,"451, de 2024",https://www.in.gov.br/web/dou/-/portaria-mcid-n-451-de-7-de-maio-de-2024-558538861
S-1993,Cidades Sustentáveis e Resilientes,Prevenção a Desastres,Contenção de Encostas,FIN,FGTS,2024,SP,SAO PAULO,Sudeste,"56000005060/2023",Seleção Normal,0,22014709,22014709,selecionada,Setor Público,Novo PAC - Seleção,"451, de 2024",https://www.in.gov.br/web/dou/-/portaria-mcid-n-451-de-7-de-maio-de-2024-558538861
S-1994,Água Para Todos,Abastecimento de Água,Abastecimento de Água - Urbano,FIN,FGTS,2025,SC,BLUMENAU,Sul,"56000002531/2025",Seleção Normal,,5894282.71,5894282.71,enquadrada,Setor Público,Novo PAC - Seleção,"1.421, de 2025",https://in.gov.br/web/dou/-/portaria-mcid-n-1.421-de-9-de-dezembro-de-2025-674491274
S-1995,Cidades Sustentáveis e Resilientes,Esgotamento Sanitário,Esgotamento Sanitário,OGU,OGU,2024,PA,BELEM,Norte,MCID01,Seleção Normal,56500000,0,56500000,selecionada,,Novo PAC - Seleção,NA,
S-1996,Cidades Sustentáveis e Resilientes,Mobilidade Urbana Sustentável,Médias e Grandes Cidades,FIN,FGTS,2024,MG,BELO HORIZONTE,Sudeste,"56000001746/2023",Seleção Normal,0,132518987.83,132518987.83,selecionada,Setor Público,Novo PAC - Seleção,"767, de 2024",https://www.in.gov.br/en/web/dou/-/portaria-mcid-n-767-de-26-de-julho-de-2024-574546651
S-1997,Cidades Sustentáveis e Resilientes,Mobilidade Urbana Sustentável,Médias e Grandes Cidades,FIN,FGTS,2024,SP,SAO PAULO,Sudeste,"56000004652/2023",Seleção Normal,0,386000000,386000000,selecionada,Setor Público,Novo PAC - Seleção,"767, de 2024",https://www.in.gov.br/en/web/dou/-/portaria-mcid-n-767-de-26-de-julho-de-2024-574546651
S-1998,Cidades Sustentáveis e Resilientes,Prevenção a Desastres,Contenção de Encostas,FIN,FGTS,2024,ES,CARIACICA,Sudeste,"56000000303/2023",Seleção Normal,0,5856880.6,5856880.6,selecionada,Setor Público,Novo PAC - Seleção,"451, de 2024",https://www.in.gov.br/web/dou/-/portaria-mcid-n-451-de-7-de-maio-de-2024-558538861
S-1999,Cidades Sustentáveis e Resilientes,Prevenção a Desastres,Contenção de Encostas,FIN,FGTS,2024,BA,"ILHEUS, ITABUNA",Nordeste,"56000000743/2023",Seleção Normal,0,2528733.38,2528733.38,selecionada,Setor Público,Novo PAC - Seleção,"451, de 2024",https://www.in.gov.br/web/dou/-/portaria-mcid-n-451-de-7-de-maio-de-2024-558538861
S-2000,Cidades Sustentáveis e Resilientes,Prevenção a Desastres,Contenção de Encostas,FIN,FGTS,2024,MA,SAO LUIS,Nordeste,"56000006374/2023",Seleção Normal,0,924531.50,924531.50,selecionada,Setor Público,Novo PAC - Seleção,"451, de 2024",https://www.in.gov.br/web/dou/-/portaria-mcid-n-451-de-7-de-maio-de-2024-558538861
S-2001,Cidades Sustentáveis e Resilientes,Prevenção a Desastres,Contenção de Encostas,FIN,FGTS,2024,BA,SALVADOR,Nordeste,"56000000324/2023",Seleção Normal,0,29894177.93,29894177.93,selecionada,Setor Público,Novo PAC - Seleção,"451, de 2024",https://www.in.gov.br/web/dou/-/portaria-mcid-n-451-de-7-de-maio-de-2024-558538861
S-2002,Cidades Sustentáveis e Resilientes,Mobilidade Urbana Sustentável,Médias e Grandes Cidades,OGU/FIN,OGU/FIN,2024,CE,FORTALEZA,Nordeste,"56000000846/2023",Seleção Normal,1000000000,1148000000,2148000000,selecionada,Setor Público,Novo PAC - Seleção,"767, de 2024",https://www.in.gov.br/en/web/dou/-/portaria-mcid-n-767-de-26-de-julho-de-2024-574546651
S-2003,Água Para Todos,Água para quem mais precisa,Abastecimento de Água - Rural,OGU,OGU,2024,CE,APUIARES,Nordeste,"56000000481/2023",Seleção Normal,544640.99,0,544640.99,selecionada,,Novo PAC - Seleção,"452, de 2024",https://www.in.gov.br/web/dou/-/portaria-mcid-n-452-de-7-de-maio-de-2024-558553728
S-2004,Água Para Todos,Água para quem mais precisa,Abastecimento de Água - Rural,OGU,OGU,2024,CE,BREJO SANTO,Nordeste,"56000000481/2023",Seleção Normal,718351.82,0,718351.82,selecionada,,Novo PAC - Seleção,"452, de 2024",https://www.in.gov.br/web/dou/-/portaria-mcid-n-452-de-7-de-maio-de-2024-558553728
S-2005,Água Para Todos,Água para quem mais precisa,Abastecimento de Água - Rural,OGU,OGU,2024,CE,OROS,Nordeste,"56000000481/2023",Seleção Normal,2433415.25,0,2433415.25,selecionada,,Novo PAC - Seleção,"452, de 2024",https://www.in.gov.br/web/dou/-/portaria-mcid-n-452-de-7-de-maio-de-2024-558553728
S-2006,Água Para Todos,Água para quem mais precisa,Abastecimento de Água - Rural,OGU,OGU,2024,CE,CHORO,Nordeste,"56000000481/2023",Seleção Normal,5294878.66,0,5294878.66,selecionada,,Novo PAC - Seleção,"452, de 2024",https://www.in.gov.br/web/dou/-/portaria-mcid-n-452-de-7-de-maio-de-2024-558553728
S-2007,Água Para Todos,Água para quem mais precisa,Abastecimento de Água - Rural,OGU,OGU,2024,SE,PIRAMBU,Nordeste,"56000000825/2023",Seleção Normal,304523.2,0,304523.2,selecionada,,Novo PAC - Seleção,"452, de 2024",https://www.in.gov.br/web/dou/-/portaria-mcid-n-452-de-7-de-maio-de-2024-558553728
S-2008,Água Para Todos,Água para quem mais precisa,Abastecimento de Água - Rural,OGU,OGU,2024,SE,TOBIAS BARRETO,Nordeste,"56000000825/2023",Seleção Normal,304523.18,0,304523.18,selecionada,,Novo PAC - Seleção,"452, de 2024",https://www.in.gov.br/web/dou/-/portaria-mcid-n-452-de-7-de-maio-de-2024-558553728
S-2009,Água Para Todos,Água para quem mais precisa,Abastecimento de Água - Rural,OGU,OGU,2024,SE,SANTA LUZIA DO ITANHY,Nordeste,"56000000825/2023",Seleção Normal,456784.77,0,456784.77,selecionada,,Novo PAC - Seleção,"452, de 2024",https://www.in.gov.br/web/dou/-/portaria-mcid-n-452-de-7-de-maio-de-2024-558553728
S-2010,Água Para Todos,Água para quem mais precisa,Abastecimento de Água - Rural,OGU,OGU,2024,SE,BOQUIM,Nordeste,"56000000825/2023",Seleção Normal,502583.02,0,502583.02,selecionada,,Novo PAC - Seleção,"452, de 2024",https://www.in.gov.br/web/dou/-/portaria-mcid-n-452-de-7-de-maio-de-2024-558553728
S-2011,Água Para Todos,Água para quem mais precisa,Abastecimento de Água - Rural,OGU,OGU,2024,SE,SALGADO,Nordeste,"56000000825/2023",Seleção Normal,578866.33,0,578866.33,selecionada,,Novo PAC - Seleção,"452, de 2024",https://www.in.gov.br/web/dou/-/portaria-mcid-n-452-de-7-de-maio-de-2024-558553728
S-2012,Água Para Todos,Água para quem mais precisa,Abastecimento de Água - Rural,OGU,OGU,2024,CE,PALHANO,Nordeste,"56000003549/2023",Seleção Normal,673609.22,0,673609.22,selecionada,,Novo PAC - Seleção,"452, de 2024",https://www.in.gov.br/web/dou/-/portaria-mcid-n-452-de-7-de-maio-de-2024-558553728
S-2013,Água Para Todos,Água para quem mais precisa,Abastecimento de Água - Rural,OGU,OGU,2024,CE,JAGUARETAMA,Nordeste,"56000003549/2023",Seleção Normal,1010413.83,0,1010413.83,selecionada,,Novo PAC - Seleção,"452, de 2024",https://www.in.gov.br/web/dou/-/portaria-mcid-n-452-de-7-de-maio-de-2024-558553728
S-2014,Água Para Todos,Água para quem mais precisa,Abastecimento de Água - Rural,OGU,OGU,2024,CE,UMARI,Nordeste,"56000003549/2023",Seleção Normal,2020827.66,0,2020827.66,selecionada,,Novo PAC - Seleção,"452, de 2024",https://www.in.gov.br/web/dou/-/portaria-mcid-n-452-de-7-de-maio-de-2024-558553728
S-2015,Água Para Todos,Água para quem mais precisa,Abastecimento de Água - Rural,OGU,OGU,2024,SC,IPORA DO OESTE,Sul,"56000005282/2023",Seleção Normal,2136771.97,0,2136771.97,selecionada,,Novo PAC - Seleção,"452, de 2024",https://www.in.gov.br/web/dou/-/portaria-mcid-n-452-de-7-de-maio-de-2024-558553728
S-2016,Água Para Todos,Água para quem mais precisa,Abastecimento de Água - Rural,OGU,OGU,2025,CE,PEDRA BRANCA,Nordeste,"56000007939/2025",Seleção Normal,6172422.69,0,6172422.69,selecionada,,Novo PAC - Seleção,"1.420, de 2025",https://www.in.gov.br/web/dou/-/portaria-mcid-n-1.420-de-9-de-dezembro-de-2025-674507215
S-2017,Água Para Todos,Água para quem mais precisa,Abastecimento de Água - Rural,OGU,OGU,2024,AM,PARINTINS,Norte,"56000006211/2023",Seleção Normal,397625.68,0,397625.68,selecionada,,Novo PAC - Seleção,"452, de 2024",https://www.in.gov.br/web/dou/-/portaria-mcid-n-452-de-7-de-maio-de-2024-558553728
S-2018,Cidades Sustentáveis e Resilientes,Prevenção a Desastres,Drenagem Urbana,OGU,OGU,2024,CE,TABULEIRO DO NORTE,Nordeste,"56000004623/2023",Seleção Normal,421164,0,421164,selecionada,,Novo PAC - Seleção,"765, de 2024",https://www.in.gov.br/en/web/dou/-/portaria-mcid-n-765-de-25-de-julho-de-2024-574546514
S-2019,Cidades Sustentáveis e Resilientes,Esgotamento Sanitário,Esgotamento Sanitário,FIN,FGTS,2024,SC,FLORIANOPOLIS,Sul,"56000002167/2023",Seleção Normal,0,15600000,15600000,selecionada,Setor Público,Novo PAC - Seleção,"769, de 2024",https://www.in.gov.br/en/web/dou/-/portaria-mcid-n-769-de-26-de-julho-de-2024-574546917
S-2020,Água Para Todos,Água para quem mais precisa,Abastecimento de Água - Rural,OGU,OGU,2025,PA,JURUTI,Norte,"56000007866/2025",Seleção Normal,2647346.15,0,2647346.15,selecionada,,Novo PAC - Seleção,"1.420, de 2025",https://www.in.gov.br/web/dou/-/portaria-mcid-n-1.420-de-9-de-dezembro-de-2025-674507215
S-2021,Água Para Todos,Água para quem mais precisa,Abastecimento de Água - Rural,OGU,OGU,2025,CE,CATUNDA,Nordeste,"56000007941/2025",Seleção Normal,4281925,0,4281925,selecionada,,Novo PAC - Seleção,"1.420, de 2025",https://www.in.gov.br/web/dou/-/portaria-mcid-n-1.420-de-9-de-dezembro-de-2025-674507215
S-2022,Água Para Todos,Água para quem mais precisa,Abastecimento de Água - Rural,OGU,OGU,2025,PA,ALMEIRIM,Norte,"56000007875/2025",Seleção Normal,2647346.15,0,2647346.15,selecionada,,Novo PAC - Seleção,"1.420, de 2025",https://www.in.gov.br/web/dou/-/portaria-mcid-n-1.420-de-9-de-dezembro-de-2025-674507215
S-2023,Água Para Todos,Água para quem mais precisa,Abastecimento de Água - Rural,OGU,OGU,2025,PA,ITUPIRANGA,Norte,"56000007880/2025",Seleção Normal,2647346.15,0,2647346.15,selecionada,,Novo PAC - Seleção,"1.420, de 2025",https://www.in.gov.br/web/dou/-/portaria-mcid-n-1.420-de-9-de-dezembro-de-2025-674507215
S-2024,Água Para Todos,Água para quem mais precisa,Abastecimento de Água - Rural,OGU,OGU,2025,PA,OURÉM,Norte,"56000007884/2025",Seleção Normal,2647346.15,0,2647346.15,selecionada,,Novo PAC - Seleção,"1.420, de 2025",https://www.in.gov.br/web/dou/-/portaria-mcid-n-1.420-de-9-de-dezembro-de-2025-674507215
S-2025,Água Para Todos,Água para quem mais precisa,Abastecimento de Água - Rural,OGU,OGU,2025,PA,CAMETÁ,Norte,"56000007888/2025",Seleção Normal,2818012.25,0,2818012.25,selecionada,,Novo PAC - Seleção,"1.420, de 2025",https://www.in.gov.br/web/dou/-/portaria-mcid-n-1.420-de-9-de-dezembro-de-2025-674507215
S-2026,Água Para Todos,Água para quem mais precisa,Abastecimento de Água - Rural,OGU,OGU,2025,BA,TREMEDAL,Nordeste,"56000007897/2025",Seleção Normal,44088267.05,0,44088267.05,selecionada,,Novo PAC - Seleção,"1.420, de 2025",https://www.in.gov.br/web/dou/-/portaria-mcid-n-1.420-de-9-de-dezembro-de-2025-674507215
S-2027,Água Para Todos,Água para quem mais precisa,Abastecimento de Água - Rural,OGU,OGU,2025,PI,PAULISTANA,Nordeste,"56000007903/2025",Seleção Normal,636850.15,0,636850.15,selecionada,,Novo PAC - Seleção,"1.420, de 2025",https://www.in.gov.br/web/dou/-/portaria-mcid-n-1.420-de-9-de-dezembro-de-2025-674507215
S-2028,Água Para Todos,Água para quem mais precisa,Abastecimento de Água - Rural,OGU,OGU,2025,PI,DOM INOCÊNCIO,Nordeste,"56000007909/2025",Seleção Normal,1284060.17,0,1284060.17,selecionada,,Novo PAC - Seleção,"1.420, de 2025",https://www.in.gov.br/web/dou/-/portaria-mcid-n-1.420-de-9-de-dezembro-de-2025-674507215
S-2029,Água Para Todos,Água para quem mais precisa,Abastecimento de Água - Rural,OGU,OGU,2025,CE,ITAPAJÉ,Nordeste,"56000007942/2025",Seleção Normal,12005261.73,0,12005261.73,selecionada,,Novo PAC - Seleção,"1.420, de 2025",https://www.in.gov.br/web/dou/-/portaria-mcid-n-1.420-de-9-de-dezembro-de-2025-674507215
S-2030,Água Para Todos,Água para quem mais precisa,Abastecimento de Água - Rural,OGU,OGU,2025,PI,CARIDADE DO PIAUÍ,Nordeste,"56000007926/2025",Seleção Normal,3962000,0,3962000,selecionada,,Novo PAC - Seleção,"1.420, de 2025",https://www.in.gov.br/web/dou/-/portaria-mcid-n-1.420-de-9-de-dezembro-de-2025-674507215
S-2031,Água Para Todos,Água para quem mais precisa,Abastecimento de Água - Rural,OGU,OGU,2025,CE,INDEPENDÊNCIA,Nordeste,"56000007930/2025",Seleção Normal,5365829.03,0,5365829.03,selecionada,,Novo PAC - Seleção,"1.420, de 2025",https://www.in.gov.br/web/dou/-/portaria-mcid-n-1.420-de-9-de-dezembro-de-2025-674507215
S-2032,Água Para Todos,Água para quem mais precisa,Abastecimento de Água - Rural,OGU,OGU,2025,CE,QUIXADÁ,Nordeste,"56000007934/2025",Seleção Normal,4198956.89,0,4198956.89,selecionada,,Novo PAC - Seleção,"1.420, de 2025",https://www.in.gov.br/web/dou/-/portaria-mcid-n-1.420-de-9-de-dezembro-de-2025-674507215
S-2033,Água Para Todos,Água para quem mais precisa,Abastecimento de Água - Rural,OGU,OGU,2025,CE,PEREIRO,Nordeste,"56000007946/2025",Seleção Normal,5684246.27,0,5684246.27,selecionada,,Novo PAC - Seleção,"1.420, de 2025",https://www.in.gov.br/web/dou/-/portaria-mcid-n-1.420-de-9-de-dezembro-de-2025-674507215
S-2034,Água Para Todos,Água para quem mais precisa,Abastecimento de Água - Rural,OGU,OGU,2025,CE,AIUABA,Nordeste,"56000007950/2025",Seleção Normal,7611344.86,0,7611344.86,selecionada,,Novo PAC - Seleção,"1.420, de 2025",https://www.in.gov.br/web/dou/-/portaria-mcid-n-1.420-de-9-de-dezembro-de-2025-674507215
S-2035,Água Para Todos,Água para quem mais precisa,Abastecimento de Água - Rural,OGU,OGU,2025,CE,CARIDADE,Nordeste,"56000007954/2025",Seleção Normal,1838572.97,0,1838572.97,selecionada,,Novo PAC - Seleção,"1.420, de 2025",https://www.in.gov.br/web/dou/-/portaria-mcid-n-1.420-de-9-de-dezembro-de-2025-674507215
S-2036,Água Para Todos,Água para quem mais precisa,Abastecimento de Água - Rural,OGU,OGU,2025,CE,PARAMBU,Nordeste,"56000007958/2025",Seleção Normal,4230125.94,0,4230125.94,selecionada,,Novo PAC - Seleção,"1.420, de 2025",https://www.in.gov.br/web/dou/-/portaria-mcid-n-1.420-de-9-de-dezembro-de-2025-674507215
S-2037,Água Para Todos,Água para quem mais precisa,Abastecimento de Água - Rural,OGU,OGU,2025,AM,ATALAIA DO NORTE,Norte,"56000007966/2025",Seleção Normal,504496.5,0,504496.5,selecionada,,Novo PAC - Seleção,"1.420, de 2025",https://www.in.gov.br/web/dou/-/portaria-mcid-n-1.420-de-9-de-dezembro-de-2025-674507215
S-2038,Cidades Sustentáveis e Resilientes,Mobilidade Urbana Sustentável,Renovação de Frota,FIN,FGTS,2025,RJ,MAGE,Sudeste,"56000002112/2025",Seleção Normal,0,38000000,38000000,enquadrada,Setor Público,Novo PAC - Seleção,"980, de 2025",https://www.in.gov.br/web/dou/-/portaria-mcid-n-980-de-29-de-agosto-de-2025-652031101
S-2039,Cidades Sustentáveis e Resilientes,Mobilidade Urbana Sustentável,Renovação de Frota,FIN,FGTS,2025,SP,OSASCO,Sudeste,"56000002076/2025",Seleção Normal,0,117800000,117800000,enquadrada,Setor Público,Novo PAC - Seleção,"980, de 2025",https://www.in.gov.br/web/dou/-/portaria-mcid-n-980-de-29-de-agosto-de-2025-652031101
S-2040,Cidades Sustentáveis e Resilientes,Mobilidade Urbana Sustentável,Renovação de Frota,FIN,FGTS,2025,SP,SAO JOSE DOS CAMPOS,Sudeste,"56000000950/2025",Seleção Normal,0,61750000,61750000,enquadrada,Setor Público,Novo PAC - Seleção,"980, de 2025",https://www.in.gov.br/web/dou/-/portaria-mcid-n-980-de-29-de-agosto-de-2025-652031101
S-2041,Cidades Sustentáveis e Resilientes,Esgotamento Sanitário,Esgotamento Sanitário,FIN,FGTS,2024,PR,CAFEZAL DO SUL,Sul,"56000000492/2023",Seleção Normal,0,14560907.75,14560907.75,selecionada,Setor Público,Novo PAC - Seleção,"769, de 2024",https://www.in.gov.br/en/web/dou/-/portaria-mcid-n-769-de-26-de-julho-de-2024-574546917
S-2042,Cidades Sustentáveis e Resilientes,Periferia Viva,Urbanização de Favelas,FIN,FGTS,2024,MS,CAMPO GRANDE,Centro-Oeste,"56000005975/2023",Seleção Normal,0,30525000,30525000,selecionada,Setor Público,Novo PAC - Seleção,"449, de 2024",https://www.in.gov.br/web/dou/-/portaria-mcid-n-449-de-7-de-maio-de-2024-558553094
S-2043,Cidades Sustentáveis e Resilientes,Periferia Viva,Urbanização de Favelas,FIN,FGTS,2024,SC,FLORIANOPOLIS,Sul,"56000000897/2023",Seleção Normal,0,43419861.55,43419861.55,selecionada,Setor Público,Novo PAC - Seleção,"449, de 2024",https://www.in.gov.br/web/dou/-/portaria-mcid-n-449-de-7-de-maio-de-2024-558553094
S-2044,Cidades Sustentáveis e Resilientes,Periferia Viva,Urbanização de Favelas,FIN,FGTS,2024,AM,MANAUS,Norte,"56000002655/2023",Seleção Normal,0,149653346.07,149653346.07,selecionada,Setor Público,Novo PAC - Seleção,"449, de 2024",https://www.in.gov.br/web/dou/-/portaria-mcid-n-449-de-7-de-maio-de-2024-558553094
S-2045,Cidades Sustentáveis e Resilientes,Periferia Viva,Urbanização de Favelas,FIN,FGTS,2024,SP,OSASCO,Sudeste,"56000005874/2023",Seleção Normal,0,77938726.62,77938726.62,selecionada,Setor Público,Novo PAC - Seleção,"449, de 2024",https://www.in.gov.br/web/dou/-/portaria-mcid-n-449-de-7-de-maio-de-2024-558553094
S-2046,Água Para Todos,Abastecimento de Água,Abastecimento de Água - Urbano,FIN,FGTS,2025,SP,ENGENHEIRO COELHO,Sudeste,"56000000161/2025",Seleção Normal,,5458714.72,5458714.72,enquadrada,Setor Público,Novo PAC - Seleção,"1.421, de 2025",https://in.gov.br/web/dou/-/portaria-mcid-n-1.421-de-9-de-dezembro-de-2025-674491274
S-2047,Água Para Todos,Água para quem mais precisa,Abastecimento de Água - Rural,OGU,OGU,2025,AM,BORBA,Norte,"56000007974/2025",Seleção Normal,252248.25,0,252248.25,selecionada,,Novo PAC - Seleção,"1.420, de 2025",https://www.in.gov.br/web/dou/-/portaria-mcid-n-1.420-de-9-de-dezembro-de-2025-674507215
S-2048,Água Para Todos,Água para quem mais precisa,Abastecimento de Água - Rural,OGU,OGU,2025,AM,CODAJÁS,Norte,"56000007981/2025",Seleção Normal,504496.5,0,504496.5,selecionada,,Novo PAC - Seleção,"1.420, de 2025",https://www.in.gov.br/web/dou/-/portaria-mcid-n-1.420-de-9-de-dezembro-de-2025-674507215
S-2049,Água Para Todos,Água para quem mais precisa,Abastecimento de Água - Rural,OGU,OGU,2025,AM,HUMAITÁ,Norte,"56000007986/2025",Seleção Normal,504496.5,0,504496.5,selecionada,,Novo PAC - Seleção,"1.420, de 2025",https://www.in.gov.br/web/dou/-/portaria-mcid-n-1.420-de-9-de-dezembro-de-2025-674507215
S-2050,Água Para Todos,Água para quem mais precisa,Abastecimento de Água - Rural,OGU,OGU,2025,PI,DIRCEU ARCOVERDE,Nordeste,"56000007993/2025",Seleção Normal,2694996.91,0,2694996.91,selecionada,,Novo PAC - Seleção,"1.420, de 2025",https://www.in.gov.br/web/dou/-/portaria-mcid-n-1.420-de-9-de-dezembro-de-2025-674507215
S-2051,Água Para Todos,Água para quem mais precisa,Abastecimento de Água - Rural,OGU,OGU,2025,AM,MANAQUIRI,Norte,"56000008007/2025",Seleção Normal,1008993,0,1008993,selecionada,,Novo PAC - Seleção,"1.420, de 2025",https://www.in.gov.br/web/dou/-/portaria-mcid-n-1.420-de-9-de-dezembro-de-2025-674507215
S-2052,Água Para Todos,Água para quem mais precisa,Abastecimento de Água - Rural,OGU,OGU,2025,PE,SALGUEIRO,Nordeste,"56000008040/2025",Seleção Normal,3860343.89,0,3860343.89,selecionada,,Novo PAC - Seleção,"1.420, de 2025",https://www.in.gov.br/web/dou/-/portaria-mcid-n-1.420-de-9-de-dezembro-de-2025-674507215
S-2053,Água Para Todos,Água para quem mais precisa,Abastecimento de Água - Rural,OGU,OGU,2025,AM,TONANTINS,Norte,"56000008047/2025",Seleção Normal,504496.5,0,504496.5,selecionada,,Novo PAC - Seleção,"1.420, de 2025",https://www.in.gov.br/web/dou/-/portaria-mcid-n-1.420-de-9-de-dezembro-de-2025-674507215
S-2054,Água Para Todos,Água para quem mais precisa,Abastecimento de Água - Rural,OGU,OGU,2025,PI,BETÂNIA DO PIAUÍ,Nordeste,"56000008060/2025",Seleção Normal,583830.39,0,583830.39,selecionada,,Novo PAC - Seleção,"1.420, de 2025",https://www.in.gov.br/web/dou/-/portaria-mcid-n-1.420-de-9-de-dezembro-de-2025-674507215
S-2055,Água Para Todos,Água para quem mais precisa,Abastecimento de Água - Rural,OGU,OGU,2025,PI,BONFIM DO PIAUÍ,Nordeste,"56000008066/2025",Seleção Normal,5424844.47,0,5424844.47,selecionada,,Novo PAC - Seleção,"1.420, de 2025",https://www.in.gov.br/web/dou/-/portaria-mcid-n-1.420-de-9-de-dezembro-de-2025-674507215
S-2056,Água Para Todos,Água para quem mais precisa,Abastecimento de Água - Rural,OGU,OGU,2025,RN,OLHO D'ÁGUA DO BORGES,Nordeste,"56000008073/2025",Seleção Normal,1912000,0,1912000,selecionada,,Novo PAC - Seleção,"1.420, de 2025",https://www.in.gov.br/web/dou/-/portaria-mcid-n-1.420-de-9-de-dezembro-de-2025-674507215
S-2057,Água Para Todos,Água para quem mais precisa,Abastecimento de Água - Rural,OGU,OGU,2025,PA,BOM JESUS DO TOCANTINS,Norte,"56000008080/2025",Seleção Normal,2650000,0,2650000,selecionada,,Novo PAC - Seleção,"1.420, de 2025",https://www.in.gov.br/web/dou/-/portaria-mcid-n-1.420-de-9-de-dezembro-de-2025-674507215
S-2058,Água Para Todos,Água para quem mais precisa,Abastecimento de Água - Rural,OGU,OGU,2025,RN,LUCRÉCIA,Nordeste,"56000008093/2025",Seleção Normal,2542500,0,2542500,selecionada,,Novo PAC - Seleção,"1.420, de 2025",https://www.in.gov.br/web/dou/-/portaria-mcid-n-1.420-de-9-de-dezembro-de-2025-674507215
S-2059,Água Para Todos,Água para quem mais precisa,Abastecimento de Água - Rural,OGU,OGU,2025,RN,APODI,Nordeste,"56000008102/2025",Seleção Normal,4522000,0,4522000,selecionada,,Novo PAC - Seleção,"1.420, de 2025",https://www.in.gov.br/web/dou/-/portaria-mcid-n-1.420-de-9-de-dezembro-de-2025-674507215
S-2060,Água Para Todos,Água para quem mais precisa,Abastecimento de Água - Rural,OGU,OGU,2025,RN,SÍTIO NOVO,Nordeste,"56000008113/2025",Seleção Normal,1425505.69,0,1425505.69,selecionada,,Novo PAC - Seleção,"1.420, de 2025",https://www.in.gov.br/web/dou/-/portaria-mcid-n-1.420-de-9-de-dezembro-de-2025-674507215
S-2061,Água Para Todos,Água para quem mais precisa,Abastecimento de Água - Rural,OGU,OGU,2025,RN,TENENTE ANANIAS,Nordeste,"56000008124/2025",Seleção Normal,422000,0,422000,selecionada,,Novo PAC - Seleção,"1.420, de 2025",https://www.in.gov.br/web/dou/-/portaria-mcid-n-1.420-de-9-de-dezembro-de-2025-674507215
S-2062,Água Para Todos,Água para quem mais precisa,Abastecimento de Água - Rural,OGU,OGU,2025,AC,TARAUACÁ,Norte,"56000008130/2025",Seleção Normal,828909.06,0,828909.06,selecionada,,Novo PAC - Seleção,"1.420, de 2025",https://www.in.gov.br/web/dou/-/portaria-mcid-n-1.420-de-9-de-dezembro-de-2025-674507215
S-2063,Água Para Todos,Água para quem mais precisa,Abastecimento de Água - Rural,OGU,OGU,2025,RN,PAU DOS FERROS,Nordeste,"56000008146/2025",Seleção Normal,797000,0,797000,selecionada,,Novo PAC - Seleção,"1.420, de 2025",https://www.in.gov.br/web/dou/-/portaria-mcid-n-1.420-de-9-de-dezembro-de-2025-674507215
S-2064,Água Para Todos,Água para quem mais precisa,Abastecimento de Água - Rural,OGU,OGU,2025,PA,ANAPU,Norte,"56000008150/2025",Seleção Normal,2650000,0,2650000,selecionada,,Novo PAC - Seleção,"1.420, de 2025",https://www.in.gov.br/web/dou/-/portaria-mcid-n-1.420-de-9-de-dezembro-de-2025-674507215
S-2065,Água Para Todos,Água para quem mais precisa,Abastecimento de Água - Rural,OGU,OGU,2025,RS,PORTO XAVIER,Sul,"56000008195/2025",Seleção Normal,1060330.01,0,1060330.01,selecionada,,Novo PAC - Seleção,"1.420, de 2025",https://www.in.gov.br/web/dou/-/portaria-mcid-n-1.420-de-9-de-dezembro-de-2025-674507215
S-2066,Água Para Todos,Água para quem mais precisa,Abastecimento de Água - Rural,OGU,OGU,2025,RN,SERRINHA,Nordeste,"56000008202/2025",Seleção Normal,1133000,0,1133000,selecionada,,Novo PAC - Seleção,"1.420, de 2025",https://www.in.gov.br/web/dou/-/portaria-mcid-n-1.420-de-9-de-dezembro-de-2025-674507215
S-2067,Água Para Todos,Água para quem mais precisa,Abastecimento de Água - Rural,OGU,OGU,2024,CE,IRAUCUBA,Nordeste,"56000003549/2023",Seleção Normal,673609.22,0,673609.22,selecionada,,Novo PAC - Seleção,"452, de 2024",https://www.in.gov.br/web/dou/-/portaria-mcid-n-452-de-7-de-maio-de-2024-558553728
S-2068,Cidades Sustentáveis e Resilientes,Mobilidade Urbana Sustentável,Médias e Grandes Cidades,FIN,FGTS,2026,SP,São Bernardo do Campo,Sudeste,"56000000130/2025",Seleção Normal,,45715326.44,45715326.44,selecionada,Setor Público,Novo PAC - Seleção,"123, de 2026",https://in.gov.br/web/dou/-/portaria-mcid-n-123-de-5-de-fevereiro-de-2026-687385760
S-2069,Cidades Sustentáveis e Resilientes,Mobilidade Urbana Sustentável,Médias e Grandes Cidades,FIN,FGTS,2026,RN,Natal,Nordeste,"56000008212/2025",Seleção Normal,,30587544.36,30587544.36,selecionada,Setor Público,Novo PAC - Seleção,"123, de 2026",https://in.gov.br/web/dou/-/portaria-mcid-n-123-de-5-de-fevereiro-de-2026-687385760
S-2070,Cidades Sustentáveis e Resilientes,Resíduos Sólidos,Resíduos Sólidos,FIN,FGTS,2025,SP,São José dos Campos,Sudeste,"56000001199/2025",Seleção Normal,,2500000,2500000,selecionada,Setor Público,Novo PAC - Seleção,"1.331, de 2025",https://www.in.gov.br/web/dou/-/portaria-mcid-n-1.331-de-19-de-novembro-de-2025-670492245
S-2071,Cidades Sustentáveis e Resilientes,Resíduos Sólidos,Resíduos Sólidos,FIN,FGTS,2025,MG,Unaí,Sudeste,"56000000918/2025",Seleção Normal,,11081122.81,11081122.81,selecionada,Setor Público,Novo PAC - Seleção,"1.331, de 2025",https://www.in.gov.br/web/dou/-/portaria-mcid-n-1.331-de-19-de-novembro-de-2025-670492245
S-2072,Cidades Sustentáveis e Resilientes,Resíduos Sólidos,Resíduos Sólidos,FIN,FGTS,2025,MG,Jaíba,Sudeste,"56000001786/2025",Seleção Normal,,2232500,2232500,selecionada,Setor Público,Novo PAC - Seleção,"1.331, de 2025",https://www.in.gov.br/web/dou/-/portaria-mcid-n-1.331-de-19-de-novembro-de-2025-670492245
S-2073,Água Para Todos,Água para quem mais precisa,Abastecimento de Água - Rural,OGU,OGU,2024,CE,IBICUITINGA,Nordeste,"56000003549/2023",Seleção Normal,1010413.83,0,1010413.83,selecionada,,Novo PAC - Seleção,"452, de 2024",https://www.in.gov.br/web/dou/-/portaria-mcid-n-452-de-7-de-maio-de-2024-558553728
S-2074,Água Para Todos,Água para quem mais precisa,Abastecimento de Água - Rural,OGU,OGU,2024,CE,SOLONOPOLE,Nordeste,"56000003549/2023",Seleção Normal,1684023.05,0,1684023.05,selecionada,,Novo PAC - Seleção,"452, de 2024",https://www.in.gov.br/web/dou/-/portaria-mcid-n-452-de-7-de-maio-de-2024-558553728
S-2075,Água Para Todos,Água para quem mais precisa,Abastecimento de Água - Rural,OGU,OGU,2024,AL,SANTANA DO IPANEMA,Nordeste,"56000004580/2023",Seleção Normal,5391699.27,0,5391699.27,selecionada,,Novo PAC - Seleção,"452, de 2024",https://www.in.gov.br/web/dou/-/portaria-mcid-n-452-de-7-de-maio-de-2024-558553728
S-2076,Água Para Todos,Água para quem mais precisa,Abastecimento de Água - Rural,OGU,OGU,2024,AL,CANAPI,Nordeste,"56000004580/2023",Seleção Normal,1347384.82,0,1347384.82,selecionada,,Novo PAC - Seleção,"452, de 2024",https://www.in.gov.br/web/dou/-/portaria-mcid-n-452-de-7-de-maio-de-2024-558553728
S-2077,Água Para Todos,Água para quem mais precisa,Abastecimento de Água - Rural,OGU,OGU,2024,AM,NHAMUNDA,Norte,"56000006211/2023",Seleção Normal,397625.68,0,397625.68,selecionada,,Novo PAC - Seleção,"452, de 2024",https://www.in.gov.br/web/dou/-/portaria-mcid-n-452-de-7-de-maio-de-2024-558553728
S-2078,Água Para Todos,Água para quem mais precisa,Abastecimento de Água - Rural,OGU,OGU,2024,AM,MARAA,Norte,"56000006211/2023",Seleção Normal,596438.52,0,596438.52,selecionada,,Novo PAC - Seleção,"452, de 2024",https://www.in.gov.br/web/dou/-/portaria-mcid-n-452-de-7-de-maio-de-2024-558553728
S-2079,Cidades Sustentáveis e Resilientes,Resíduos Sólidos,Resíduos Sólidos,FIN,FGTS,2024,BA,RIACHO DE SANTANA,Nordeste,"56000002913/2023",Seleção Normal,0,7204900,7204900,selecionada,Setor Público,Novo PAC - Seleção,"1.119, de 2024",https://www.in.gov.br/en/web/dou/-/portaria-mcid-n-1.119-de-7-de-outubro-de-2024-596577847
S-2080,Cidades Sustentáveis e Resilientes,Resíduos Sólidos,Resíduos Sólidos,FIN,FGTS,2024,MA,VIANA,Nordeste,"56000004164/2023",Seleção Normal,0,25631777.5,25631777.5,selecionada,Setor Público,Novo PAC - Seleção,"1.119, de 2024",https://www.in.gov.br/en/web/dou/-/portaria-mcid-n-1.119-de-7-de-outubro-de-2024-596577847
S-2081,Cidades Sustentáveis e Resilientes,Resíduos Sólidos,Resíduos Sólidos,FIN,FGTS,2024,PR,"SANTA INÊS, TERRA RICA, SAO JOAO DO CAIUA, MIRADOR, UNIFLOR, PRESIDENTE CASTELO BRANCO.",Sul,"56000004934/2023",Seleção Normal,0,1292522.56,1292522.56,selecionada,Setor Público,Novo PAC - Seleção,"1.119, de 2024",https://www.in.gov.br/en/web/dou/-/portaria-mcid-n-1.119-de-7-de-outubro-de-2024-596577847
S-2082,Cidades Sustentáveis e Resilientes,Prevenção a Desastres,Drenagem Urbana,FIN,FGTS,2024,DF,BRASILIA,Centro-Oeste,"56000002408/2023",Seleção Normal,0,38465344,38465344,selecionada,Setor Público,Novo PAC - Seleção,"765, de 2024",https://www.in.gov.br/en/web/dou/-/portaria-mcid-n-765-de-25-de-julho-de-2024-574546514
S-2083,Cidades Sustentáveis e Resilientes,Prevenção a Desastres,Drenagem Urbana,FIN,FGTS,2024,SC,CONCORDIA,Sul,"56000000253/2023",Seleção Normal,0,2438868,2438868,selecionada,Setor Público,Novo PAC - Seleção,"765, de 2024",https://www.in.gov.br/en/web/dou/-/portaria-mcid-n-765-de-25-de-julho-de-2024-574546514
S-2084,Cidades Sustentáveis e Resilientes,Prevenção a Desastres,Drenagem Urbana,FIN,FGTS,2024,PR,CURITIBA,Sul,"56000001915/2023",Seleção Normal,0,208000000,208000000,selecionada,Setor Público,Novo PAC - Seleção,"765, de 2024",https://www.in.gov.br/en/web/dou/-/portaria-mcid-n-765-de-25-de-julho-de-2024-574546514
S-2085,Cidades Sustentáveis e Resilientes,Prevenção a Desastres,Drenagem Urbana,FIN,FGTS,2024,SP,ITAPEVI,Sudeste,"56000000842/2023",Seleção Normal,0,158490496,158490496,selecionada,Setor Público,Novo PAC - Seleção,"765, de 2024",https://www.in.gov.br/en/web/dou/-/portaria-mcid-n-765-de-25-de-julho-de-2024-574546514
S-2086,Cidades Sustentáveis e Resilientes,Prevenção a Desastres,Drenagem Urbana,FIN,FGTS,2024,SC,JARAGUA DO SUL,Sul,"56000001369/2023",Seleção Normal,0,2338146,2338146,selecionada,Setor Público,Novo PAC - Seleção,"765, de 2024",https://www.in.gov.br/en/web/dou/-/portaria-mcid-n-765-de-25-de-julho-de-2024-574546514
S-2087,Cidades Sustentáveis e Resilientes,Prevenção a Desastres,Drenagem Urbana,FIN,FGTS,2024,SC,CANELINHA,Sul,"56000001495/2023",Seleção Normal,0,13923929,13923929,selecionada,Setor Público,Novo PAC - Seleção,"765, de 2024",https://www.in.gov.br/en/web/dou/-/portaria-mcid-n-765-de-25-de-julho-de-2024-574546514
S-2088,Cidades Sustentáveis e Resilientes,Prevenção a Desastres,Drenagem Urbana,FIN,FGTS,2024,PR,CAMPO LARGO,Sul,"56000002027/2023",Seleção Normal,0,6094387,6094387,selecionada,Setor Público,Novo PAC - Seleção,"765, de 2024",https://www.in.gov.br/en/web/dou/-/portaria-mcid-n-765-de-25-de-julho-de-2024-574546514
S-2089,Cidades Sustentáveis e Resilientes,Prevenção a Desastres,Drenagem Urbana,FIN,FGTS,2024,SC,"ILHOTA, ITAJAI E NAVEGANTES",Sul,"56000002559/2023",Seleção Normal,0,138197092,138197092,selecionada,Setor Público,Novo PAC - Seleção,"765, de 2024",https://www.in.gov.br/en/web/dou/-/portaria-mcid-n-765-de-25-de-julho-de-2024-574546514
S-2090,Cidades Sustentáveis e Resilientes,Prevenção a Desastres,Drenagem Urbana,FIN,FGTS,2024,SC,ICARA,Sul,"56000003210/2023",Seleção Normal,0,27984799,27984799,selecionada,Setor Público,Novo PAC - Seleção,"765, de 2024",https://www.in.gov.br/en/web/dou/-/portaria-mcid-n-765-de-25-de-julho-de-2024-574546514
S-2091,Cidades Sustentáveis e Resilientes,Prevenção a Desastres,Drenagem Urbana,FIN,FGTS,2024,SP,SAO BERNARDO DO CAMPO,Sudeste,"56000003675/2023",Seleção Normal,0,39827445,39827445,selecionada,Setor Público,Novo PAC - Seleção,"765, de 2024",https://www.in.gov.br/en/web/dou/-/portaria-mcid-n-765-de-25-de-julho-de-2024-574546514
S-2092,Cidades Sustentáveis e Resilientes,Prevenção a Desastres,Drenagem Urbana,FIN,FGTS,2024,SC,POUSO REDONDO,Sul,"56000003846/2023",Seleção Normal,0,69724245,69724245,selecionada,Setor Público,Novo PAC - Seleção,"765, de 2024",https://www.in.gov.br/en/web/dou/-/portaria-mcid-n-765-de-25-de-julho-de-2024-574546514
S-2093,Cidades Sustentáveis e Resilientes,Prevenção a Desastres,Drenagem Urbana,FIN,FGTS,2024,SP,SAO PAULO,Sudeste,"56000004971/2023",Seleção Normal,0,156166647,156166647,selecionada,Setor Público,Novo PAC - Seleção,"765, de 2024",https://www.in.gov.br/en/web/dou/-/portaria-mcid-n-765-de-25-de-julho-de-2024-574546514
S-2094,Cidades Sustentáveis e Resilientes,Prevenção a Desastres,Drenagem Urbana,FIN,FGTS,2024,MG,ARAXA,Sudeste,"56000006388/2023",Seleção Normal,0,32314700,32314700,selecionada,Setor Público,Novo PAC - Seleção,"765, de 2024",https://www.in.gov.br/en/web/dou/-/portaria-mcid-n-765-de-25-de-julho-de-2024-574546514
S-2095,Cidades Sustentáveis e Resilientes,Prevenção a Desastres,Drenagem Urbana,FIN,FGTS,2024,RJ,MARICA,Sudeste,"56000006833/2023",Seleção Normal,0,17000000,17000000,selecionada,Setor Público,Novo PAC - Seleção,"765, de 2024",https://www.in.gov.br/en/web/dou/-/portaria-mcid-n-765-de-25-de-julho-de-2024-574546514
S-2096,Cidades Sustentáveis e Resilientes,Prevenção a Desastres,Contenção de Encostas,FIN,FGTS,2024,MG,RIO CASCA,Sudeste,"56000004986/2023",Seleção Normal,0,8221909.04,8221909.04,selecionada,Setor Público,Novo PAC - Seleção,"451, de 2024",https://www.in.gov.br/web/dou/-/portaria-mcid-n-451-de-7-de-maio-de-2024-558538861
S-2097,Cidades Sustentáveis e Resilientes,Esgotamento Sanitário,Esgotamento Sanitário,FIN,FGTS,2024,SC,FLORIANOPOLIS,Sul,"56000001850/2023",Seleção Normal,0,58701874.17,58701874.17,selecionada,Setor Público,Novo PAC - Seleção,"769, de 2024",https://www.in.gov.br/en/web/dou/-/portaria-mcid-n-769-de-26-de-julho-de-2024-574546917
S-2098,Água Para Todos,Água para quem mais precisa,Abastecimento de Água - Rural,OGU,OGU,2024,SE,LAGARTO,Nordeste,"56000000825/2023",Seleção Normal,456784.77,0,456784.77,selecionada,,Novo PAC - Seleção,"452, de 2024",https://www.in.gov.br/web/dou/-/portaria-mcid-n-452-de-7-de-maio-de-2024-558553728
S-2099,Cidades Sustentáveis e Resilientes,Mobilidade Urbana Sustentável,Médias e Grandes Cidades,FIN,FGTS,2024,AC,RIO BRANCO,Norte,"56000000452/2023",Seleção Normal,0,27806522.52,27806522.52,selecionada,Setor Público,Novo PAC - Seleção,"767, de 2024",https://www.in.gov.br/en/web/dou/-/portaria-mcid-n-767-de-26-de-julho-de-2024-574546651
S-2100,Cidades Sustentáveis e Resilientes,Mobilidade Urbana Sustentável,Médias e Grandes Cidades,FIN,FGTS,2024,SP,SAO PAULO,Sudeste,"56000004226/2023",Seleção Normal,0,178580958.4,178580958.4,selecionada,Setor Público,Novo PAC - Seleção,"767, de 2024",https://www.in.gov.br/en/web/dou/-/portaria-mcid-n-767-de-26-de-julho-de-2024-574546651
S-2101,Cidades Sustentáveis e Resilientes,Resíduos Sólidos,Resíduos Sólidos,FIN,FGTS,2024,MA,NOVA OLINDA DO MARANHAO,Nordeste,"56000004780/2023",Seleção Normal,0,4666699.04,4666699.04,selecionada,Setor Público,Novo PAC - Seleção,"1.119, de 2024",https://www.in.gov.br/en/web/dou/-/portaria-mcid-n-1.119-de-7-de-outubro-de-2024-596577847
S-2102,Cidades Sustentáveis e Resilientes,Prevenção a Desastres,Drenagem Urbana,FIN,FGTS,2024,RS,PORTO ALEGRE,Sul,"56000005267/2023",Calamidade RS,0,113235059,113235059,selecionada,Setor Público,Novo PAC - Seleção,"776, de 2024",https://www.in.gov.br/web/dou/-/portaria-mcid-n-776-de-30-de-julho-de-2024-575055636
S-2103,Cidades Sustentáveis e Resilientes,Prevenção a Desastres,Contenção de Encostas,FIN,FGTS,2024,PE,JABOATAO DOS GUARARAPES,Nordeste,"56000000421/2023",Seleção Normal,0,25396750.52,25396750.52,selecionada,Setor Público,Novo PAC - Seleção,"451, de 2024",https://www.in.gov.br/web/dou/-/portaria-mcid-n-451-de-7-de-maio-de-2024-558538861
S-2104,Cidades Sustentáveis e Resilientes,Prevenção a Desastres,Contenção de Encostas,FIN,FGTS,2024,PE,RECIFE,Nordeste,"56000001076/2023",Seleção Normal,0,11647797.89,11647797.89,selecionada,Setor Público,Novo PAC - Seleção,"451, de 2024",https://www.in.gov.br/web/dou/-/portaria-mcid-n-451-de-7-de-maio-de-2024-558538861
S-2105,Cidades Sustentáveis e Resilientes,Mobilidade Urbana Sustentável,Médias e Grandes Cidades,OGU/FIN,OGU/FIN,2024,SP,MAUA,Sudeste,"56000000360/2023",Seleção Normal,76170083.52,70747653.86,146917737.38,selecionada,Setor Público,Novo PAC - Seleção,"767, de 2024",https://www.in.gov.br/en/web/dou/-/portaria-mcid-n-767-de-26-de-julho-de-2024-574546651
S-2106,Cidades Sustentáveis e Resilientes,Mobilidade Urbana Sustentável,Médias e Grandes Cidades,OGU/FIN,OGU/FIN,2024,CE,FORTALEZA,Nordeste,"56000004187/2023",Seleção Normal,76132078.76,51361060.26,127493139.02,selecionada,Setor Público,Novo PAC - Seleção,"767, de 2024",https://www.in.gov.br/en/web/dou/-/portaria-mcid-n-767-de-26-de-julho-de-2024-574546651
S-2107,Água Para Todos,Água para quem mais precisa,Abastecimento de Água - Rural,OGU,OGU,2024,CE,PEDRA BRANCA,Nordeste,"56000000481/2023",Seleção Normal,541233.97,0,541233.97,selecionada,,Novo PAC - Seleção,"452, de 2024",https://www.in.gov.br/web/dou/-/portaria-mcid-n-452-de-7-de-maio-de-2024-558553728
S-2108,Água Para Todos,Água para quem mais precisa,Abastecimento de Água - Rural,OGU,OGU,2024,CE,CATARINA,Nordeste,"56000000481/2023",Seleção Normal,714295.26,0,714295.26,selecionada,,Novo PAC - Seleção,"452, de 2024",https://www.in.gov.br/web/dou/-/portaria-mcid-n-452-de-7-de-maio-de-2024-558553728
S-2109,Água Para Todos,Água para quem mais precisa,Abastecimento de Água - Rural,OGU,OGU,2024,CE,QUIXADA,Nordeste,"56000000481/2023",Seleção Normal,2297897.85,0,2297897.85,selecionada,,Novo PAC - Seleção,"452, de 2024",https://www.in.gov.br/web/dou/-/portaria-mcid-n-452-de-7-de-maio-de-2024-558553728
S-2110,Água Para Todos,Água para quem mais precisa,Abastecimento de Água - Rural,OGU,OGU,2024,CE,ITAPIUNA,Nordeste,"56000000481/2023",Seleção Normal,4362983.55,0,4362983.55,selecionada,,Novo PAC - Seleção,"452, de 2024",https://www.in.gov.br/web/dou/-/portaria-mcid-n-452-de-7-de-maio-de-2024-558553728
S-2111,Água Para Todos,Água para quem mais precisa,Abastecimento de Água - Rural,OGU,OGU,2024,SE,PACATUBA,Nordeste,"56000000825/2023",Seleção Normal,304523.2,0,304523.2,selecionada,,Novo PAC - Seleção,"452, de 2024",https://www.in.gov.br/web/dou/-/portaria-mcid-n-452-de-7-de-maio-de-2024-558553728
S-2112,Água Para Todos,Água para quem mais precisa,Abastecimento de Água - Rural,OGU,OGU,2024,SE,SANTO AMARO DAS BROTAS,Nordeste,"56000000825/2023",Seleção Normal,304523.18,0,304523.18,selecionada,,Novo PAC - Seleção,"452, de 2024",https://www.in.gov.br/web/dou/-/portaria-mcid-n-452-de-7-de-maio-de-2024-558553728
S-2113,Água Para Todos,Água para quem mais precisa,Abastecimento de Água - Rural,OGU,OGU,2024,SE,PEDRINHAS,Nordeste,"56000000825/2023",Seleção Normal,456784.77,0,456784.77,selecionada,,Novo PAC - Seleção,"452, de 2024",https://www.in.gov.br/web/dou/-/portaria-mcid-n-452-de-7-de-maio-de-2024-558553728
S-2114,Água Para Todos,Água para quem mais precisa,Abastecimento de Água - Rural,OGU,OGU,2024,SE,TOMAR DO GERU,Nordeste,"56000000825/2023",Seleção Normal,456784.77,0,456784.77,selecionada,,Novo PAC - Seleção,"452, de 2024",https://www.in.gov.br/web/dou/-/portaria-mcid-n-452-de-7-de-maio-de-2024-558553728
S-2115,Água Para Todos,Água para quem mais precisa,Abastecimento de Água - Rural,OGU,OGU,2024,SE,ITABAIANINHA,Nordeste,"56000000825/2023",Seleção Normal,578866.33,0,578866.33,selecionada,,Novo PAC - Seleção,"452, de 2024",https://www.in.gov.br/web/dou/-/portaria-mcid-n-452-de-7-de-maio-de-2024-558553728
S-2116,Cidades Sustentáveis e Resilientes,Prevenção a Desastres,Drenagem Urbana,FIN,FGTS,2025,MA,ACAILANDIA,Nordeste,"56000000108/2025",Seleção Normal,0,14000000,14000000,enquadrada,Setor Privado,Novo PAC - Seleção,"1.088, de 2025",https://www.in.gov.br/web/dou/-/portaria-mcid-n-1.088-de-19-de-setembro-de-2025-657754761
S-2117,Cidades Sustentáveis e Resilientes,Prevenção a Desastres,Drenagem Urbana,FIN,FGTS,2025,MG,ARAXA,Sudeste,"56000000304/2025",Seleção Normal,0,32314699.62,32314699.62,enquadrada,Setor Privado,Novo PAC - Seleção,"1.088, de 2025",https://www.in.gov.br/web/dou/-/portaria-mcid-n-1.088-de-19-de-setembro-de-2025-657754761
S-2118,Cidades Sustentáveis e Resilientes,Prevenção a Desastres,Drenagem Urbana,FIN,FGTS,2025,MG,GOVERNADOR VALADARES,Sudeste,"56000000682/2025",Seleção Normal,0,15000000,15000000,enquadrada,Setor Privado,Novo PAC - Seleção,"1.088, de 2025",https://www.in.gov.br/web/dou/-/portaria-mcid-n-1.088-de-19-de-setembro-de-2025-657754761
S-2119,Cidades Sustentáveis e Resilientes,Prevenção a Desastres,Drenagem Urbana,FIN,FGTS,2025,MG,VESPASIANO,Sudeste,"56000002062/2025",Seleção Normal,0,16028524.03,16028524.03,enquadrada,Setor Privado,Novo PAC - Seleção,"1.088, de 2025",https://www.in.gov.br/web/dou/-/portaria-mcid-n-1.088-de-19-de-setembro-de-2025-657754761
S-2120,Cidades Sustentáveis e Resilientes,Prevenção a Desastres,Drenagem Urbana,FIN,FGTS,2025,PA,BARCARENA,Norte,"56000001526/2025",Seleção Normal,0,13397793.95,13397793.95,enquadrada,Setor Privado,Novo PAC - Seleção,"1.088, de 2025",https://www.in.gov.br/web/dou/-/portaria-mcid-n-1.088-de-19-de-setembro-de-2025-657754761
S-2121,Cidades Sustentáveis e Resilientes,Prevenção a Desastres,Drenagem Urbana,FIN,FGTS,2025,PE,CABO DE SANTO AGOSTINHO,Nordeste,"56000001511/2025",Seleção Normal,0,64270000,64270000,enquadrada,Setor Privado,Novo PAC - Seleção,"1.088, de 2025",https://www.in.gov.br/web/dou/-/portaria-mcid-n-1.088-de-19-de-setembro-de-2025-657754761
S-2122,Cidades Sustentáveis e Resilientes,Prevenção a Desastres,Drenagem Urbana,FIN,FGTS,2025,RJ,NOVA IGUACU,Sudeste,"56000001264/2025",Seleção Normal,0,53021196.43,53021196.43,enquadrada,Setor Privado,Novo PAC - Seleção,"1.088, de 2025",https://www.in.gov.br/web/dou/-/portaria-mcid-n-1.088-de-19-de-setembro-de-2025-657754761
S-2123,Cidades Sustentáveis e Resilientes,Prevenção a Desastres,Drenagem Urbana,FIN,FGTS,2025,RJ,QUEIMADOS,Sudeste,"56000000548/2025",Seleção Normal,0,144476241.74,144476241.74,enquadrada,Setor Privado,Novo PAC - Seleção,"1.088, de 2025",https://www.in.gov.br/web/dou/-/portaria-mcid-n-1.088-de-19-de-setembro-de-2025-657754761
S-2124,Cidades Sustentáveis e Resilientes,Prevenção a Desastres,Drenagem Urbana,FIN,FGTS,2025,RS,GUAIBA,Sul,"56000001510/2025",Seleção Normal,0,52558378.97,52558378.97,enquadrada,Setor Privado,Novo PAC - Seleção,"1.088, de 2025",https://www.in.gov.br/web/dou/-/portaria-mcid-n-1.088-de-19-de-setembro-de-2025-657754761
S-2125,Cidades Sustentáveis e Resilientes,Prevenção a Desastres,Drenagem Urbana,FIN,FGTS,2025,SC,BLUMENAU,Sul,"56000002102/2025",Seleção Normal,0,20605488.47,20605488.47,enquadrada,Setor Privado,Novo PAC - Seleção,"1.088, de 2025",https://www.in.gov.br/web/dou/-/portaria-mcid-n-1.088-de-19-de-setembro-de-2025-657754761
S-2126,Cidades Sustentáveis e Resilientes,Prevenção a Desastres,Drenagem Urbana,FIN,FGTS,2025,SC,JOINVILLE,Sul,"56000000616/2025",Seleção Normal,0,80000000,80000000,enquadrada,Setor Privado,Novo PAC - Seleção,"1.088, de 2025",https://www.in.gov.br/web/dou/-/portaria-mcid-n-1.088-de-19-de-setembro-de-2025-657754761
S-2127,Cidades Sustentáveis e Resilientes,Prevenção a Desastres,Drenagem Urbana,FIN,FGTS,2025,SP,BOTUCATU,Sudeste,"56000002254/2025",Seleção Normal,0,88890000,88890000,enquadrada,Setor Privado,Novo PAC - Seleção,"1.088, de 2025",https://www.in.gov.br/web/dou/-/portaria-mcid-n-1.088-de-19-de-setembro-de-2025-657754761
S-2128,Cidades Sustentáveis e Resilientes,Prevenção a Desastres,Drenagem Urbana,FIN,FGTS,2025,SP,OSASCO,Sudeste,"56000002099/2025",Seleção Normal,0,40906441.7,40906441.7,enquadrada,Setor Privado,Novo PAC - Seleção,"1.088, de 2025",https://www.in.gov.br/web/dou/-/portaria-mcid-n-1.088-de-19-de-setembro-de-2025-657754761
S-2129,Água Para Todos,Abastecimento de Água,Abastecimento de Água - Urbano,FIN,FGTS,2025,SP,ITU,Sudeste,"56000000998/2025",Seleção Normal,,25888013,25888013,enquadrada,Setor Público,Novo PAC - Seleção,"1.421, de 2025",https://in.gov.br/web/dou/-/portaria-mcid-n-1.421-de-9-de-dezembro-de-2025-674491274
S-2130,Cidades Sustentáveis e Resilientes,Esgotamento Sanitário,Esgotamento Sanitário,FIN,FGTS,2024,SC,"FLORIANOPOLIS, SAO JOSE",Sul,"56000003193/2023",Seleção Normal,0,58645422.38,58645422.38,selecionada,Setor Público,Novo PAC - Seleção,"769, de 2024",https://www.in.gov.br/en/web/dou/-/portaria-mcid-n-769-de-26-de-julho-de-2024-574546917
S-2131,Água Para Todos,Água para quem mais precisa,Abastecimento de Água - Rural,OGU,OGU,2025,PA,SÃO SEBASTIÃO DA BOA VISTA,Norte,"56000007865/2025",Seleção Normal,2647346.15,0,2647346.15,selecionada,,Novo PAC - Seleção,"1.420, de 2025",https://www.in.gov.br/web/dou/-/portaria-mcid-n-1.420-de-9-de-dezembro-de-2025-674507215
S-2132,Água Para Todos,Água para quem mais precisa,Abastecimento de Água - Rural,OGU,OGU,2025,PA,ACARÁ,Norte,"56000007871/2025",Seleção Normal,2818012.25,0,2818012.25,selecionada,,Novo PAC - Seleção,"1.420, de 2025",https://www.in.gov.br/web/dou/-/portaria-mcid-n-1.420-de-9-de-dezembro-de-2025-674507215
S-2133,Água Para Todos,Água para quem mais precisa,Abastecimento de Água - Rural,OGU,OGU,2025,PA,ALENQUER,Norte,"56000007874/2025",Seleção Normal,2647346.15,0,2647346.15,selecionada,,Novo PAC - Seleção,"1.420, de 2025",https://www.in.gov.br/web/dou/-/portaria-mcid-n-1.420-de-9-de-dezembro-de-2025-674507215
S-2134,Água Para Todos,Água para quem mais precisa,Abastecimento de Água - Rural,OGU,OGU,2025,PA,CURUÁ,Norte,"56000007878/2025",Seleção Normal,2647346.15,0,2647346.15,selecionada,,Novo PAC - Seleção,"1.420, de 2025",https://www.in.gov.br/web/dou/-/portaria-mcid-n-1.420-de-9-de-dezembro-de-2025-674507215
S-2135,Água Para Todos,Água para quem mais precisa,Abastecimento de Água - Rural,OGU,OGU,2025,PA,ORIXIMINÁ,Norte,"56000007883/2025",Seleção Normal,2647346.15,0,2647346.15,selecionada,,Novo PAC - Seleção,"1.420, de 2025",https://www.in.gov.br/web/dou/-/portaria-mcid-n-1.420-de-9-de-dezembro-de-2025-674507215
S-2136,Água Para Todos,Água para quem mais precisa,Abastecimento de Água - Rural,OGU,OGU,2025,PA,SÃO FÉLIX DO XINGU,Norte,"56000007887/2025",Seleção Normal,2647346.15,0,2647346.15,selecionada,,Novo PAC - Seleção,"1.420, de 2025",https://www.in.gov.br/web/dou/-/portaria-mcid-n-1.420-de-9-de-dezembro-de-2025-674507215
S-2137,Água Para Todos,Água para quem mais precisa,Abastecimento de Água - Rural,OGU,OGU,2025,BA,BOM JESUS DA LAPA,Nordeste,"56000007896/2025",Seleção Normal,21749850.95,0,21749850.95,selecionada,,Novo PAC - Seleção,"1.420, de 2025",https://www.in.gov.br/web/dou/-/portaria-mcid-n-1.420-de-9-de-dezembro-de-2025-674507215
S-2138,Água Para Todos,Água para quem mais precisa,Abastecimento de Água - Rural,OGU,OGU,2025,PI,CORONEL JOSÉ DIAS,Nordeste,"56000007902/2025",Seleção Normal,2315103.93,0,2315103.93,selecionada,,Novo PAC - Seleção,"1.420, de 2025",https://www.in.gov.br/web/dou/-/portaria-mcid-n-1.420-de-9-de-dezembro-de-2025-674507215
S-2139,Água Para Todos,Água para quem mais precisa,Abastecimento de Água - Rural,OGU,OGU,2025,PI,FARTURA DO PIAUÍ,Nordeste,"56000007908/2025",Seleção Normal,2000000,0,2000000,selecionada,,Novo PAC - Seleção,"1.420, de 2025",https://www.in.gov.br/web/dou/-/portaria-mcid-n-1.420-de-9-de-dezembro-de-2025-674507215
S-2140,Água Para Todos,Água para quem mais precisa,Abastecimento de Água - Rural,OGU,OGU,2025,PE,ITAÍBA,Nordeste,"56000008050/2025",Seleção Normal,4959940.28,0,4959940.28,selecionada,,Novo PAC - Seleção,"1.420, de 2025",https://www.in.gov.br/web/dou/-/portaria-mcid-n-1.420-de-9-de-dezembro-de-2025-674507215
S-2141,Água Para Todos,Água para quem mais precisa,Abastecimento de Água - Rural,OGU,OGU,2025,CE,ITATIRA,Nordeste,"56000007923/2025",Seleção Normal,3831017.01,0,3831017.01,selecionada,,Novo PAC - Seleção,"1.420, de 2025",https://www.in.gov.br/web/dou/-/portaria-mcid-n-1.420-de-9-de-dezembro-de-2025-674507215
S-2142,Água Para Todos,Água para quem mais precisa,Abastecimento de Água - Rural,OGU,OGU,2025,CE,DEPUTADO IRAPUAN PINHEIRO,Nordeste,"56000007929/2025",Seleção Normal,2561802.2,0,2561802.2,selecionada,,Novo PAC - Seleção,"1.420, de 2025",https://www.in.gov.br/web/dou/-/portaria-mcid-n-1.420-de-9-de-dezembro-de-2025-674507215
S-2143,Água Para Todos,Água para quem mais precisa,Abastecimento de Água - Rural,OGU,OGU,2025,CE,POTIRETAMA,Nordeste,"56000007933/2025",Seleção Normal,5226179.52,0,5226179.52,selecionada,,Novo PAC - Seleção,"1.420, de 2025",https://www.in.gov.br/web/dou/-/portaria-mcid-n-1.420-de-9-de-dezembro-de-2025-674507215
S-2144,Água Para Todos,Água para quem mais precisa,Abastecimento de Água - Rural,OGU,OGU,2025,CE,TAUÁ,Nordeste,"56000007937/2025",Seleção Normal,2318166.11,0,2318166.11,selecionada,,Novo PAC - Seleção,"1.420, de 2025",https://www.in.gov.br/web/dou/-/portaria-mcid-n-1.420-de-9-de-dezembro-de-2025-674507215
S-2145,Água Para Todos,Água para quem mais precisa,Abastecimento de Água - Rural,OGU,OGU,2025,CE,ACOPIARA,Nordeste,"56000007949/2025",Seleção Normal,4330225.91,0,4330225.91,selecionada,,Novo PAC - Seleção,"1.420, de 2025",https://www.in.gov.br/web/dou/-/portaria-mcid-n-1.420-de-9-de-dezembro-de-2025-674507215
S-2146,Água Para Todos,Água para quem mais precisa,Abastecimento de Água - Rural,OGU,OGU,2025,CE,CANINDÉ,Nordeste,"56000007953/2025",Seleção Normal,6411174.01,0,6411174.01,selecionada,,Novo PAC - Seleção,"1.420, de 2025",https://www.in.gov.br/web/dou/-/portaria-mcid-n-1.420-de-9-de-dezembro-de-2025-674507215
S-2147,Água Para Todos,Água para quem mais precisa,Abastecimento de Água - Rural,OGU,OGU,2025,CE,MOMBAÇA,Nordeste,"56000007957/2025",Seleção Normal,4273880.51,0,4273880.51,selecionada,,Novo PAC - Seleção,"1.420, de 2025",https://www.in.gov.br/web/dou/-/portaria-mcid-n-1.420-de-9-de-dezembro-de-2025-674507215
S-2148,Água Para Todos,Água para quem mais precisa,Abastecimento de Água - Rural,OGU,OGU,2025,AM,ANAMÃ,Norte,"56000007964/2025",Seleção Normal,252248.25,0,252248.25,selecionada,,Novo PAC - Seleção,"1.420, de 2025",https://www.in.gov.br/web/dou/-/portaria-mcid-n-1.420-de-9-de-dezembro-de-2025-674507215
S-2149,Água Para Todos,Água para quem mais precisa,Abastecimento de Água - Rural,OGU,OGU,2025,AM,BOCA DO ACRE,Norte,"56000007973/2025",Seleção Normal,1008993,0,1008993,selecionada,,Novo PAC - Seleção,"1.420, de 2025",https://www.in.gov.br/web/dou/-/portaria-mcid-n-1.420-de-9-de-dezembro-de-2025-674507215
S-2150,Água Para Todos,Água para quem mais precisa,Abastecimento de Água - Rural,OGU,OGU,2025,AM,COARI,Norte,"56000007980/2025",Seleção Normal,252248.25,0,252248.25,selecionada,,Novo PAC - Seleção,"1.420, de 2025",https://www.in.gov.br/web/dou/-/portaria-mcid-n-1.420-de-9-de-dezembro-de-2025-674507215
S-2151,Água Para Todos,Água para quem mais precisa,Abastecimento de Água - Rural,OGU,OGU,2025,AM,GUAJARÁ,Norte,"56000007985/2025",Seleção Normal,756744.75,0,756744.75,selecionada,,Novo PAC - Seleção,"1.420, de 2025",https://www.in.gov.br/web/dou/-/portaria-mcid-n-1.420-de-9-de-dezembro-de-2025-674507215
S-2152,Água Para Todos,Água para quem mais precisa,Abastecimento de Água - Rural,OGU,OGU,2025,AM,ITAPIRANGA,Norte,"56000007991/2025",Seleção Normal,1008993,0,1008993,selecionada,,Novo PAC - Seleção,"1.420, de 2025",https://www.in.gov.br/web/dou/-/portaria-mcid-n-1.420-de-9-de-dezembro-de-2025-674507215
S-2153,Água Para Todos,Água para quem mais precisa,Abastecimento de Água - Rural,OGU,OGU,2025,AM,JURUÁ,Norte,"56000008002/2025",Seleção Normal,252248.25,0,252248.25,selecionada,,Novo PAC - Seleção,"1.420, de 2025",https://www.in.gov.br/web/dou/-/portaria-mcid-n-1.420-de-9-de-dezembro-de-2025-674507215
S-2154,Água Para Todos,Água para quem mais precisa,Abastecimento de Água - Rural,OGU,OGU,2025,AM,PRESIDENTE FIGUEIREDO,Norte,"56000008033/2025",Seleção Normal,504496.5,0,504496.5,selecionada,,Novo PAC - Seleção,"1.420, de 2025",https://www.in.gov.br/web/dou/-/portaria-mcid-n-1.420-de-9-de-dezembro-de-2025-674507215
S-2155,Água Para Todos,Água para quem mais precisa,Abastecimento de Água - Rural,OGU,OGU,2025,PE,SÃO JOSÉ DO BELMONTE,Nordeste,"56000008045/2025",Seleção Normal,10555152.27,0,10555152.27,selecionada,,Novo PAC - Seleção,"1.420, de 2025",https://www.in.gov.br/web/dou/-/portaria-mcid-n-1.420-de-9-de-dezembro-de-2025-674507215
S-2156,Água Para Todos,Água para quem mais precisa,Abastecimento de Água - Rural,OGU,OGU,2025,RN,SANTANA DO MATOS,Nordeste,"56000008057/2025",Seleção Normal,523650,0,523650,selecionada,,Novo PAC - Seleção,"1.420, de 2025",https://www.in.gov.br/web/dou/-/portaria-mcid-n-1.420-de-9-de-dezembro-de-2025-674507215
S-2157,Água Para Todos,Água para quem mais precisa,Abastecimento de Água - Rural,OGU,OGU,2025,PE,MIRANDIBA,Nordeste,"56000008065/2025",Seleção Normal,21667120.32,0,21667120.32,selecionada,,Novo PAC - Seleção,"1.420, de 2025",https://www.in.gov.br/web/dou/-/portaria-mcid-n-1.420-de-9-de-dezembro-de-2025-674507215
S-2158,Água Para Todos,Água para quem mais precisa,Abastecimento de Água - Rural,OGU,OGU,2025,BA,MAETINGA,Nordeste,"56000008072/2025",Seleção Normal,5238086.2,0,5238086.2,selecionada,,Novo PAC - Seleção,"1.420, de 2025",https://www.in.gov.br/web/dou/-/portaria-mcid-n-1.420-de-9-de-dezembro-de-2025-674507215
S-2159,Água Para Todos,Água para quem mais precisa,Abastecimento de Água - Rural,OGU,OGU,2025,AL,PIRANHAS,Nordeste,"56000008076/2025",Seleção Normal,12506509.14,0,12506509.14,selecionada,,Novo PAC - Seleção,"1.420, de 2025",https://www.in.gov.br/web/dou/-/portaria-mcid-n-1.420-de-9-de-dezembro-de-2025-674507215
S-2160,Água Para Todos,Abastecimento de Água,Abastecimento de Água - Urbano,FIN,FGTS,2025,BA,ESTADO DA BAHIA,Nordeste,"56000000657/2025",Seleção Normal,,209000000,209000000,enquadrada,Setor Privado,Novo PAC - Seleção,"1.421, de 2025",https://in.gov.br/web/dou/-/portaria-mcid-n-1.421-de-9-de-dezembro-de-2025-674491274
S-2161,Água Para Todos,Abastecimento de Água,Abastecimento de Água - Urbano,OGU,OGU,2024,RJ,BARRA DO PIRAI,Sudeste,"56000002933/2023",Seleção Normal,27942344.97,0,27942344.97,selecionada,,Novo PAC - Seleção,"768, de 2024",https://www.in.gov.br/en/web/dou/-/portaria-mcid-n-768-de-26-de-julho-de-2024-574522819
S-2162,Água Para Todos,Água para quem mais precisa,Abastecimento de Água - Rural,OGU,OGU,2025,AP,VITÓRIA DO JARI,Norte,"56000008085/2025",Seleção Normal,373607.08,0,373607.08,selecionada,,Novo PAC - Seleção,"1.420, de 2025",https://www.in.gov.br/web/dou/-/portaria-mcid-n-1.420-de-9-de-dezembro-de-2025-674507215
S-2163,Água Para Todos,Água para quem mais precisa,Abastecimento de Água - Rural,OGU,OGU,2025,PA,BAGRE,Norte,"56000008101/2025",Seleção Normal,2650000,0,2650000,selecionada,,Novo PAC - Seleção,"1.420, de 2025",https://www.in.gov.br/web/dou/-/portaria-mcid-n-1.420-de-9-de-dezembro-de-2025-674507215
S-2164,Água Para Todos,Água para quem mais precisa,Abastecimento de Água - Rural,OGU,OGU,2025,AC,BRASILÉIA,Norte,"56000008112/2025",Seleção Normal,1741944.59,0,1741944.59,selecionada,,Novo PAC - Seleção,"1.420, de 2025",https://www.in.gov.br/web/dou/-/portaria-mcid-n-1.420-de-9-de-dezembro-de-2025-674507215
S-2165,Água Para Todos,Água para quem mais precisa,Abastecimento de Água - Rural,OGU,OGU,2025,RN,FERNANDO PEDROZA,Nordeste,"56000008121/2025",Seleção Normal,647000,0,647000,selecionada,,Novo PAC - Seleção,"1.420, de 2025",https://www.in.gov.br/web/dou/-/portaria-mcid-n-1.420-de-9-de-dezembro-de-2025-674507215
S-2166,Água Para Todos,Água para quem mais precisa,Abastecimento de Água - Rural,OGU,OGU,2025,RN,UPANEMA,Nordeste,"56000008129/2025",Seleção Normal,2220000,0,2220000,selecionada,,Novo PAC - Seleção,"1.420, de 2025",https://www.in.gov.br/web/dou/-/portaria-mcid-n-1.420-de-9-de-dezembro-de-2025-674507215
S-2167,Água Para Todos,Água para quem mais precisa,Abastecimento de Água - Rural,OGU,OGU,2025,PA,ANAJÁS,Norte,"56000008144/2025",Seleção Normal,2650000,0,2650000,selecionada,,Novo PAC - Seleção,"1.420, de 2025",https://www.in.gov.br/web/dou/-/portaria-mcid-n-1.420-de-9-de-dezembro-de-2025-674507215
S-2168,Água Para Todos,Água para quem mais precisa,Abastecimento de Água - Rural,OGU,OGU,2025,RN,ALMINO AFONSO,Nordeste,"56000008149/2025",Seleção Normal,640400,0,640400,selecionada,,Novo PAC - Seleção,"1.420, de 2025",https://www.in.gov.br/web/dou/-/portaria-mcid-n-1.420-de-9-de-dezembro-de-2025-674507215
S-2169,Água Para Todos,Água para quem mais precisa,Abastecimento de Água - Rural,OGU,OGU,2025,RN,TABOLEIRO GRANDE,Nordeste,"56000008194/2025",Seleção Normal,2449497.82,0,2449497.82,selecionada,,Novo PAC - Seleção,"1.420, de 2025",https://www.in.gov.br/web/dou/-/portaria-mcid-n-1.420-de-9-de-dezembro-de-2025-674507215
S-2170,Água Para Todos,Água para quem mais precisa,Abastecimento de Água - Rural,OGU,OGU,2025,BA,CASA NOVA,Nordeste,"56000008200/2025",Seleção Normal,4523810.2,0,4523810.2,selecionada,,Novo PAC - Seleção,"1.420, de 2025",https://www.in.gov.br/web/dou/-/portaria-mcid-n-1.420-de-9-de-dezembro-de-2025-674507215
S-2171,Cidades Sustentáveis e Resilientes,Mobilidade Urbana Sustentável,Médias e Grandes Cidades,FIN,FGTS,2026,SC,Joinville,Sul,"56000008163/2025",Seleção Normal,,95306261.24,95306261.24,selecionada,Setor Público,Novo PAC - Seleção,"123, de 2026",https://in.gov.br/web/dou/-/portaria-mcid-n-123-de-5-de-fevereiro-de-2026-687385760
S-2172,Água Para Todos,Abastecimento de Água,Abastecimento de Água - Urbano,FIN,FGTS,2025,BA,ESTADO DA BAHIA,Nordeste,"56000000731/2025",Seleção Normal,,253738396.57,253738396.57,enquadrada,Setor Privado,Novo PAC - Seleção,"1.421, de 2025",https://in.gov.br/web/dou/-/portaria-mcid-n-1.421-de-9-de-dezembro-de-2025-674491274
S-2173,Água Para Todos,Abastecimento de Água,Abastecimento de Água - Urbano,FIN,FGTS,2025,BA,ESTADO DA BAHIA,Nordeste,"56000000785/2025",Seleção Normal,,186738732.45,186738732.45,enquadrada,Setor Privado,Novo PAC - Seleção,"1.421, de 2025",https://in.gov.br/web/dou/-/portaria-mcid-n-1.421-de-9-de-dezembro-de-2025-674491274
S-2174,Água Para Todos,Abastecimento de Água,Abastecimento de Água - Urbano,FIN,FGTS,2025,CE,ESTADO DO CEARA,Nordeste,"56000002456/2025",Seleção Normal,,17501494.2,17501494.2,enquadrada,Setor Privado,Novo PAC - Seleção,"1.421, de 2025",https://in.gov.br/web/dou/-/portaria-mcid-n-1.421-de-9-de-dezembro-de-2025-674491274
S-2175,Água Para Todos,Abastecimento de Água,Abastecimento de Água - Urbano,FIN,FGTS,2025,CE,ESTADO DO CEARA,Nordeste,"56000002466/2025",Seleção Normal,,71655421.08,71655421.08,enquadrada,Setor Privado,Novo PAC - Seleção,"1.421, de 2025",https://in.gov.br/web/dou/-/portaria-mcid-n-1.421-de-9-de-dezembro-de-2025-674491274
S-2176,Água Para Todos,Abastecimento de Água,Abastecimento de Água - Urbano,FIN,FGTS,2025,CE,ESTADO DO CEARA,Nordeste,"56000002480/2025",Seleção Normal,,25548596.06,25548596.06,enquadrada,Setor Privado,Novo PAC - Seleção,"1.421, de 2025",https://in.gov.br/web/dou/-/portaria-mcid-n-1.421-de-9-de-dezembro-de-2025-674491274
S-2177,Água Para Todos,Abastecimento de Água,Abastecimento de Água - Urbano,FIN,FGTS,2025,CE,ESTADO DO CEARA,Nordeste,"56000002498/2025",Seleção Normal,,38033210.23,38033210.23,enquadrada,Setor Privado,Novo PAC - Seleção,"1.421, de 2025",https://in.gov.br/web/dou/-/portaria-mcid-n-1.421-de-9-de-dezembro-de-2025-674491274
S-2178,Água Para Todos,Abastecimento de Água,Abastecimento de Água - Urbano,FIN,FGTS,2025,MG,LAGOA FORMOSA,Sudeste,"56000000007/2025",Seleção Normal,,8703935.98,8703935.98,enquadrada,Setor Público,Novo PAC - Seleção,"1.421, de 2025",https://in.gov.br/web/dou/-/portaria-mcid-n-1.421-de-9-de-dezembro-de-2025-674491274
S-2179,Água Para Todos,Abastecimento de Água,Abastecimento de Água - Urbano,FIN,FGTS,2025,MG,UBERLÂNDIA,Sudeste,"56000000432/2025",Seleção Normal,,4254002.38,4254002.38,enquadrada,Setor Público,Novo PAC - Seleção,"1.421, de 2025",https://in.gov.br/web/dou/-/portaria-mcid-n-1.421-de-9-de-dezembro-de-2025-674491274
S-2180,Água Para Todos,Abastecimento de Água,Abastecimento de Água - Urbano,FIN,FGTS,2025,MG,OLIVEIRA,Sudeste,"56000001929/2025",Seleção Normal,,26484015.56,26484015.56,enquadrada,Setor Público,Novo PAC - Seleção,"1.421, de 2025",https://in.gov.br/web/dou/-/portaria-mcid-n-1.421-de-9-de-dezembro-de-2025-674491274
S-2181,Água Para Todos,Abastecimento de Água,Abastecimento de Água - Urbano,FIN,FGTS,2025,MG,LIMA DUARTE,Sudeste,"56000002006/2025",Seleção Normal,,830877.11,830877.11,enquadrada,Setor Público,Novo PAC - Seleção,"1.421, de 2025",https://in.gov.br/web/dou/-/portaria-mcid-n-1.421-de-9-de-dezembro-de-2025-674491274
S-2182,Água Para Todos,Abastecimento de Água,Abastecimento de Água - Urbano,FIN,FGTS,2025,RJ,ESTADO DO RIO DE JANEIRO,Sudeste,"56000001395/2025",Seleção Normal,,59688075.08,59688075.08,enquadrada,Setor Privado,Novo PAC - Seleção,"1.421, de 2025",https://in.gov.br/web/dou/-/portaria-mcid-n-1.421-de-9-de-dezembro-de-2025-674491274
S-2183,Água Para Todos,Abastecimento de Água,Abastecimento de Água - Urbano,FIN,FGTS,2025,SC,SCHROEDER,Sul,"56000001162/2025",Seleção Normal,,3159736.8,3159736.8,enquadrada,Setor Público,Novo PAC - Seleção,"1.421, de 2025",https://in.gov.br/web/dou/-/portaria-mcid-n-1.421-de-9-de-dezembro-de-2025-674491274
S-2184,Água Para Todos,Abastecimento de Água,Abastecimento de Água - Urbano,FIN,FGTS,2025,SP,LOUVEIRA,Sudeste,"56000000495/2025",Seleção Normal,,15006176.57,15006176.57,enquadrada,Setor Público,Novo PAC - Seleção,"1.421, de 2025",https://in.gov.br/web/dou/-/portaria-mcid-n-1.421-de-9-de-dezembro-de-2025-674491274
S-2185,Água Para Todos,Abastecimento de Água,Abastecimento de Água - Urbano,FIN,FGTS,2025,SP,DESCALVADO,Sudeste,"56000000237/2025",Seleção Normal,,1016738.29,1016738.29,enquadrada,Setor Público,Novo PAC - Seleção,"1.421, de 2025",https://in.gov.br/web/dou/-/portaria-mcid-n-1.421-de-9-de-dezembro-de-2025-674491274
S-2186,Água Para Todos,Abastecimento de Água,Abastecimento de Água - Urbano,FIN,FGTS,2025,SP,SERTAOZINHO,Sudeste,"56000001096/2025",Seleção Normal,,8650231.89,8650231.89,enquadrada,Setor Público,Novo PAC - Seleção,"1.421, de 2025",https://in.gov.br/web/dou/-/portaria-mcid-n-1.421-de-9-de-dezembro-de-2025-674491274
S-2187,Água Para Todos,Abastecimento de Água,Abastecimento de Água - Urbano,FIN,FGTS,2025,SP,SAO CARLOS,Sudeste,"56000001604/2025",Seleção Normal,,12369312.84,12369312.84,enquadrada,Setor Público,Novo PAC - Seleção,"1.421, de 2025",https://in.gov.br/web/dou/-/portaria-mcid-n-1.421-de-9-de-dezembro-de-2025-674491274
S-2188,Água Para Todos,Abastecimento de Água,Abastecimento de Água - Urbano,OGU,OGU,2024,PR,ANTONINA,Sul,"56000001104/2023",Seleção Normal,1718941.49,0,1718941.49,selecionada,,Novo PAC - Seleção,"768, de 2024",https://www.in.gov.br/en/web/dou/-/portaria-mcid-n-768-de-26-de-julho-de-2024-574522819
S-2189,Água Para Todos,Abastecimento de Água,Abastecimento de Água - Urbano,OGU,OGU,2024,RJ,TRES RIOS,Sudeste,"56000003990/2023",Seleção Normal,10059504.94,0,10059504.94,selecionada,,Novo PAC - Seleção,"768, de 2024",https://www.in.gov.br/en/web/dou/-/portaria-mcid-n-768-de-26-de-julho-de-2024-574522819
S-2190,Água Para Todos,Abastecimento de Água,Abastecimento de Água - Urbano,OGU,OGU,2024,MS,ITAQUIRAI,Centro-Oeste,"56000000942/2023",Seleção Normal,5762304.61,0,5762304.61,selecionada,,Novo PAC - Seleção,"768, de 2024",https://www.in.gov.br/en/web/dou/-/portaria-mcid-n-768-de-26-de-julho-de-2024-574522819
S-2191,Água Para Todos,Abastecimento de Água,Abastecimento de Água - Urbano,OGU,OGU,2024,MT,NOVA BANDEIRANTES,Centro-Oeste,"56000000022/2023",Seleção Normal,4911049.23,0,4911049.23,selecionada,,Novo PAC - Seleção,"768, de 2024",https://www.in.gov.br/en/web/dou/-/portaria-mcid-n-768-de-26-de-julho-de-2024-574522819
S-2192,Água Para Todos,Abastecimento de Água,Abastecimento de Água - Urbano,OGU,OGU,2024,SP,ITAPIRA,Sudeste,"56000000062/2023",Seleção Normal,29660576.23,0,29660576.23,selecionada,,Novo PAC - Seleção,"768, de 2024",https://www.in.gov.br/en/web/dou/-/portaria-mcid-n-768-de-26-de-julho-de-2024-574522819
S-2193,Água Para Todos,Abastecimento de Água,Abastecimento de Água - Urbano,OGU,OGU,2024,PE,AGUA PRETA,Nordeste,"56000000117/2023",Seleção Normal,2186660.26,0,2186660.26,selecionada,,Novo PAC - Seleção,"768, de 2024",https://www.in.gov.br/en/web/dou/-/portaria-mcid-n-768-de-26-de-julho-de-2024-574522819
S-2194,Água Para Todos,Abastecimento de Água,Abastecimento de Água - Urbano,OGU,OGU,2024,MG,RAUL SOARES,Sudeste,"56000000231/2023",Seleção Normal,1471288.44,0,1471288.44,selecionada,,Novo PAC - Seleção,"768, de 2024",https://www.in.gov.br/en/web/dou/-/portaria-mcid-n-768-de-26-de-julho-de-2024-574522819
S-2195,Água Para Todos,Abastecimento de Água,Abastecimento de Água - Urbano,OGU,OGU,2024,RO,ALTO ALEGRE DOS PARECIS,Norte,"56000000463/2023",Seleção Normal,6500000,0,6500000,selecionada,,Novo PAC - Seleção,"768, de 2024",https://www.in.gov.br/en/web/dou/-/portaria-mcid-n-768-de-26-de-julho-de-2024-574522819
S-2196,Água Para Todos,Abastecimento de Água,Abastecimento de Água - Urbano,OGU,OGU,2024,MG,MURIAE,Sudeste,"56000000702/2023",Seleção Normal,29760932.31,0,29760932.31,selecionada,,Novo PAC - Seleção,"768, de 2024",https://www.in.gov.br/en/web/dou/-/portaria-mcid-n-768-de-26-de-julho-de-2024-574522819
S-2197,Água Para Todos,Abastecimento de Água,Abastecimento de Água - Urbano,OGU,OGU,2024,SP,BEBEDOURO,Sudeste,"56000000793/2023",Seleção Normal,1550067.5,0,1550067.5,selecionada,,Novo PAC - Seleção,"768, de 2024",https://www.in.gov.br/en/web/dou/-/portaria-mcid-n-768-de-26-de-julho-de-2024-574522819
S-2198,Água Para Todos,Abastecimento de Água,Abastecimento de Água - Urbano,OGU,OGU,2024,RJ,PORCIUNCULA,Sudeste,"56000000929/2023",Seleção Normal,1125226.6,0,1125226.6,selecionada,,Novo PAC - Seleção,"768, de 2024",https://www.in.gov.br/en/web/dou/-/portaria-mcid-n-768-de-26-de-julho-de-2024-574522819
S-2199,Água Para Todos,Abastecimento de Água,Abastecimento de Água - Urbano,OGU,OGU,2024,AL,CACIMBINHAS,Nordeste,"56000001067/2023",Seleção Normal,1800000,0,1800000,selecionada,,Novo PAC - Seleção,"768, de 2024",https://www.in.gov.br/en/web/dou/-/portaria-mcid-n-768-de-26-de-julho-de-2024-574522819
S-2200,Água Para Todos,Abastecimento de Água,Abastecimento de Água - Urbano,OGU,OGU,2024,SP,DOBRADA,Sudeste,"56000001374/2023",Seleção Normal,1210000,0,1210000,selecionada,,Novo PAC - Seleção,"768, de 2024",https://www.in.gov.br/en/web/dou/-/portaria-mcid-n-768-de-26-de-julho-de-2024-574522819
S-2201,Água Para Todos,Abastecimento de Água,Abastecimento de Água - Urbano,OGU,OGU,2024,SP,MONTE AZUL PAULISTA,Sudeste,"56000001492/2023",Seleção Normal,943314.28,0,943314.28,selecionada,,Novo PAC - Seleção,"768, de 2024",https://www.in.gov.br/en/web/dou/-/portaria-mcid-n-768-de-26-de-julho-de-2024-574522819
S-2202,Água Para Todos,Abastecimento de Água,Abastecimento de Água - Urbano,OGU,OGU,2024,SP,SALTO,Sudeste,"56000001821/2023",Seleção Normal,7010471.58,0,7010471.58,selecionada,,Novo PAC - Seleção,"768, de 2024",https://www.in.gov.br/en/web/dou/-/portaria-mcid-n-768-de-26-de-julho-de-2024-574522819
S-2203,Água Para Todos,Abastecimento de Água,Abastecimento de Água - Urbano,OGU,OGU,2024,ES,RIO BANANAL,Sudeste,"56000002038/2023",Seleção Normal,1800000,0,1800000,selecionada,,Novo PAC - Seleção,"768, de 2024",https://www.in.gov.br/en/web/dou/-/portaria-mcid-n-768-de-26-de-julho-de-2024-574522819
S-2204,Água Para Todos,Abastecimento de Água,Abastecimento de Água - Urbano,OGU,OGU,2024,PA,"BELEM, ANANINDEUA",Norte,"56000002247/2023",Seleção Normal,65501593.93,0,65501593.93,selecionada,,Novo PAC - Seleção,"768, de 2024",https://www.in.gov.br/en/web/dou/-/portaria-mcid-n-768-de-26-de-julho-de-2024-574522819
S-2205,Água Para Todos,Abastecimento de Água,Abastecimento de Água - Urbano,OGU,OGU,2024,PA,IRITUIA,Norte,"56000002354/2023",Seleção Normal,2479020.59,0,2479020.59,selecionada,,Novo PAC - Seleção,"768, de 2024",https://www.in.gov.br/en/web/dou/-/portaria-mcid-n-768-de-26-de-julho-de-2024-574522819
S-2206,Água Para Todos,Abastecimento de Água,Abastecimento de Água - Urbano,OGU,OGU,2024,RS,SAO LEOPOLDO,Sul,"56000002449/2023",Seleção Normal,55952323.9,0,55952323.9,selecionada,,Novo PAC - Seleção,"768, de 2024",https://www.in.gov.br/en/web/dou/-/portaria-mcid-n-768-de-26-de-julho-de-2024-574522819
S-2207,Água Para Todos,Abastecimento de Água,Abastecimento de Água - Urbano,OGU,OGU,2024,SP,BIRIGUI,Sudeste,"56000002563/2023",Seleção Normal,12410751.56,0,12410751.56,selecionada,,Novo PAC - Seleção,"768, de 2024",https://www.in.gov.br/en/web/dou/-/portaria-mcid-n-768-de-26-de-julho-de-2024-574522819
S-2208,Água Para Todos,Abastecimento de Água,Abastecimento de Água - Urbano,OGU,OGU,2024,SC,GASPAR,Sul,"56000002633/2023",Seleção Normal,614202.14,0,614202.14,selecionada,,Novo PAC - Seleção,"768, de 2024",https://www.in.gov.br/en/web/dou/-/portaria-mcid-n-768-de-26-de-julho-de-2024-574522819
S-2209,Água Para Todos,Abastecimento de Água,Abastecimento de Água - Urbano,OGU,OGU,2024,PA,OEIRAS DO PARA,Norte,"56000002758/2023",Seleção Normal,4606856.1,0,4606856.1,selecionada,,Novo PAC - Seleção,"768, de 2024",https://www.in.gov.br/en/web/dou/-/portaria-mcid-n-768-de-26-de-julho-de-2024-574522819
S-2210,Água Para Todos,Abastecimento de Água,Abastecimento de Água - Urbano,OGU,OGU,2024,GO,FAINA,Centro-Oeste,"56000003103/2023",Seleção Normal,3649065.32,0,3649065.32,selecionada,,Novo PAC - Seleção,"768, de 2024",https://www.in.gov.br/en/web/dou/-/portaria-mcid-n-768-de-26-de-julho-de-2024-574522819
S-2211,Água Para Todos,Abastecimento de Água,Abastecimento de Água - Urbano,OGU,OGU,2024,PA,MARITUBA,Norte,"56000003245/2023",Seleção Normal,23501277.07,0,23501277.07,selecionada,,Novo PAC - Seleção,"768, de 2024",https://www.in.gov.br/en/web/dou/-/portaria-mcid-n-768-de-26-de-julho-de-2024-574522819
S-2212,Água Para Todos,Abastecimento de Água,Abastecimento de Água - Urbano,OGU,OGU,2024,MG,REDUTO,Sudeste,"56000003432/2023",Seleção Normal,10822054.68,0,10822054.68,selecionada,,Novo PAC - Seleção,"768, de 2024",https://www.in.gov.br/en/web/dou/-/portaria-mcid-n-768-de-26-de-julho-de-2024-574522819
S-2213,Água Para Todos,Abastecimento de Água,Abastecimento de Água - Urbano,OGU,OGU,2024,RJ,SAO JOAO DA BARRA,Sudeste,"56000003755/2023",Seleção Normal,7665507.99,0,7665507.99,selecionada,,Novo PAC - Seleção,"768, de 2024",https://www.in.gov.br/en/web/dou/-/portaria-mcid-n-768-de-26-de-julho-de-2024-574522819
S-2214,Água Para Todos,Abastecimento de Água,Abastecimento de Água - Urbano,OGU,OGU,2024,PI,SAO JOAO DA CANABRAVA,Nordeste,"56000003833/2023",Seleção Normal,5256422.29,0,5256422.29,selecionada,,Novo PAC - Seleção,"768, de 2024",https://www.in.gov.br/en/web/dou/-/portaria-mcid-n-768-de-26-de-julho-de-2024-574522819
S-2215,Água Para Todos,Abastecimento de Água,Abastecimento de Água - Urbano,OGU,OGU,2024,PA,MAE DO RIO,Norte,"56000004058/2023",Seleção Normal,5080038,0,5080038,selecionada,,Novo PAC - Seleção,"768, de 2024",https://www.in.gov.br/en/web/dou/-/portaria-mcid-n-768-de-26-de-julho-de-2024-574522819
S-2216,Água Para Todos,Abastecimento de Água,Abastecimento de Água - Urbano,OGU,OGU,2024,PE,PALMARES,Nordeste,"56000004249/2023",Seleção Normal,11076708.5,0,11076708.5,selecionada,,Novo PAC - Seleção,"768, de 2024",https://www.in.gov.br/en/web/dou/-/portaria-mcid-n-768-de-26-de-julho-de-2024-574522819
S-2217,Água Para Todos,Abastecimento de Água,Abastecimento de Água - Urbano,OGU,OGU,2024,MT,RONDONOPOLIS,Centro-Oeste,"56000004328/2023",Seleção Normal,7004479.68,0,7004479.68,selecionada,,Novo PAC - Seleção,"768, de 2024",https://www.in.gov.br/en/web/dou/-/portaria-mcid-n-768-de-26-de-julho-de-2024-574522819
S-2218,Água Para Todos,Abastecimento de Água,Abastecimento de Água - Urbano,OGU,OGU,2024,PA,ORIXIMINA,Norte,"56000004656/2023",Seleção Normal,840536.13,0,840536.13,selecionada,,Novo PAC - Seleção,"768, de 2024",https://www.in.gov.br/en/web/dou/-/portaria-mcid-n-768-de-26-de-julho-de-2024-574522819
S-2219,Água Para Todos,Abastecimento de Água,Abastecimento de Água - Urbano,OGU,OGU,2024,PR,TUPASSI,Sul,"56000004813/2023",Seleção Normal,609170,0,609170,selecionada,,Novo PAC - Seleção,"768, de 2024",https://www.in.gov.br/en/web/dou/-/portaria-mcid-n-768-de-26-de-julho-de-2024-574522819
S-2220,Água Para Todos,Abastecimento de Água,Abastecimento de Água - Urbano,OGU,OGU,2024,RS,VERA CRUZ,Sul,"56000004896/2023",Seleção Normal,5173396.04,0,5173396.04,selecionada,,Novo PAC - Seleção,"768, de 2024",https://www.in.gov.br/en/web/dou/-/portaria-mcid-n-768-de-26-de-julho-de-2024-574522819
S-2221,Água Para Todos,Abastecimento de Água,Abastecimento de Água - Urbano,OGU,OGU,2024,PI,PATOS DO PIAUI,Nordeste,"56000005269/2023",Seleção Normal,5533123.13,0,5533123.13,selecionada,,Novo PAC - Seleção,"768, de 2024",https://www.in.gov.br/en/web/dou/-/portaria-mcid-n-768-de-26-de-julho-de-2024-574522819
S-2222,Água Para Todos,Abastecimento de Água,Abastecimento de Água - Urbano,OGU,OGU,2024,RS,TEUTONIA,Sul,"56000005350/2023",Seleção Normal,650000,0,650000,selecionada,,Novo PAC - Seleção,"768, de 2024",https://www.in.gov.br/en/web/dou/-/portaria-mcid-n-768-de-26-de-julho-de-2024-574522819
S-2223,Água Para Todos,Abastecimento de Água,Abastecimento de Água - Urbano,OGU,OGU,2024,AC,JORDAO,Norte,"56000005572/2023",Seleção Normal,5486096.11,0,5486096.11,selecionada,,Novo PAC - Seleção,"768, de 2024",https://www.in.gov.br/en/web/dou/-/portaria-mcid-n-768-de-26-de-julho-de-2024-574522819
S-2224,Água Para Todos,Abastecimento de Água,Abastecimento de Água - Urbano,OGU,OGU,2024,BA,JEQUIE,Nordeste,"56000006312/2023",Seleção Normal,59300678.47,0,59300678.47,selecionada,,Novo PAC - Seleção,"768, de 2024",https://www.in.gov.br/en/web/dou/-/portaria-mcid-n-768-de-26-de-julho-de-2024-574522819
S-2225,Água Para Todos,Abastecimento de Água,Abastecimento de Água - Urbano,OGU,OGU,2024,SC,TIJUCAS,Sul,"56000005990/2023",Seleção Normal,3800000,0,3800000,selecionada,,Novo PAC - Seleção,"768, de 2024",https://www.in.gov.br/en/web/dou/-/portaria-mcid-n-768-de-26-de-julho-de-2024-574522819
S-2226,Água Para Todos,Abastecimento de Água,Abastecimento de Água - Urbano,OGU,OGU,2024,AM,ATALAIA DO NORTE,Norte,"56000006626/2023",Seleção Normal,956103.17,0,956103.17,selecionada,,Novo PAC - Seleção,"768, de 2024",https://www.in.gov.br/en/web/dou/-/portaria-mcid-n-768-de-26-de-julho-de-2024-574522819
S-2227,Água Para Todos,Abastecimento de Água,Abastecimento de Água - Urbano,OGU,OGU,2024,GO,CATALAO,Centro-Oeste,"56000006267/2023",Seleção Normal,8000000,0,8000000,selecionada,,Novo PAC - Seleção,"768, de 2024",https://www.in.gov.br/en/web/dou/-/portaria-mcid-n-768-de-26-de-julho-de-2024-574522819
S-2228,Água Para Todos,Abastecimento de Água,Abastecimento de Água - Urbano,OGU,OGU,2024,AC,CRUZEIRO DO SUL,Norte,"56000006305/2023",Seleção Normal,6757875.69,0,6757875.69,selecionada,,Novo PAC - Seleção,"768, de 2024",https://www.in.gov.br/en/web/dou/-/portaria-mcid-n-768-de-26-de-julho-de-2024-574522819
S-2229,Água Para Todos,Abastecimento de Água,Abastecimento de Água - Urbano,OGU,OGU,2024,MG,SAO JOAO BATISTA DO GLORIA,Sudeste,"56000006352/2023",Seleção Normal,2376250.36,0,2376250.36,selecionada,,Novo PAC - Seleção,"768, de 2024",https://www.in.gov.br/en/web/dou/-/portaria-mcid-n-768-de-26-de-julho-de-2024-574522819
S-2230,Água Para Todos,Abastecimento de Água,Abastecimento de Água - Urbano,OGU,OGU,2024,PA,SAO JOAO DE PIRABAS,Norte,"56000006579/2023",Seleção Normal,12044596.26,0,12044596.26,selecionada,,Novo PAC - Seleção,"768, de 2024",https://www.in.gov.br/en/web/dou/-/portaria-mcid-n-768-de-26-de-julho-de-2024-574522819
S-2231,Água Para Todos,Abastecimento de Água,Abastecimento de Água - Urbano,OGU,OGU,2024,PA,AGUA AZUL DO NORTE,Norte,"56000006863/2023",Seleção Normal,10064271.98,0,10064271.98,selecionada,,Novo PAC - Seleção,"768, de 2024",https://www.in.gov.br/en/web/dou/-/portaria-mcid-n-768-de-26-de-julho-de-2024-574522819
S-2232,Água Para Todos,Abastecimento de Água,Abastecimento de Água - Urbano,FIN,FGTS,2024,PR,PORTO BARREIRO,Sul,"56000007022/2023",Seleção Normal,0,1604397.38,1604397.38,selecionada,Setor Público,Novo PAC - Seleção,"768, de 2024",https://www.in.gov.br/en/web/dou/-/portaria-mcid-n-768-de-26-de-julho-de-2024-574522819
S-2233,Água Para Todos,Abastecimento de Água,Abastecimento de Água - Urbano,FIN,FGTS,2024,PB,PICUI,Nordeste,"56000006356/2023",Seleção Normal,0,10829728.96,10829728.96,selecionada,Setor Público,Novo PAC - Seleção,"768, de 2024",https://www.in.gov.br/en/web/dou/-/portaria-mcid-n-768-de-26-de-julho-de-2024-574522819
S-2234,Água Para Todos,Abastecimento de Água,Abastecimento de Água - Urbano,FIN,FGTS,2024,MS,ARAL MOREIRA,Centro-Oeste,"56000000214/2023",Seleção Normal,0,4313694.91,4313694.91,selecionada,Setor Público,Novo PAC - Seleção,"768, de 2024",https://www.in.gov.br/en/web/dou/-/portaria-mcid-n-768-de-26-de-julho-de-2024-574522819
S-2235,Água Para Todos,Abastecimento de Água,Abastecimento de Água - Urbano,FIN,FGTS,2024,MS,INOCÊNCIA,Centro-Oeste,"56000000462/2023",Seleção Normal,0,12445249,12445249,selecionada,Setor Público,Novo PAC - Seleção,"768, de 2024",https://www.in.gov.br/en/web/dou/-/portaria-mcid-n-768-de-26-de-julho-de-2024-574522819
S-2236,Água Para Todos,Abastecimento de Água,Abastecimento de Água - Urbano,FIN,FGTS,2024,DF,BRASILIA,Centro-Oeste,"56000001906/2023",Seleção Normal,0,17221210.98,17221210.98,selecionada,Setor Público,Novo PAC - Seleção,"768, de 2024",https://www.in.gov.br/en/web/dou/-/portaria-mcid-n-768-de-26-de-julho-de-2024-574522819
S-2237,Água Para Todos,Abastecimento de Água,Abastecimento de Água - Urbano,FIN,FGTS,2024,PA,ABAETETUBA,Norte,"56000000132/2023",Seleção Normal,0,59617863.58,59617863.58,selecionada,Setor Público,Novo PAC - Seleção,"768, de 2024",https://www.in.gov.br/en/web/dou/-/portaria-mcid-n-768-de-26-de-julho-de-2024-574522819
S-2238,Água Para Todos,Abastecimento de Água,Abastecimento de Água - Urbano,FIN,FGTS,2024,RJ,VOLTA REDONDA,Sudeste,"56000000335/2023",Seleção Normal,0,84755434.5,84755434.5,selecionada,Setor Público,Novo PAC - Seleção,"768, de 2024",https://www.in.gov.br/en/web/dou/-/portaria-mcid-n-768-de-26-de-julho-de-2024-574522819
S-2239,Água Para Todos,Abastecimento de Água,Abastecimento de Água - Urbano,FIN,FGTS,2024,RS,CAXIAS DO SUL,Sul,"56000000518/2023",Seleção Normal,0,27338585.52,27338585.52,selecionada,Setor Público,Novo PAC - Seleção,"768, de 2024",https://www.in.gov.br/en/web/dou/-/portaria-mcid-n-768-de-26-de-julho-de-2024-574522819
S-2240,Água Para Todos,Abastecimento de Água,Abastecimento de Água - Urbano,FIN,FGTS,2025,RS,NOVO HAMBURGO,Sul,"56000007912/2025",Seleção Normal,,17345487.37,17345487.37,enquadrada,Setor Público,Novo PAC - Seleção,"1.421, de 2025",https://in.gov.br/web/dou/-/portaria-mcid-n-1.421-de-9-de-dezembro-de-2025-674491274
S-2241,Água Para Todos,Abastecimento de Água,Abastecimento de Água - Urbano,FIN,FGTS,2025,SP,SAO CARLOS,Sudeste,"56000001381/2025",Seleção Normal,,9174115.38,9174115.38,enquadrada,Setor Público,Novo PAC - Seleção,"1.421, de 2025",https://in.gov.br/web/dou/-/portaria-mcid-n-1.421-de-9-de-dezembro-de-2025-674491274
S-2242,Água Para Todos,Abastecimento de Água,Abastecimento de Água - Urbano,FIN,FGTS,2024,MT,LUCAS DO RIO VERDE,Centro-Oeste,"56000000654/2023",Seleção Normal,0,4271938.7,4271938.7,selecionada,Setor Público,Novo PAC - Seleção,"768, de 2024",https://www.in.gov.br/en/web/dou/-/portaria-mcid-n-768-de-26-de-julho-de-2024-574522819
S-2243,Água Para Todos,Abastecimento de Água,Abastecimento de Água - Urbano,FIN,FGTS,2024,MG,ITABIRITO,Sudeste,"56000000841/2023",Seleção Normal,0,44804340.68,44804340.68,selecionada,Setor Público,Novo PAC - Seleção,"768, de 2024",https://www.in.gov.br/en/web/dou/-/portaria-mcid-n-768-de-26-de-julho-de-2024-574522819
S-2244,Água Para Todos,Abastecimento de Água,Abastecimento de Água - Urbano,FIN,FGTS,2024,MG,POCOS DE CALDAS,Sudeste,"56000000954/2023",Seleção Normal,0,74852409.22,74852409.22,selecionada,Setor Público,Novo PAC - Seleção,"768, de 2024",https://www.in.gov.br/en/web/dou/-/portaria-mcid-n-768-de-26-de-julho-de-2024-574522819
S-2245,Água Para Todos,Abastecimento de Água,Abastecimento de Água - Urbano,FIN,FGTS,2024,PR,SAO JERONIMO DA SERRA,Sul,"56000001555/2023",Seleção Normal,0,1279636.68,1279636.68,selecionada,Setor Público,Novo PAC - Seleção,"768, de 2024",https://www.in.gov.br/en/web/dou/-/portaria-mcid-n-768-de-26-de-julho-de-2024-574522819
S-2246,Água Para Todos,Abastecimento de Água,Abastecimento de Água - Urbano,FIN,FGTS,2024,RS,NOVO HAMBURGO,Sul,"56000001694/2023",Seleção Normal,0,12383592.55,12383592.55,selecionada,Setor Público,Novo PAC - Seleção,"768, de 2024",https://www.in.gov.br/en/web/dou/-/portaria-mcid-n-768-de-26-de-julho-de-2024-574522819
S-2247,Água Para Todos,Abastecimento de Água,Abastecimento de Água - Urbano,FIN,FGTS,2024,PR,JAPURA,Sul,"56000002370/2023",Seleção Normal,0,3441128.38,3441128.38,selecionada,Setor Público,Novo PAC - Seleção,"768, de 2024",https://www.in.gov.br/en/web/dou/-/portaria-mcid-n-768-de-26-de-julho-de-2024-574522819
S-2248,Água Para Todos,Abastecimento de Água,Abastecimento de Água - Urbano,FIN,FGTS,2024,SP,SAO CARLOS,Sudeste,"56000002935/2023",Seleção Normal,0,4887236.4,4887236.4,selecionada,Setor Público,Novo PAC - Seleção,"768, de 2024",https://www.in.gov.br/en/web/dou/-/portaria-mcid-n-768-de-26-de-julho-de-2024-574522819
S-2249,Água Para Todos,Abastecimento de Água,Abastecimento de Água - Urbano,FIN,FGTS,2024,PE,"SAO BENTO DO UNA, CAPOEIRAS",Nordeste,"56000003535/2023",Seleção Normal,0,161000000,161000000,selecionada,Setor Público,Novo PAC - Seleção,"768, de 2024",https://www.in.gov.br/en/web/dou/-/portaria-mcid-n-768-de-26-de-julho-de-2024-574522819
S-2250,Água Para Todos,Abastecimento de Água,Abastecimento de Água - Urbano,FIN,FGTS,2024,AC,RIO BRANCO,Norte,"56000004139/2023",Seleção Normal,0,1675211.91,1675211.91,selecionada,Setor Público,Novo PAC - Seleção,"768, de 2024",https://www.in.gov.br/en/web/dou/-/portaria-mcid-n-768-de-26-de-julho-de-2024-574522819
S-2251,Água Para Todos,Abastecimento de Água,Abastecimento de Água - Urbano,FIN,FGTS,2024,AC,MANOEL URBANO,Norte,"56000004331/2023",Seleção Normal,0,1585494.78,1585494.78,selecionada,Setor Público,Novo PAC - Seleção,"768, de 2024",https://www.in.gov.br/en/web/dou/-/portaria-mcid-n-768-de-26-de-julho-de-2024-574522819
S-2252,Água Para Todos,Abastecimento de Água,Abastecimento de Água - Urbano,FIN,FGTS,2024,MG,VICOSA,Sudeste,"56000004425/2023",Seleção Normal,0,35000000,35000000,selecionada,Setor Público,Novo PAC - Seleção,"768, de 2024",https://www.in.gov.br/en/web/dou/-/portaria-mcid-n-768-de-26-de-julho-de-2024-574522819
S-2253,Água Para Todos,Abastecimento de Água,Abastecimento de Água - Urbano,FIN,FGTS,2024,SC,ITAJAI,Sul,"56000005064/2023",Seleção Normal,0,78206207.17,78206207.17,selecionada,Setor Público,Novo PAC - Seleção,"768, de 2024",https://www.in.gov.br/en/web/dou/-/portaria-mcid-n-768-de-26-de-julho-de-2024-574522819
S-2254,Água Para Todos,Abastecimento de Água,Abastecimento de Água - Urbano,FIN,FGTS,2024,MG,AIMORES,Sudeste,"56000005533/2023",Seleção Normal,0,12370459,12370459,selecionada,Setor Público,Novo PAC - Seleção,"768, de 2024",https://www.in.gov.br/en/web/dou/-/portaria-mcid-n-768-de-26-de-julho-de-2024-574522819
S-2255,Água Para Todos,Abastecimento de Água,Abastecimento de Água - Urbano,FIN,FGTS,2024,MG,JOAO MONLEVADE,Sudeste,"56000005923/2023",Seleção Normal,0,2853500,2853500,selecionada,Setor Público,Novo PAC - Seleção,"768, de 2024",https://www.in.gov.br/en/web/dou/-/portaria-mcid-n-768-de-26-de-julho-de-2024-574522819
S-2256,Água Para Todos,Abastecimento de Água,Abastecimento de Água - Urbano,FIN,FGTS,2024,AC,ASSIS BRASIL,Norte,"56000006321/2023",Seleção Normal,0,2682408.86,2682408.86,selecionada,Setor Público,Novo PAC - Seleção,"768, de 2024",https://www.in.gov.br/en/web/dou/-/portaria-mcid-n-768-de-26-de-julho-de-2024-574522819
S-2257,Água Para Todos,Abastecimento de Água,Abastecimento de Água - Urbano,FIN,FGTS,2024,AC,PORTO ACRE,Norte,"56000006398/2023",Seleção Normal,0,7812896.8,7812896.8,selecionada,Setor Público,Novo PAC - Seleção,"768, de 2024",https://www.in.gov.br/en/web/dou/-/portaria-mcid-n-768-de-26-de-julho-de-2024-574522819
S-2258,Água Para Todos,Abastecimento de Água,Abastecimento de Água - Urbano,FIN,FGTS,2024,SP,CAMPINAS,Sudeste,"56000003766/2023",Seleção Normal,0,189600135.32,189600135.32,selecionada,Setor Público,Novo PAC - Seleção,"768, de 2024",https://www.in.gov.br/en/web/dou/-/portaria-mcid-n-768-de-26-de-julho-de-2024-574522819
S-2259,Água Para Todos,Abastecimento de Água,Abastecimento de Água - Urbano,FIN,FGTS,2025,BA,ESTADO DA BAHIA,Nordeste,"56000000706/2025",Seleção Normal,,22770956.77,22770956.77,enquadrada,Setor Privado,Novo PAC - Seleção,"1.421, de 2025",https://in.gov.br/web/dou/-/portaria-mcid-n-1.421-de-9-de-dezembro-de-2025-674491274
S-2260,Água Para Todos,Abastecimento de Água,Abastecimento de Água - Urbano,FIN,FGTS,2025,BA,ESTADO DA BAHIA,Nordeste,"56000000712/2025",Seleção Normal,,440000000,440000000,enquadrada,Setor Privado,Novo PAC - Seleção,"1.421, de 2025",https://in.gov.br/web/dou/-/portaria-mcid-n-1.421-de-9-de-dezembro-de-2025-674491274
S-2261,Água Para Todos,Abastecimento de Água,Abastecimento de Água - Urbano,FIN,FGTS,2025,BA,ESTADO DA BAHIA,Nordeste,"56000000776/2025",Seleção Normal,,93267000,93267000,enquadrada,Setor Privado,Novo PAC - Seleção,"1.421, de 2025",https://in.gov.br/web/dou/-/portaria-mcid-n-1.421-de-9-de-dezembro-de-2025-674491274
S-2262,Água Para Todos,Abastecimento de Água,Abastecimento de Água - Urbano,FIN,FGTS,2025,BA,ESTADO DA BAHIA,Nordeste,"56000008223/2025",Seleção Normal,,691939724.94,691939724.94,enquadrada,Setor Público,Novo PAC - Seleção,"1.421, de 2025",https://in.gov.br/web/dou/-/portaria-mcid-n-1.421-de-9-de-dezembro-de-2025-674491274
S-2263,Água Para Todos,Abastecimento de Água,Abastecimento de Água - Urbano,FIN,FGTS,2025,CE,ESTADO DO CEARA,Nordeste,"56000002465/2025",Seleção Normal,,103546479.6,103546479.6,enquadrada,Setor Privado,Novo PAC - Seleção,"1.421, de 2025",https://in.gov.br/web/dou/-/portaria-mcid-n-1.421-de-9-de-dezembro-de-2025-674491274
S-2264,Água Para Todos,Abastecimento de Água,Abastecimento de Água - Urbano,FIN,FGTS,2025,CE,ESTADO DO CEARA,Nordeste,"56000002478/2025",Seleção Normal,,183287653.29,183287653.29,enquadrada,Setor Privado,Novo PAC - Seleção,"1.421, de 2025",https://in.gov.br/web/dou/-/portaria-mcid-n-1.421-de-9-de-dezembro-de-2025-674491274
S-2265,Água Para Todos,Abastecimento de Água,Abastecimento de Água - Urbano,FIN,FGTS,2025,CE,ESTADO DO CEARA,Nordeste,"56000002495/2025",Seleção Normal,,26462548.84,26462548.84,enquadrada,Setor Privado,Novo PAC - Seleção,"1.421, de 2025",https://in.gov.br/web/dou/-/portaria-mcid-n-1.421-de-9-de-dezembro-de-2025-674491274
S-2266,Água Para Todos,Abastecimento de Água,Abastecimento de Água - Urbano,FIN,FGTS,2025,MA,BALSAS,Nordeste,"56000000506/2025",Seleção Normal,,173884290.46,173884290.46,enquadrada,Setor Público,Novo PAC - Seleção,"1.421, de 2025",https://in.gov.br/web/dou/-/portaria-mcid-n-1.421-de-9-de-dezembro-de-2025-674491274
S-2267,Água Para Todos,Abastecimento de Água,Abastecimento de Água - Urbano,FIN,FGTS,2025,MG,UBERLÂNDIA,Sudeste,"56000000426/2025",Seleção Normal,,651302.26,651302.26,enquadrada,Setor Público,Novo PAC - Seleção,"1.421, de 2025",https://in.gov.br/web/dou/-/portaria-mcid-n-1.421-de-9-de-dezembro-de-2025-674491274
S-2268,Água Para Todos,Abastecimento de Água,Abastecimento de Água - Urbano,FIN,FGTS,2025,MG,VICOSA,Sudeste,"56000001407/2025",Seleção Normal,,9057413.8,9057413.8,enquadrada,Setor Público,Novo PAC - Seleção,"1.421, de 2025",https://in.gov.br/web/dou/-/portaria-mcid-n-1.421-de-9-de-dezembro-de-2025-674491274
S-2269,Água Para Todos,Abastecimento de Água,Abastecimento de Água - Urbano,FIN,FGTS,2025,MG,LIMA DUARTE,Sudeste,"56000001561/2025",Seleção Normal,,830877.11,830877.11,enquadrada,Setor Público,Novo PAC - Seleção,"1.421, de 2025",https://in.gov.br/web/dou/-/portaria-mcid-n-1.421-de-9-de-dezembro-de-2025-674491274
S-2270,Água Para Todos,Abastecimento de Água,Abastecimento de Água - Urbano,FIN,FGTS,2025,RJ,ESTADO DO RIO DE JANEIRO,Sudeste,"56000001427/2025",Seleção Normal,,9744978.39,9744978.39,enquadrada,Setor Privado,Novo PAC - Seleção,"1.421, de 2025",https://in.gov.br/web/dou/-/portaria-mcid-n-1.421-de-9-de-dezembro-de-2025-674491274
S-2271,Água Para Todos,Abastecimento de Água,Abastecimento de Água - Urbano,FIN,FGTS,2025,BA,ESTADO DA BAHIA,Nordeste,"56000000750/2025",Seleção Normal,,41120389.29,41120389.29,enquadrada,Setor Privado,Novo PAC - Seleção,"1.421, de 2025",https://in.gov.br/web/dou/-/portaria-mcid-n-1.421-de-9-de-dezembro-de-2025-674491274
S-2272,Água Para Todos,Abastecimento de Água,Abastecimento de Água - Urbano,FIN,FGTS,2025,BA,ESTADO DA BAHIA,Nordeste,"56000008222/2025",Seleção Normal,,421118404.24,421118404.24,enquadrada,Setor Público,Novo PAC - Seleção,"1.421, de 2025",https://in.gov.br/web/dou/-/portaria-mcid-n-1.421-de-9-de-dezembro-de-2025-674491274
S-2273,Água Para Todos,Abastecimento de Água,Abastecimento de Água - Urbano,FIN,FGTS,2025,CE,ESTADO DO CEARA,Nordeste,"56000002459/2025",Seleção Normal,,41239085.75,41239085.75,enquadrada,Setor Privado,Novo PAC - Seleção,"1.421, de 2025",https://in.gov.br/web/dou/-/portaria-mcid-n-1.421-de-9-de-dezembro-de-2025-674491274
S-2274,Água Para Todos,Abastecimento de Água,Abastecimento de Água - Urbano,FIN,FGTS,2025,CE,ESTADO DO CEARA,Nordeste,"56000002474/2025",Seleção Normal,,48480855.88,48480855.88,enquadrada,Setor Privado,Novo PAC - Seleção,"1.421, de 2025",https://in.gov.br/web/dou/-/portaria-mcid-n-1.421-de-9-de-dezembro-de-2025-674491274
S-2275,Água Para Todos,Abastecimento de Água,Abastecimento de Água - Urbano,FIN,FGTS,2025,CE,ESTADO DO CEARA,Nordeste,"56000002494/2025",Seleção Normal,,28526314.24,28526314.24,enquadrada,Setor Privado,Novo PAC - Seleção,"1.421, de 2025",https://in.gov.br/web/dou/-/portaria-mcid-n-1.421-de-9-de-dezembro-de-2025-674491274
S-2276,Água Para Todos,Abastecimento de Água,Abastecimento de Água - Urbano,FIN,FGTS,2025,ES,LINHARES,Sudeste,"56000007999/2025",Seleção Normal,,60244205.72,60244205.72,enquadrada,Setor Público,Novo PAC - Seleção,"1.421, de 2025",https://in.gov.br/web/dou/-/portaria-mcid-n-1.421-de-9-de-dezembro-de-2025-674491274
S-2277,Água Para Todos,Abastecimento de Água,Abastecimento de Água - Urbano,FIN,FGTS,2025,MG,UBERLÂNDIA,Sudeste,"56000000421/2025",Seleção Normal,,244568.03,244568.03,enquadrada,Setor Público,Novo PAC - Seleção,"1.421, de 2025",https://in.gov.br/web/dou/-/portaria-mcid-n-1.421-de-9-de-dezembro-de-2025-674491274
S-2278,Água Para Todos,Abastecimento de Água,Abastecimento de Água - Urbano,FIN,FGTS,2025,MG,UBERLÂNDIA,Sudeste,"56000000445/2025",Seleção Normal,,12506626.81,12506626.81,enquadrada,Setor Público,Novo PAC - Seleção,"1.421, de 2025",https://in.gov.br/web/dou/-/portaria-mcid-n-1.421-de-9-de-dezembro-de-2025-674491274
S-2279,Água Para Todos,Abastecimento de Água,Abastecimento de Água - Urbano,FIN,FGTS,2025,MG,LIMA DUARTE,Sudeste,"56000001508/2025",Seleção Normal,,830877.11,830877.11,enquadrada,Setor Público,Novo PAC - Seleção,"1.421, de 2025",https://in.gov.br/web/dou/-/portaria-mcid-n-1.421-de-9-de-dezembro-de-2025-674491274
S-2280,Água Para Todos,Abastecimento de Água,Abastecimento de Água - Urbano,FIN,FGTS,2025,RJ,ESTADO DO RIO DE JANEIRO,Sudeste,"56000001297/2025",Seleção Normal,,6851082.3,6851082.3,enquadrada,Setor Privado,Novo PAC - Seleção,"1.421, de 2025",https://in.gov.br/web/dou/-/portaria-mcid-n-1.421-de-9-de-dezembro-de-2025-674491274
S-2281,Água Para Todos,Abastecimento de Água,Abastecimento de Água - Urbano,FIN,FGTS,2025,RS,NOVO HAMBURGO,Sul,"56000007889/2025",Seleção Normal,,14079961.59,14079961.59,enquadrada,Setor Público,Novo PAC - Seleção,"1.421, de 2025",https://in.gov.br/web/dou/-/portaria-mcid-n-1.421-de-9-de-dezembro-de-2025-674491274
S-2282,Água Para Todos,Abastecimento de Água,Abastecimento de Água - Urbano,FIN,FGTS,2025,SC,PORTO BELO,Sul,"56000000185/2025",Seleção Normal,,17821452.81,17821452.81,enquadrada,Setor Público,Novo PAC - Seleção,"1.421, de 2025",https://in.gov.br/web/dou/-/portaria-mcid-n-1.421-de-9-de-dezembro-de-2025-674491274
S-2283,Água Para Todos,Abastecimento de Água,Abastecimento de Água - Urbano,FIN,FGTS,2025,SC,MASSARANDUBA,Sul,"56000002017/2025",Seleção Normal,,13040274.04,13040274.04,enquadrada,Setor Público,Novo PAC - Seleção,"1.421, de 2025",https://in.gov.br/web/dou/-/portaria-mcid-n-1.421-de-9-de-dezembro-de-2025-674491274
S-2284,Água Para Todos,Abastecimento de Água,Abastecimento de Água - Urbano,FIN,FGTS,2025,SP,INDAIATUBA,Sudeste,"56000000814/2025",Seleção Normal,,54636289.04,54636289.04,enquadrada,Setor Público,Novo PAC - Seleção,"1.421, de 2025",https://in.gov.br/web/dou/-/portaria-mcid-n-1.421-de-9-de-dezembro-de-2025-674491274
S-2285,Água Para Todos,Abastecimento de Água,Abastecimento de Água - Urbano,FIN,FGTS,2025,SP,SOROCABA,Sudeste,"56000000565/2025",Seleção Normal,,5654274.18,5654274.18,enquadrada,Setor Público,Novo PAC - Seleção,"1.421, de 2025",https://in.gov.br/web/dou/-/portaria-mcid-n-1.421-de-9-de-dezembro-de-2025-674491274
S-2286,Água Para Todos,Abastecimento de Água,Abastecimento de Água - Urbano,FIN,FGTS,2025,SP,SAO CARLOS,Sudeste,"56000001344/2025",Seleção Normal,,9957823.26,9957823.26,enquadrada,Setor Público,Novo PAC - Seleção,"1.421, de 2025",https://in.gov.br/web/dou/-/portaria-mcid-n-1.421-de-9-de-dezembro-de-2025-674491274
S-2287,Água Para Todos,Abastecimento de Água,Abastecimento de Água - Urbano,FIN,FGTS,2025,BA,ESTADO DA BAHIA,Nordeste,"56000000679/2025",Seleção Normal,,789901030.02,789901030.02,enquadrada,Setor Privado,Novo PAC - Seleção,"1.421, de 2025",https://in.gov.br/web/dou/-/portaria-mcid-n-1.421-de-9-de-dezembro-de-2025-674491274
S-2288,Água Para Todos,Abastecimento de Água,Abastecimento de Água - Urbano,OGU,OGU,2024,SP,CAJOBI,Sudeste,"56000003507/2023",Seleção Normal,400000,0,400000,selecionada,,Novo PAC - Seleção,"768, de 2024",https://www.in.gov.br/en/web/dou/-/portaria-mcid-n-768-de-26-de-julho-de-2024-574522819
S-2289,Água Para Todos,Abastecimento de Água,Abastecimento de Água - Urbano,FIN,FGTS,2025,BA,ESTADO DA BAHIA,Nordeste,"56000000732/2025",Seleção Normal,,90000000,90000000,enquadrada,Setor Privado,Novo PAC - Seleção,"1.421, de 2025",https://in.gov.br/web/dou/-/portaria-mcid-n-1.421-de-9-de-dezembro-de-2025-674491274
S-2290,Água Para Todos,Abastecimento de Água,Abastecimento de Água - Urbano,FIN,FGTS,2025,BA,ESTADO DA BAHIA,Nordeste,"56000008231/2025",Seleção Normal,,143358602.81,143358602.81,enquadrada,Setor Privado,Novo PAC - Seleção,"1.421, de 2025",https://in.gov.br/web/dou/-/portaria-mcid-n-1.421-de-9-de-dezembro-de-2025-674491274
S-2291,Água Para Todos,Abastecimento de Água,Abastecimento de Água - Urbano,FIN,FGTS,2025,CE,ESTADO DO CEARA,Nordeste,"56000002457/2025",Seleção Normal,,86517527.22,86517527.22,enquadrada,Setor Privado,Novo PAC - Seleção,"1.421, de 2025",https://in.gov.br/web/dou/-/portaria-mcid-n-1.421-de-9-de-dezembro-de-2025-674491274
S-2292,Água Para Todos,Abastecimento de Água,Abastecimento de Água - Urbano,FIN,FGTS,2025,CE,ESTADO DO CEARA,Nordeste,"56000002468/2025",Seleção Normal,,53000485.84,53000485.84,enquadrada,Setor Privado,Novo PAC - Seleção,"1.421, de 2025",https://in.gov.br/web/dou/-/portaria-mcid-n-1.421-de-9-de-dezembro-de-2025-674491274
S-2293,Água Para Todos,Abastecimento de Água,Abastecimento de Água - Urbano,FIN,FGTS,2025,CE,ESTADO DO CEARA,Nordeste,"56000002488/2025",Seleção Normal,,116251041.84,116251041.84,enquadrada,Setor Privado,Novo PAC - Seleção,"1.421, de 2025",https://in.gov.br/web/dou/-/portaria-mcid-n-1.421-de-9-de-dezembro-de-2025-674491274
S-2294,Água Para Todos,Abastecimento de Água,Abastecimento de Água - Urbano,FIN,FGTS,2025,CE,QUIXELO,Nordeste,"56000000613/2025",Seleção Normal,,1211239.55,1211239.55,enquadrada,Setor Público,Novo PAC - Seleção,"1.421, de 2025",https://in.gov.br/web/dou/-/portaria-mcid-n-1.421-de-9-de-dezembro-de-2025-674491274
S-2295,Água Para Todos,Abastecimento de Água,Abastecimento de Água - Urbano,FIN,FGTS,2025,MG,DORESOPOLIS,Sudeste,"56000000111/2025",Seleção Normal,,3086006.14,3086006.14,enquadrada,Setor Público,Novo PAC - Seleção,"1.421, de 2025",https://in.gov.br/web/dou/-/portaria-mcid-n-1.421-de-9-de-dezembro-de-2025-674491274
S-2296,Água Para Todos,Abastecimento de Água,Abastecimento de Água - Urbano,FIN,FGTS,2025,MG,UBERLÂNDIA,Sudeste,"56000000438/2025",Seleção Normal,,13970232.5,13970232.5,enquadrada,Setor Público,Novo PAC - Seleção,"1.421, de 2025",https://in.gov.br/web/dou/-/portaria-mcid-n-1.421-de-9-de-dezembro-de-2025-674491274
S-2297,Água Para Todos,Abastecimento de Água,Abastecimento de Água - Urbano,FIN,FGTS,2025,MG,ITAUNA,Sudeste,"56000001371/2025",Seleção Normal,,4792345.27,4792345.27,enquadrada,Setor Público,Novo PAC - Seleção,"1.421, de 2025",https://in.gov.br/web/dou/-/portaria-mcid-n-1.421-de-9-de-dezembro-de-2025-674491274
S-2298,Água Para Todos,Abastecimento de Água,Abastecimento de Água - Urbano,FIN,FGTS,2025,RJ,ESTADO DO RIO DE JANEIRO,Sudeste,"56000001259/2025",Seleção Normal,,46429149.56,46429149.56,enquadrada,Setor Privado,Novo PAC - Seleção,"1.421, de 2025",https://in.gov.br/web/dou/-/portaria-mcid-n-1.421-de-9-de-dezembro-de-2025-674491274
S-2299,Água Para Todos,Abastecimento de Água,Abastecimento de Água - Urbano,FIN,FGTS,2025,RS,CRUZALTENSE,Sul,"56000000615/2025",Seleção Normal,,1283982.07,1283982.07,enquadrada,Setor Público,Novo PAC - Seleção,"1.421, de 2025",https://in.gov.br/web/dou/-/portaria-mcid-n-1.421-de-9-de-dezembro-de-2025-674491274
S-2300,Água Para Todos,Abastecimento de Água,Abastecimento de Água - Urbano,FIN,FGTS,2025,SC,CANELINHA,Sul,"56000000107/2025",Seleção Normal,,4225140.22,4225140.22,enquadrada,Setor Público,Novo PAC - Seleção,"1.421, de 2025",https://in.gov.br/web/dou/-/portaria-mcid-n-1.421-de-9-de-dezembro-de-2025-674491274
S-2301,Água Para Todos,Abastecimento de Água,Abastecimento de Água - Urbano,FIN,FGTS,2025,SC,ITAJAI,Sul,"56000000894/2025",Seleção Normal,,22425713.62,22425713.62,enquadrada,Setor Público,Novo PAC - Seleção,"1.421, de 2025",https://in.gov.br/web/dou/-/portaria-mcid-n-1.421-de-9-de-dezembro-de-2025-674491274
S-2302,Água Para Todos,Abastecimento de Água,Abastecimento de Água - Urbano,FIN,FGTS,2025,SP,SALTO,Sudeste,"56000000473/2025",Seleção Normal,,36374151.51,36374151.51,enquadrada,Setor Público,Novo PAC - Seleção,"1.421, de 2025",https://in.gov.br/web/dou/-/portaria-mcid-n-1.421-de-9-de-dezembro-de-2025-674491274
S-2303,Água Para Todos,Abastecimento de Água,Abastecimento de Água - Urbano,FIN,FGTS,2025,SP,SOROCABA,Sudeste,"56000000467/2025",Seleção Normal,,4425855.88,4425855.88,enquadrada,Setor Público,Novo PAC - Seleção,"1.421, de 2025",https://in.gov.br/web/dou/-/portaria-mcid-n-1.421-de-9-de-dezembro-de-2025-674491274
S-2304,Água Para Todos,Abastecimento de Água,Abastecimento de Água - Urbano,FIN,FGTS,2025,SP,JAGUARIUNA,Sudeste,"56000001558/2025",Seleção Normal,,1832479.24,1832479.24,enquadrada,Setor Público,Novo PAC - Seleção,"1.421, de 2025",https://in.gov.br/web/dou/-/portaria-mcid-n-1.421-de-9-de-dezembro-de-2025-674491274
S-2305,Água Para Todos,Abastecimento de Água,Abastecimento de Água - Urbano,FIN,FGTS,2025,SP,SAO CARLOS,Sudeste,"56000001705/2025",Seleção Normal,,28092298.7,28092298.7,enquadrada,Setor Público,Novo PAC - Seleção,"1.421, de 2025",https://in.gov.br/web/dou/-/portaria-mcid-n-1.421-de-9-de-dezembro-de-2025-674491274
S-2306,Água Para Todos,Abastecimento de Água,Abastecimento de Água - Urbano,OGU,OGU,2024,MA,BARREIRINHAS,Nordeste,GOV01,Governadores,56500000,0,56500000,selecionada,,Novo PAC - Seleção,NA,
S-2307,Água Para Todos,Abastecimento de Água,Abastecimento de Água - Urbano,OGU,OGU,2024,RS,TEUTONIA,Sul,"56000002124/2023",Seleção Normal,850000,0,850000,selecionada,,Novo PAC - Seleção,"768, de 2024",https://www.in.gov.br/en/web/dou/-/portaria-mcid-n-768-de-26-de-julho-de-2024-574522819
S-2308,Água Para Todos,Abastecimento de Água,Abastecimento de Água - Urbano,OGU,OGU,2024,PI,COCAL,Nordeste,"56000005616/2023",Seleção Normal,6000000,0,6000000,selecionada,,Novo PAC - Seleção,"768, de 2024",https://www.in.gov.br/en/web/dou/-/portaria-mcid-n-768-de-26-de-julho-de-2024-574522819
S-2309,Água Para Todos,Abastecimento de Água,Abastecimento de Água - Urbano,OGU,OGU,2024,MT,TERRA NOVA DO NORTE,Centro-Oeste,"56000000019/2023",Seleção Normal,5001746.73,0,5001746.73,selecionada,,Novo PAC - Seleção,"768, de 2024",https://www.in.gov.br/en/web/dou/-/portaria-mcid-n-768-de-26-de-julho-de-2024-574522819
S-2310,Água Para Todos,Abastecimento de Água,Abastecimento de Água - Urbano,OGU,OGU,2024,MG,ABRE CAMPO,Sudeste,"56000000115/2023",Seleção Normal,2235087.19,0,2235087.19,selecionada,,Novo PAC - Seleção,"768, de 2024",https://www.in.gov.br/en/web/dou/-/portaria-mcid-n-768-de-26-de-julho-de-2024-574522819
S-2311,Água Para Todos,Abastecimento de Água,Abastecimento de Água - Urbano,OGU,OGU,2024,CE,SOBRAL,Nordeste,"56000000152/2023",Seleção Normal,4543550.28,0,4543550.28,selecionada,,Novo PAC - Seleção,"768, de 2024",https://www.in.gov.br/en/web/dou/-/portaria-mcid-n-768-de-26-de-julho-de-2024-574522819
S-2312,Água Para Todos,Abastecimento de Água,Abastecimento de Água - Urbano,OGU,OGU,2024,RO,PORTO VELHO,Norte,"56000000381/2023",Seleção Normal,5078468.39,0,5078468.39,selecionada,,Novo PAC - Seleção,"768, de 2024",https://www.in.gov.br/en/web/dou/-/portaria-mcid-n-768-de-26-de-julho-de-2024-574522819
S-2313,Água Para Todos,Abastecimento de Água,Abastecimento de Água - Urbano,OGU,OGU,2024,BA,"MIGUEL CALMON, PIRITIBA, MUNDO
NOVO",Nordeste,"56000000606/2023",Seleção Normal,17209142.89,0,17209142.89,selecionada,,Novo PAC - Seleção,"768, de 2024",https://www.in.gov.br/en/web/dou/-/portaria-mcid-n-768-de-26-de-julho-de-2024-574522819
S-2314,Água Para Todos,Abastecimento de Água,Abastecimento de Água - Urbano,OGU,OGU,2024,MG,IPANEMA,Sudeste,"56000004628/2023",Seleção Normal,1500000,0,1500000,selecionada,,Novo PAC - Seleção,"768, de 2024",https://www.in.gov.br/en/web/dou/-/portaria-mcid-n-768-de-26-de-julho-de-2024-574522819
S-2315,Água Para Todos,Abastecimento de Água,Abastecimento de Água - Urbano,OGU,OGU,2024,GO,CHAPADAO DO CEU,Centro-Oeste,"56000000891/2023",Seleção Normal,3878580.83,0,3878580.83,selecionada,,Novo PAC - Seleção,"768, de 2024",https://www.in.gov.br/en/web/dou/-/portaria-mcid-n-768-de-26-de-julho-de-2024-574522819
S-2316,Água Para Todos,Abastecimento de Água,Abastecimento de Água - Urbano,OGU,OGU,2024,RS,TIO HUGO,Sul,"56000001028/2023",Seleção Normal,606000,0,606000,selecionada,,Novo PAC - Seleção,"768, de 2024",https://www.in.gov.br/en/web/dou/-/portaria-mcid-n-768-de-26-de-julho-de-2024-574522819
S-2317,Água Para Todos,Abastecimento de Água,Abastecimento de Água - Urbano,OGU,OGU,2024,SP,MOGI GUACU,Sudeste,"56000001368/2023",Seleção Normal,9627395.38,0,9627395.38,selecionada,,Novo PAC - Seleção,"768, de 2024",https://www.in.gov.br/en/web/dou/-/portaria-mcid-n-768-de-26-de-julho-de-2024-574522819
S-2318,Água Para Todos,Abastecimento de Água,Abastecimento de Água - Urbano,OGU,OGU,2024,AL,CORURIPE,Nordeste,"56000001462/2023",Seleção Normal,6458274.05,0,6458274.05,selecionada,,Novo PAC - Seleção,"768, de 2024",https://www.in.gov.br/en/web/dou/-/portaria-mcid-n-768-de-26-de-julho-de-2024-574522819
S-2319,Água Para Todos,Abastecimento de Água,Abastecimento de Água - Urbano,OGU,OGU,2024,SE,ESTANCIA,Nordeste,"56000001690/2023",Seleção Normal,19000000,0,19000000,selecionada,,Novo PAC - Seleção,"768, de 2024",https://www.in.gov.br/en/web/dou/-/portaria-mcid-n-768-de-26-de-julho-de-2024-574522819
S-2320,Água Para Todos,Abastecimento de Água,Abastecimento de Água - Urbano,OGU,OGU,2024,PR,SERTANEJA,Sul,"56000001928/2023",Seleção Normal,5839321.38,0,5839321.38,selecionada,,Novo PAC - Seleção,"768, de 2024",https://www.in.gov.br/en/web/dou/-/portaria-mcid-n-768-de-26-de-julho-de-2024-574522819
S-2321,Água Para Todos,Abastecimento de Água,Abastecimento de Água - Urbano,OGU,OGU,2024,RS,BAGE,Sul,"56000002337/2023",Seleção Normal,2947018.06,0,2947018.06,selecionada,,Novo PAC - Seleção,"768, de 2024",https://www.in.gov.br/en/web/dou/-/portaria-mcid-n-768-de-26-de-julho-de-2024-574522819
S-2322,Água Para Todos,Abastecimento de Água,Abastecimento de Água - Urbano,OGU,OGU,2024,MG,ITAGUARA,Sudeste,"56000002425/2023",Seleção Normal,11161252.92,0,11161252.92,selecionada,,Novo PAC - Seleção,"768, de 2024",https://www.in.gov.br/en/web/dou/-/portaria-mcid-n-768-de-26-de-julho-de-2024-574522819
S-2323,Água Para Todos,Abastecimento de Água,Abastecimento de Água - Urbano,OGU,OGU,2024,SC,GARUVA,Sul,"56000002544/2023",Seleção Normal,2605622.27,0,2605622.27,selecionada,,Novo PAC - Seleção,"768, de 2024",https://www.in.gov.br/en/web/dou/-/portaria-mcid-n-768-de-26-de-julho-de-2024-574522819
S-2324,Água Para Todos,Abastecimento de Água,Abastecimento de Água - Urbano,OGU,OGU,2024,BA,TAPEROA,Nordeste,"56000002594/2023",Seleção Normal,2172764,0,2172764,selecionada,,Novo PAC - Seleção,"768, de 2024",https://www.in.gov.br/en/web/dou/-/portaria-mcid-n-768-de-26-de-julho-de-2024-574522819
S-2325,Água Para Todos,Abastecimento de Água,Abastecimento de Água - Urbano,OGU,OGU,2024,PA,SAO MIGUEL DO GUAMA,Norte,"56000002703/2023",Seleção Normal,4631014.49,0,4631014.49,selecionada,,Novo PAC - Seleção,"768, de 2024",https://www.in.gov.br/en/web/dou/-/portaria-mcid-n-768-de-26-de-julho-de-2024-574522819
S-2326,Água Para Todos,Abastecimento de Água,Abastecimento de Água - Urbano,OGU,OGU,2024,SP,DESCALVADO,Sudeste,"56000002931/2023",Seleção Normal,532333.12,0,532333.12,selecionada,,Novo PAC - Seleção,"768, de 2024",https://www.in.gov.br/en/web/dou/-/portaria-mcid-n-768-de-26-de-julho-de-2024-574522819
S-2327,Água Para Todos,Abastecimento de Água,Abastecimento de Água - Urbano,OGU,OGU,2024,MA,PENALVA,Nordeste,"56000003049/2023",Seleção Normal,5000000,0,5000000,selecionada,,Novo PAC - Seleção,"768, de 2024",https://www.in.gov.br/en/web/dou/-/portaria-mcid-n-768-de-26-de-julho-de-2024-574522819
S-2328,Água Para Todos,Abastecimento de Água,Abastecimento de Água - Urbano,OGU,OGU,2024,MA,SAMBAIBA,Nordeste,"56000003184/2023",Seleção Normal,5000000,0,5000000,selecionada,,Novo PAC - Seleção,"768, de 2024",https://www.in.gov.br/en/web/dou/-/portaria-mcid-n-768-de-26-de-julho-de-2024-574522819
S-2329,Água Para Todos,Abastecimento de Água,Abastecimento de Água - Urbano,OGU,OGU,2024,ES,ALEGRE,Sudeste,"56000003382/2023",Seleção Normal,1758650.02,0,1758650.02,selecionada,,Novo PAC - Seleção,"768, de 2024",https://www.in.gov.br/en/web/dou/-/portaria-mcid-n-768-de-26-de-julho-de-2024-574522819
S-2330,Água Para Todos,Abastecimento de Água,Abastecimento de Água - Urbano,OGU,OGU,2024,PE,BUIQUE,Nordeste,"56000003752/2023",Seleção Normal,8791191.2,0,8791191.2,selecionada,,Novo PAC - Seleção,"768, de 2024",https://www.in.gov.br/en/web/dou/-/portaria-mcid-n-768-de-26-de-julho-de-2024-574522819
S-2331,Água Para Todos,Abastecimento de Água,Abastecimento de Água - Urbano,OGU,OGU,2024,RN,JANDAIRA,Nordeste,"56000003816/2023",Seleção Normal,702525.71,0,702525.71,selecionada,,Novo PAC - Seleção,"768, de 2024",https://www.in.gov.br/en/web/dou/-/portaria-mcid-n-768-de-26-de-julho-de-2024-574522819
S-2332,Água Para Todos,Abastecimento de Água,Abastecimento de Água - Urbano,OGU,OGU,2024,MG,NEPOMUCENO,Sudeste,"56000003959/2023",Seleção Normal,3295164.82,0,3295164.82,selecionada,,Novo PAC - Seleção,"768, de 2024",https://www.in.gov.br/en/web/dou/-/portaria-mcid-n-768-de-26-de-julho-de-2024-574522819
S-2333,Água Para Todos,Abastecimento de Água,Abastecimento de Água - Urbano,OGU,OGU,2024,AC,RIO BRANCO,Norte,"56000004232/2023",Seleção Normal,2444750.05,0,2444750.05,selecionada,,Novo PAC - Seleção,"768, de 2024",https://www.in.gov.br/en/web/dou/-/portaria-mcid-n-768-de-26-de-julho-de-2024-574522819
S-2334,Água Para Todos,Abastecimento de Água,Abastecimento de Água - Urbano,OGU,OGU,2024,PR,KALORE,Sul,"56000004311/2023",Seleção Normal,6020236.29,0,6020236.29,selecionada,,Novo PAC - Seleção,"768, de 2024",https://www.in.gov.br/en/web/dou/-/portaria-mcid-n-768-de-26-de-julho-de-2024-574522819
S-2335,Água Para Todos,Abastecimento de Água,Abastecimento de Água - Urbano,OGU,OGU,2024,PA,BRAGANCA,Norte,"56000004395/2023",Seleção Normal,4203270.8,0,4203270.8,selecionada,,Novo PAC - Seleção,"768, de 2024",https://www.in.gov.br/en/web/dou/-/portaria-mcid-n-768-de-26-de-julho-de-2024-574522819
S-2336,Água Para Todos,Abastecimento de Água,Abastecimento de Água - Urbano,OGU,OGU,2024,RJ,ITAPERUNA,Sudeste,"56000004811/2023",Seleção Normal,45000447.37,0,45000447.37,selecionada,,Novo PAC - Seleção,"768, de 2024",https://www.in.gov.br/en/web/dou/-/portaria-mcid-n-768-de-26-de-julho-de-2024-574522819
S-2337,Água Para Todos,Abastecimento de Água,Abastecimento de Água - Urbano,OGU,OGU,2024,CE,AIUABA,Nordeste,"56000004883/2023",Seleção Normal,6660684.42,0,6660684.42,selecionada,,Novo PAC - Seleção,"768, de 2024",https://www.in.gov.br/en/web/dou/-/portaria-mcid-n-768-de-26-de-julho-de-2024-574522819
S-2338,Água Para Todos,Abastecimento de Água,Abastecimento de Água - Urbano,OGU,OGU,2024,MG,GUANHAES,Sudeste,"56000005240/2023",Seleção Normal,14859664.62,0,14859664.62,selecionada,,Novo PAC - Seleção,"768, de 2024",https://www.in.gov.br/en/web/dou/-/portaria-mcid-n-768-de-26-de-julho-de-2024-574522819
S-2339,Água Para Todos,Abastecimento de Água,Abastecimento de Água - Urbano,OGU,OGU,2024,PI,LAGOA ALEGRE,Nordeste,"56000005287/2023",Seleção Normal,2000000,0,2000000,selecionada,,Novo PAC - Seleção,"768, de 2024",https://www.in.gov.br/en/web/dou/-/portaria-mcid-n-768-de-26-de-julho-de-2024-574522819
S-2340,Água Para Todos,Abastecimento de Água,Abastecimento de Água - Urbano,OGU,OGU,2024,PA,BENEVIDES,Norte,"56000005530/2023",Seleção Normal,29543074.93,0,29543074.93,selecionada,,Novo PAC - Seleção,"768, de 2024",https://www.in.gov.br/en/web/dou/-/portaria-mcid-n-768-de-26-de-julho-de-2024-574522819
S-2341,Água Para Todos,Abastecimento de Água,Abastecimento de Água - Urbano,OGU,OGU,2024,AM,BENJAMIN CONSTANT,Norte,"56000005636/2023",Seleção Normal,44754112.95,0,44754112.95,selecionada,,Novo PAC - Seleção,"768, de 2024",https://www.in.gov.br/en/web/dou/-/portaria-mcid-n-768-de-26-de-julho-de-2024-574522819
S-2342,Água Para Todos,Abastecimento de Água,Abastecimento de Água - Urbano,OGU,OGU,2024,PE,"SANTA CRUZ DO CAPIBARIBE,
TORITAMA",Nordeste,"56000005876/2023",Seleção Normal,26656365.37,0,26656365.37,selecionada,,Novo PAC - Seleção,"768, de 2024",https://www.in.gov.br/en/web/dou/-/portaria-mcid-n-768-de-26-de-julho-de-2024-574522819
S-2343,Água Para Todos,Abastecimento de Água,Abastecimento de Água - Urbano,OGU,OGU,2024,PI,BETANIA DO PIAUI,Nordeste,"56000006169/2023",Seleção Normal,16261941,0,16261941,selecionada,,Novo PAC - Seleção,"768, de 2024",https://www.in.gov.br/en/web/dou/-/portaria-mcid-n-768-de-26-de-julho-de-2024-574522819
S-2344,Água Para Todos,Abastecimento de Água,Abastecimento de Água - Urbano,OGU,OGU,2024,AC,SANTA ROSA DO PURUS,Norte,"56000006252/2023",Seleção Normal,5652967.54,0,5652967.54,selecionada,,Novo PAC - Seleção,"768, de 2024",https://www.in.gov.br/en/web/dou/-/portaria-mcid-n-768-de-26-de-julho-de-2024-574522819
S-2345,Água Para Todos,Abastecimento de Água,Abastecimento de Água - Urbano,OGU,OGU,2024,SP,ARARAQUARA,Sudeste,"56000006284/2023",Seleção Normal,16668847.91,0,16668847.91,selecionada,,Novo PAC - Seleção,"768, de 2024",https://www.in.gov.br/en/web/dou/-/portaria-mcid-n-768-de-26-de-julho-de-2024-574522819
S-2346,Água Para Todos,Abastecimento de Água,Abastecimento de Água - Urbano,OGU,OGU,2024,MG,SAO SEBASTIAO DO RIO VERDE,Sudeste,"56000006332/2023",Seleção Normal,514961.77,0,514961.77,selecionada,,Novo PAC - Seleção,"768, de 2024",https://www.in.gov.br/en/web/dou/-/portaria-mcid-n-768-de-26-de-julho-de-2024-574522819
S-2347,Água Para Todos,Abastecimento de Água,Abastecimento de Água - Urbano,OGU,OGU,2024,SP,SANTA BARBARA D'OESTE,Sudeste,"56000006532/2023",Seleção Normal,17272924.28,0,17272924.28,selecionada,,Novo PAC - Seleção,"768, de 2024",https://www.in.gov.br/en/web/dou/-/portaria-mcid-n-768-de-26-de-julho-de-2024-574522819
S-2348,Água Para Todos,Abastecimento de Água,Abastecimento de Água - Urbano,OGU,OGU,2024,ES,IBITIRAMA,Sudeste,"56000006851/2023",Seleção Normal,712970,0,712970,selecionada,,Novo PAC - Seleção,"768, de 2024",https://www.in.gov.br/en/web/dou/-/portaria-mcid-n-768-de-26-de-julho-de-2024-574522819
S-2349,Água Para Todos,Abastecimento de Água,Abastecimento de Água - Urbano,OGU,OGU,2024,BA,TANHACU,Nordeste,"56000007037/2023",Seleção Normal,38572107.19,0,38572107.19,selecionada,,Novo PAC - Seleção,"768, de 2024",https://www.in.gov.br/en/web/dou/-/portaria-mcid-n-768-de-26-de-julho-de-2024-574522819
S-2350,Água Para Todos,Abastecimento de Água,Abastecimento de Água - Urbano,OGU,OGU,2024,BA,ITABUNA,Nordeste,"56000002045/2023",Seleção Normal,21425715.95,0,21425715.95,selecionada,,Novo PAC - Seleção,"768, de 2024",https://www.in.gov.br/en/web/dou/-/portaria-mcid-n-768-de-26-de-julho-de-2024-574522819
S-2351,Água Para Todos,Abastecimento de Água,Abastecimento de Água - Urbano,OGU,OGU,2024,MT,JURUENA,Centro-Oeste,"56000000028/2023",Seleção Normal,12900810.07,0,12900810.07,selecionada,,Novo PAC - Seleção,"768, de 2024",https://www.in.gov.br/en/web/dou/-/portaria-mcid-n-768-de-26-de-julho-de-2024-574522819
S-2352,Água Para Todos,Abastecimento de Água,Abastecimento de Água - Urbano,OGU,OGU,2024,SP,VARGEM GRANDE DO SUL,Sudeste,"56000000103/2023",Seleção Normal,5022027.98,0,5022027.98,selecionada,,Novo PAC - Seleção,"768, de 2024",https://www.in.gov.br/en/web/dou/-/portaria-mcid-n-768-de-26-de-julho-de-2024-574522819
S-2353,Água Para Todos,Abastecimento de Água,Abastecimento de Água - Urbano,OGU,OGU,2024,SC,PRAIA GRANDE,Sul,"56000000147/2023",Seleção Normal,8725880.64,0,8725880.64,selecionada,,Novo PAC - Seleção,"768, de 2024",https://www.in.gov.br/en/web/dou/-/portaria-mcid-n-768-de-26-de-julho-de-2024-574522819
S-2354,Água Para Todos,Abastecimento de Água,Abastecimento de Água - Urbano,OGU,OGU,2024,RO,PORTO VELHO,Norte,"56000000380/2023",Seleção Normal,6922525.08,0,6922525.08,selecionada,,Novo PAC - Seleção,"768, de 2024",https://www.in.gov.br/en/web/dou/-/portaria-mcid-n-768-de-26-de-julho-de-2024-574522819
S-2355,Água Para Todos,Abastecimento de Água,Abastecimento de Água - Urbano,OGU,OGU,2024,BA,UAUA,Nordeste,"56000000601/2023",Seleção Normal,67744089.93,0,67744089.93,selecionada,,Novo PAC - Seleção,"768, de 2024",https://www.in.gov.br/en/web/dou/-/portaria-mcid-n-768-de-26-de-julho-de-2024-574522819
S-2356,Água Para Todos,Abastecimento de Água,Abastecimento de Água - Urbano,OGU,OGU,2024,CE,"FORTALEZA, EUSEBIO",Nordeste,"56000000719/2023",Seleção Normal,99900000,0,99900000,selecionada,,Novo PAC - Seleção,"768, de 2024",https://www.in.gov.br/en/web/dou/-/portaria-mcid-n-768-de-26-de-julho-de-2024-574522819
S-2357,Água Para Todos,Abastecimento de Água,Abastecimento de Água - Urbano,OGU,OGU,2024,CE,MAURITI,Nordeste,"56000000811/2023",Seleção Normal,38337096.46,0,38337096.46,selecionada,,Novo PAC - Seleção,"768, de 2024",https://www.in.gov.br/en/web/dou/-/portaria-mcid-n-768-de-26-de-julho-de-2024-574522819
S-2358,Água Para Todos,Abastecimento de Água,Abastecimento de Água - Urbano,OGU,OGU,2024,SP,SANTO ANTONIO DE POSSE,Sudeste,"56000001016/2023",Seleção Normal,1422642.11,0,1422642.11,selecionada,,Novo PAC - Seleção,"768, de 2024",https://www.in.gov.br/en/web/dou/-/portaria-mcid-n-768-de-26-de-julho-de-2024-574522819
S-2359,Água Para Todos,Abastecimento de Água,Abastecimento de Água - Urbano,OGU,OGU,2024,MG,ITAMARANDIBA,Sudeste,"56000001251/2023",Seleção Normal,4599027,0,4599027,selecionada,,Novo PAC - Seleção,"768, de 2024",https://www.in.gov.br/en/web/dou/-/portaria-mcid-n-768-de-26-de-julho-de-2024-574522819
S-2360,Água Para Todos,Abastecimento de Água,Abastecimento de Água - Urbano,OGU,OGU,2024,MG,ITAMBACURI,Sudeste,"56000001423/2023",Seleção Normal,14396652.9,0,14396652.9,selecionada,,Novo PAC - Seleção,"768, de 2024",https://www.in.gov.br/en/web/dou/-/portaria-mcid-n-768-de-26-de-julho-de-2024-574522819
S-2361,Água Para Todos,Abastecimento de Água,Abastecimento de Água - Urbano,OGU,OGU,2024,CE,CANINDE,Nordeste,"56000001587/2023",Seleção Normal,5079755.78,0,5079755.78,selecionada,,Novo PAC - Seleção,"768, de 2024",https://www.in.gov.br/en/web/dou/-/portaria-mcid-n-768-de-26-de-julho-de-2024-574522819
S-2362,Água Para Todos,Abastecimento de Água,Abastecimento de Água - Urbano,OGU,OGU,2024,MG,LAMBARI,Sudeste,"56000001877/2023",Seleção Normal,2650806.36,0,2650806.36,selecionada,,Novo PAC - Seleção,"768, de 2024",https://www.in.gov.br/en/web/dou/-/portaria-mcid-n-768-de-26-de-julho-de-2024-574522819
S-2363,Água Para Todos,Abastecimento de Água,Abastecimento de Água - Urbano,OGU,OGU,2024,RS,SAO JOSE DAS MISSOES,Sul,"56000002105/2023",Seleção Normal,400000,0,400000,selecionada,,Novo PAC - Seleção,"768, de 2024",https://www.in.gov.br/en/web/dou/-/portaria-mcid-n-768-de-26-de-julho-de-2024-574522819
S-2364,Água Para Todos,Abastecimento de Água,Abastecimento de Água - Urbano,OGU,OGU,2024,SP,SERRANA,Sudeste,"56000002284/2023",Seleção Normal,1265032.63,0,1265032.63,selecionada,,Novo PAC - Seleção,"768, de 2024",https://www.in.gov.br/en/web/dou/-/portaria-mcid-n-768-de-26-de-julho-de-2024-574522819
S-2365,Água Para Todos,Abastecimento de Água,Abastecimento de Água - Urbano,OGU,OGU,2024,MA,JOSELANDIA,Nordeste,"56000002405/2023",Seleção Normal,5000000,0,5000000,selecionada,,Novo PAC - Seleção,"768, de 2024",https://www.in.gov.br/en/web/dou/-/portaria-mcid-n-768-de-26-de-julho-de-2024-574522819
S-2366,Água Para Todos,Abastecimento de Água,Abastecimento de Água - Urbano,OGU,OGU,2024,GO,CALDAS NOVAS,Centro-Oeste,"56000002473/2023",Seleção Normal,5307000,0,5307000,selecionada,,Novo PAC - Seleção,"768, de 2024",https://www.in.gov.br/en/web/dou/-/portaria-mcid-n-768-de-26-de-julho-de-2024-574522819
S-2367,Água Para Todos,Abastecimento de Água,Abastecimento de Água - Urbano,OGU,OGU,2024,MA,LORETO,Nordeste,"56000002588/2023",Seleção Normal,5000000,0,5000000,selecionada,,Novo PAC - Seleção,"768, de 2024",https://www.in.gov.br/en/web/dou/-/portaria-mcid-n-768-de-26-de-julho-de-2024-574522819
S-2368,Água Para Todos,Abastecimento de Água,Abastecimento de Água - Urbano,OGU,OGU,2024,AM,NOVO AIRAO,Norte,"56000002698/2023",Seleção Normal,512498.59,0,512498.59,selecionada,,Novo PAC - Seleção,"768, de 2024",https://www.in.gov.br/en/web/dou/-/portaria-mcid-n-768-de-26-de-julho-de-2024-574522819
S-2369,Água Para Todos,Abastecimento de Água,Abastecimento de Água - Urbano,OGU,OGU,2024,PR,TERRA RICA,Sul,"56000002797/2023",Seleção Normal,6006000,0,6006000,selecionada,,Novo PAC - Seleção,"768, de 2024",https://www.in.gov.br/en/web/dou/-/portaria-mcid-n-768-de-26-de-julho-de-2024-574522819
S-2370,Água Para Todos,Abastecimento de Água,Abastecimento de Água - Urbano,OGU,OGU,2024,ES,ITARANA,Sudeste,"56000002993/2023",Seleção Normal,8000000,0,8000000,selecionada,,Novo PAC - Seleção,"768, de 2024",https://www.in.gov.br/en/web/dou/-/portaria-mcid-n-768-de-26-de-julho-de-2024-574522819
S-2371,Água Para Todos,Abastecimento de Água,Abastecimento de Água - Urbano,OGU,OGU,2024,MG,LAJINHA,Sudeste,"56000003371/2023",Seleção Normal,8200000,0,8200000,selecionada,,Novo PAC - Seleção,"768, de 2024",https://www.in.gov.br/en/web/dou/-/portaria-mcid-n-768-de-26-de-julho-de-2024-574522819
S-2372,Água Para Todos,Abastecimento de Água,Abastecimento de Água - Urbano,OGU,OGU,2024,ES,ALTO RIO NOVO,Sudeste,"56000003578/2023",Seleção Normal,2020000,0,2020000,selecionada,,Novo PAC - Seleção,"768, de 2024",https://www.in.gov.br/en/web/dou/-/portaria-mcid-n-768-de-26-de-julho-de-2024-574522819
S-2373,Água Para Todos,Abastecimento de Água,Abastecimento de Água - Urbano,OGU,OGU,2024,MA,PAULINO NEVES,Nordeste,"56000003771/2023",Seleção Normal,3693426.53,0,3693426.53,selecionada,,Novo PAC - Seleção,"768, de 2024",https://www.in.gov.br/en/web/dou/-/portaria-mcid-n-768-de-26-de-julho-de-2024-574522819
S-2374,Água Para Todos,Abastecimento de Água,Abastecimento de Água - Urbano,OGU,OGU,2024,MA,SUCUPIRA DO NORTE,Nordeste,"56000003920/2023",Seleção Normal,5000000,0,5000000,selecionada,,Novo PAC - Seleção,"768, de 2024",https://www.in.gov.br/en/web/dou/-/portaria-mcid-n-768-de-26-de-julho-de-2024-574522819
S-2375,Água Para Todos,Abastecimento de Água,Abastecimento de Água - Urbano,OGU,OGU,2024,MA,CAXIAS,Nordeste,"56000004190/2023",Seleção Normal,24750000,0,24750000,selecionada,,Novo PAC - Seleção,"768, de 2024",https://www.in.gov.br/en/web/dou/-/portaria-mcid-n-768-de-26-de-julho-de-2024-574522819
S-2376,Água Para Todos,Abastecimento de Água,Abastecimento de Água - Urbano,OGU,OGU,2024,MA,"PINHEIRO, ITAPECURU MIRIM,
COROATA, ICATU, MIRANDA DO NORTE,
MIRADOR, PAULO RAMOS, MORROS,
OLHO D'AGUA DAS CUNHAS,
PIRAPEMAS, POCAO DE PEDRAS,
PAULINO NEVES, FORTUNA, LAGO
VERDE, GOVERNADOR EUGÊNIO
BARROS, FORTALEZA DOS NOGUEIRAS,
GOVERNADOR ARCHER, FEIRA NOVA DO
MARANHAO, LUIS DOMINGUES,
GOVERNADOR LUIZ ROCHA",Nordeste,"56000004257/2023",Seleção Normal,160828125.29,0,160828125.29,selecionada,,Novo PAC - Seleção,"768, de 2024",https://www.in.gov.br/en/web/dou/-/portaria-mcid-n-768-de-26-de-julho-de-2024-574522819
S-2377,Água Para Todos,Abastecimento de Água,Abastecimento de Água - Urbano,OGU,OGU,2024,AC,FEIJO,Norte,"56000004335/2023",Seleção Normal,4854819.97,0,4854819.97,selecionada,,Novo PAC - Seleção,"768, de 2024",https://www.in.gov.br/en/web/dou/-/portaria-mcid-n-768-de-26-de-julho-de-2024-574522819
S-2378,Água Para Todos,Abastecimento de Água,Abastecimento de Água - Urbano,OGU,OGU,2024,MG,PAINS,Sudeste,"56000004800/2023",Seleção Normal,14812188.46,0,14812188.46,selecionada,,Novo PAC - Seleção,"768, de 2024",https://www.in.gov.br/en/web/dou/-/portaria-mcid-n-768-de-26-de-julho-de-2024-574522819
S-2379,Água Para Todos,Abastecimento de Água,Abastecimento de Água - Urbano,OGU,OGU,2024,MA,SATUBINHA,Nordeste,"56000004881/2023",Seleção Normal,468565.02,0,468565.02,selecionada,,Novo PAC - Seleção,"768, de 2024",https://www.in.gov.br/en/web/dou/-/portaria-mcid-n-768-de-26-de-julho-de-2024-574522819
S-2380,Água Para Todos,Abastecimento de Água,Abastecimento de Água - Urbano,OGU,OGU,2024,PI,MIGUEL ALVES,Nordeste,"56000005205/2023",Seleção Normal,6000000,0,6000000,selecionada,,Novo PAC - Seleção,"768, de 2024",https://www.in.gov.br/en/web/dou/-/portaria-mcid-n-768-de-26-de-julho-de-2024-574522819
S-2381,Água Para Todos,Abastecimento de Água,Abastecimento de Água - Urbano,OGU,OGU,2024,PI,CURRAL NOVO DO PIAUI,Nordeste,"56000005281/2023",Seleção Normal,4631375.01,0,4631375.01,selecionada,,Novo PAC - Seleção,"768, de 2024",https://www.in.gov.br/en/web/dou/-/portaria-mcid-n-768-de-26-de-julho-de-2024-574522819
S-2382,Água Para Todos,Abastecimento de Água,Abastecimento de Água - Urbano,OGU,OGU,2024,PI,MASSAPE DO PIAUI,Nordeste,"56000005457/2023",Seleção Normal,5899152.27,0,5899152.27,selecionada,,Novo PAC - Seleção,"768, de 2024",https://www.in.gov.br/en/web/dou/-/portaria-mcid-n-768-de-26-de-julho-de-2024-574522819
S-2383,Água Para Todos,Abastecimento de Água,Abastecimento de Água - Urbano,OGU,OGU,2024,PI,NAZARE DO PIAUI,Nordeste,"56000005619/2023",Seleção Normal,6802936.56,0,6802936.56,selecionada,,Novo PAC - Seleção,"768, de 2024",https://www.in.gov.br/en/web/dou/-/portaria-mcid-n-768-de-26-de-julho-de-2024-574522819
S-2384,Água Para Todos,Abastecimento de Água,Abastecimento de Água - Urbano,OGU,OGU,2024,PI,SAO BRAZ DO PIAUI,Nordeste,"56000005772/2023",Seleção Normal,5277705.22,0,5277705.22,selecionada,,Novo PAC - Seleção,"768, de 2024",https://www.in.gov.br/en/web/dou/-/portaria-mcid-n-768-de-26-de-julho-de-2024-574522819
S-2385,Água Para Todos,Abastecimento de Água,Abastecimento de Água - Urbano,OGU,OGU,2024,PR,JAGUARIAIVA,Sul,"56000006146/2023",Seleção Normal,830746.17,0,830746.17,selecionada,,Novo PAC - Seleção,"768, de 2024",https://www.in.gov.br/en/web/dou/-/portaria-mcid-n-768-de-26-de-julho-de-2024-574522819
S-2386,Água Para Todos,Abastecimento de Água,Abastecimento de Água - Urbano,OGU,OGU,2024,AC,CAPIXABA,Norte,"56000006271/2023",Seleção Normal,6565398.96,0,6565398.96,selecionada,,Novo PAC - Seleção,"768, de 2024",https://www.in.gov.br/en/web/dou/-/portaria-mcid-n-768-de-26-de-julho-de-2024-574522819
S-2387,Água Para Todos,Abastecimento de Água,Abastecimento de Água - Urbano,OGU,OGU,2024,BA,SERROLANDIA,Nordeste,"56000006328/2023",Seleção Normal,14612511.53,0,14612511.53,selecionada,,Novo PAC - Seleção,"768, de 2024",https://www.in.gov.br/en/web/dou/-/portaria-mcid-n-768-de-26-de-julho-de-2024-574522819
S-2388,Água Para Todos,Abastecimento de Água,Abastecimento de Água - Urbano,OGU,OGU,2024,AC,SENADOR GUIOMARD,Norte,"56000006400/2023",Seleção Normal,13213173.77,0,13213173.77,selecionada,,Novo PAC - Seleção,"768, de 2024",https://www.in.gov.br/en/web/dou/-/portaria-mcid-n-768-de-26-de-julho-de-2024-574522819
S-2389,Água Para Todos,Abastecimento de Água,Abastecimento de Água - Urbano,OGU,OGU,2024,MG,CARANGOLA,Sudeste,"56000006745/2023",Seleção Normal,19884908.94,0,19884908.94,selecionada,,Novo PAC - Seleção,"768, de 2024",https://www.in.gov.br/en/web/dou/-/portaria-mcid-n-768-de-26-de-julho-de-2024-574522819
S-2390,Água Para Todos,Abastecimento de Água,Abastecimento de Água - Urbano,OGU,OGU,2024,RN,SAO MIGUEL DO GOSTOSO,Nordeste,"56000006991/2023",Seleção Normal,10440230.44,0,10440230.44,selecionada,,Novo PAC - Seleção,"768, de 2024",https://www.in.gov.br/en/web/dou/-/portaria-mcid-n-768-de-26-de-julho-de-2024-574522819
S-2391,Água Para Todos,Abastecimento de Água,Abastecimento de Água - Urbano,FIN,FGTS,2024,MT,MIRASSOL D'OESTE,Centro-Oeste,"56000000940/2023",Seleção Normal,0,23373586.28,23373586.28,selecionada,Setor Público,Novo PAC - Seleção,"768, de 2024",https://www.in.gov.br/en/web/dou/-/portaria-mcid-n-768-de-26-de-julho-de-2024-574522819
S-2392,Água Para Todos,Abastecimento de Água,Abastecimento de Água - Urbano,FIN,FGTS,2024,MS,DOURADOS,Centro-Oeste,"56000000415/2023",Seleção Normal,0,8530304.66,8530304.66,selecionada,Setor Público,Novo PAC - Seleção,"768, de 2024",https://www.in.gov.br/en/web/dou/-/portaria-mcid-n-768-de-26-de-julho-de-2024-574522819
S-2393,Água Para Todos,Abastecimento de Água,Abastecimento de Água - Urbano,FIN,FGTS,2024,SP,RIBEIRAO PRETO,Sudeste,"56000002557/2023",Seleção Normal,0,19163326.07,19163326.07,selecionada,Setor Público,Novo PAC - Seleção,"768, de 2024",https://www.in.gov.br/en/web/dou/-/portaria-mcid-n-768-de-26-de-julho-de-2024-574522819
S-2394,Água Para Todos,Abastecimento de Água,Abastecimento de Água - Urbano,FIN,FGTS,2024,MG,DIOGO DE VASCONCELOS,Sudeste,"56000000054/2023",Seleção Normal,0,976000,976000,selecionada,Setor Público,Novo PAC - Seleção,"768, de 2024",https://www.in.gov.br/en/web/dou/-/portaria-mcid-n-768-de-26-de-julho-de-2024-574522819
S-2395,Água Para Todos,Abastecimento de Água,Abastecimento de Água - Urbano,FIN,FGTS,2024,MG,UBERLANDIA,Sudeste,"56000000268/2023",Seleção Normal,0,10012714.78,10012714.78,selecionada,Setor Público,Novo PAC - Seleção,"768, de 2024",https://www.in.gov.br/en/web/dou/-/portaria-mcid-n-768-de-26-de-julho-de-2024-574522819
S-2396,Água Para Todos,Abastecimento de Água,Abastecimento de Água - Urbano,FIN,FGTS,2024,SE,MALHADOR,Nordeste,"56000000496/2023",Seleção Normal,0,19376948.96,19376948.96,selecionada,Setor Público,Novo PAC - Seleção,"768, de 2024",https://www.in.gov.br/en/web/dou/-/portaria-mcid-n-768-de-26-de-julho-de-2024-574522819
S-2397,Água Para Todos,Abastecimento de Água,Abastecimento de Água - Urbano,FIN,FGTS,2024,BA,"QUEIMADAS, SANTA LUZ",Nordeste,"56000000605/2023",Seleção Normal,0,101573661.85,101573661.85,selecionada,Setor Público,Novo PAC - Seleção,"768, de 2024",https://www.in.gov.br/en/web/dou/-/portaria-mcid-n-768-de-26-de-julho-de-2024-574522819
S-2398,Água Para Todos,Abastecimento de Água,Abastecimento de Água - Urbano,FIN,FGTS,2024,SP,MOGI DAS CRUZES,Sudeste,"56000000768/2023",Seleção Normal,0,45228799.75,45228799.75,selecionada,Setor Público,Novo PAC - Seleção,"768, de 2024",https://www.in.gov.br/en/web/dou/-/portaria-mcid-n-768-de-26-de-julho-de-2024-574522819
S-2399,Água Para Todos,Abastecimento de Água,Abastecimento de Água - Urbano,FIN,FGTS,2024,SP,JAGUARIUNA,Sudeste,"56000000934/2023",Seleção Normal,0,7311085.44,7311085.44,selecionada,Setor Público,Novo PAC - Seleção,"768, de 2024",https://www.in.gov.br/en/web/dou/-/portaria-mcid-n-768-de-26-de-julho-de-2024-574522819
S-2400,Água Para Todos,Abastecimento de Água,Abastecimento de Água - Urbano,FIN,FGTS,2024,MT,JUINA,Centro-Oeste,"56000001431/2023",Seleção Normal,0,860352.18,860352.18,selecionada,Setor Público,Novo PAC - Seleção,"768, de 2024",https://www.in.gov.br/en/web/dou/-/portaria-mcid-n-768-de-26-de-julho-de-2024-574522819
S-2401,Água Para Todos,Abastecimento de Água,Abastecimento de Água - Urbano,FIN,FGTS,2024,SP,ATIBAIA,Sudeste,"56000001691/2023",Seleção Normal,0,6351606.01,6351606.01,selecionada,Setor Público,Novo PAC - Seleção,"768, de 2024",https://www.in.gov.br/en/web/dou/-/portaria-mcid-n-768-de-26-de-julho-de-2024-574522819
S-2402,Água Para Todos,Abastecimento de Água,Abastecimento de Água - Urbano,FIN,FGTS,2024,AM,NHAMUNDA,Norte,"56000005900/2023",Seleção Normal,0,43527679.09,43527679.09,selecionada,Setor Público,Novo PAC - Seleção,"768, de 2024",https://www.in.gov.br/en/web/dou/-/portaria-mcid-n-768-de-26-de-julho-de-2024-574522819
S-2403,Água Para Todos,Abastecimento de Água,Abastecimento de Água - Urbano,OGU,OGU,2024,MS,RIO BRILHANTE,Centro-Oeste,"56000000969/2023",Seleção Normal,15686679.82,0,15686679.82,selecionada,,Novo PAC - Seleção,"768, de 2024",https://www.in.gov.br/en/web/dou/-/portaria-mcid-n-768-de-26-de-julho-de-2024-574522819
S-2404,Água Para Todos,Abastecimento de Água,Abastecimento de Água - Urbano,OGU,OGU,2024,PA,PLACAS,Norte,"56000000025/2023",Seleção Normal,10025680.72,0,10025680.72,selecionada,,Novo PAC - Seleção,"768, de 2024",https://www.in.gov.br/en/web/dou/-/portaria-mcid-n-768-de-26-de-julho-de-2024-574522819
S-2405,Água Para Todos,Abastecimento de Água,Abastecimento de Água - Urbano,OGU,OGU,2024,MT,PONTAL DO ARAGUAIA,Centro-Oeste,"56000000088/2023",Seleção Normal,4008282.88,0,4008282.88,selecionada,,Novo PAC - Seleção,"768, de 2024",https://www.in.gov.br/en/web/dou/-/portaria-mcid-n-768-de-26-de-julho-de-2024-574522819
S-2406,Água Para Todos,Abastecimento de Água,Abastecimento de Água - Urbano,OGU,OGU,2024,SP,BARRA BONITA,Sudeste,"56000000127/2023",Seleção Normal,1842629.34,0,1842629.34,selecionada,,Novo PAC - Seleção,"768, de 2024",https://www.in.gov.br/en/web/dou/-/portaria-mcid-n-768-de-26-de-julho-de-2024-574522819
S-2407,Água Para Todos,Abastecimento de Água,Abastecimento de Água - Urbano,OGU,OGU,2024,RO,GUAJARA-MIRIM,Norte,"56000000378/2023",Seleção Normal,44665670.37,0,44665670.37,selecionada,,Novo PAC - Seleção,"768, de 2024",https://www.in.gov.br/en/web/dou/-/portaria-mcid-n-768-de-26-de-julho-de-2024-574522819
S-2408,Água Para Todos,Abastecimento de Água,Abastecimento de Água - Urbano,FIN,FGTS,2024,PR,TUPASSI,Sul,"56000002171/2023",Seleção Normal,0,4090839.25,4090839.25,selecionada,Setor Público,Novo PAC - Seleção,"768, de 2024",https://www.in.gov.br/en/web/dou/-/portaria-mcid-n-768-de-26-de-julho-de-2024-574522819
S-2409,Água Para Todos,Abastecimento de Água,Abastecimento de Água - Urbano,FIN,FGTS,2024,MG,SAO LOURENCO,Sudeste,"56000002730/2023",Seleção Normal,0,6864124.94,6864124.94,selecionada,Setor Público,Novo PAC - Seleção,"768, de 2024",https://www.in.gov.br/en/web/dou/-/portaria-mcid-n-768-de-26-de-julho-de-2024-574522819
S-2410,Água Para Todos,Abastecimento de Água,Abastecimento de Água - Urbano,FIN,FGTS,2024,PA,SANTAREM,Norte,"56000003137/2023",Seleção Normal,0,53299079.9,53299079.9,selecionada,Setor Público,Novo PAC - Seleção,"768, de 2024",https://www.in.gov.br/en/web/dou/-/portaria-mcid-n-768-de-26-de-julho-de-2024-574522819
S-2411,Água Para Todos,Abastecimento de Água,Abastecimento de Água - Urbano,FIN,FGTS,2024,RJ,BARRA MANSA,Sudeste,"56000004016/2023",Seleção Normal,0,47400000,47400000,selecionada,Setor Público,Novo PAC - Seleção,"768, de 2024",https://www.in.gov.br/en/web/dou/-/portaria-mcid-n-768-de-26-de-julho-de-2024-574522819
S-2412,Água Para Todos,Abastecimento de Água,Abastecimento de Água - Urbano,FIN,FGTS,2024,MT,RONDONOPOLIS,Centro-Oeste,"56000004291/2023",Seleção Normal,0,9893082.32,9893082.32,selecionada,Setor Público,Novo PAC - Seleção,"768, de 2024",https://www.in.gov.br/en/web/dou/-/portaria-mcid-n-768-de-26-de-julho-de-2024-574522819
S-2413,Água Para Todos,Abastecimento de Água,Abastecimento de Água - Urbano,FIN,FGTS,2024,SP,SANTANA DE PARNAIBA,Sudeste,"56000006050/2023",Seleção Normal,0,38805876,38805876,selecionada,Setor Público,Novo PAC - Seleção,"768, de 2024",https://www.in.gov.br/en/web/dou/-/portaria-mcid-n-768-de-26-de-julho-de-2024-574522819
S-2414,Água Para Todos,Abastecimento de Água,Abastecimento de Água - Urbano,FIN,FGTS,2024,SP,VOTUPORANGA,Sudeste,"56000004966/2023",Seleção Normal,0,3873006.45,3873006.45,selecionada,Setor Público,Novo PAC - Seleção,"768, de 2024",https://www.in.gov.br/en/web/dou/-/portaria-mcid-n-768-de-26-de-julho-de-2024-574522819
S-2415,Água Para Todos,Abastecimento de Água,Abastecimento de Água - Urbano,FIN,FGTS,2024,AC,XAPURI,Norte,"56000005344/2023",Seleção Normal,0,5914660.3,5914660.3,selecionada,Setor Público,Novo PAC - Seleção,"768, de 2024",https://www.in.gov.br/en/web/dou/-/portaria-mcid-n-768-de-26-de-julho-de-2024-574522819
S-2416,Água Para Todos,Abastecimento de Água,Abastecimento de Água - Urbano,OGU,OGU,2024,PA,GURUPA,Norte,"56000002641/2023",Seleção Normal,2016820.3,0,2016820.3,selecionada,,Novo PAC - Seleção,"768, de 2024",https://www.in.gov.br/en/web/dou/-/portaria-mcid-n-768-de-26-de-julho-de-2024-574522819
S-2417,Água Para Todos,Abastecimento de Água,Abastecimento de Água - Urbano,FIN,FGTS,2024,MG,PIMENTA,Sudeste,"56000006263/2023",Seleção Normal,0,12349605.23,12349605.23,selecionada,Setor Público,Novo PAC - Seleção,"768, de 2024",https://www.in.gov.br/en/web/dou/-/portaria-mcid-n-768-de-26-de-julho-de-2024-574522819
S-2418,Água Para Todos,Abastecimento de Água,Abastecimento de Água - Urbano,FIN,FGTS,2024,AC,PLACIDO DE CASTRO,Norte,"56000006397/2023",Seleção Normal,0,6031109.67,6031109.67,selecionada,Setor Público,Novo PAC - Seleção,"768, de 2024",https://www.in.gov.br/en/web/dou/-/portaria-mcid-n-768-de-26-de-julho-de-2024-574522819
S-2419,Água Para Todos,Abastecimento de Água,Abastecimento de Água - Urbano,OGU,OGU,2024,RS,CERRO BRANCO,Sul,"56000001147/2023",Seleção Normal,1373401.24,0,1373401.24,selecionada,,Novo PAC - Seleção,"768, de 2024",https://www.in.gov.br/en/web/dou/-/portaria-mcid-n-768-de-26-de-julho-de-2024-574522819
S-2420,Água Para Todos,Abastecimento de Água,Abastecimento de Água - Urbano,OGU,OGU,2024,MG,MANHUACU,Sudeste,"56000000711/2023",Seleção Normal,5918176.46,0,5918176.46,selecionada,,Novo PAC - Seleção,"768, de 2024",https://www.in.gov.br/en/web/dou/-/portaria-mcid-n-768-de-26-de-julho-de-2024-574522819
S-2421,Água Para Todos,Abastecimento de Água,Abastecimento de Água - Urbano,OGU,OGU,2024,CE,SAO GONCALO DO AMARANTE,Nordeste,"56000000809/2023",Seleção Normal,93537222.88,0,93537222.88,selecionada,,Novo PAC - Seleção,"768, de 2024",https://www.in.gov.br/en/web/dou/-/portaria-mcid-n-768-de-26-de-julho-de-2024-574522819
S-2422,Água Para Todos,Abastecimento de Água,Abastecimento de Água - Urbano,OGU,OGU,2024,MG,BOA ESPERANCA,Sudeste,"56000000966/2023",Seleção Normal,4998328.42,0,4998328.42,selecionada,,Novo PAC - Seleção,"768, de 2024",https://www.in.gov.br/en/web/dou/-/portaria-mcid-n-768-de-26-de-julho-de-2024-574522819
S-2423,Água Para Todos,Abastecimento de Água,Abastecimento de Água - Urbano,OGU,OGU,2024,SP,ARARAS,Sudeste,"56000001158/2023",Seleção Normal,9800000,0,9800000,selecionada,,Novo PAC - Seleção,"768, de 2024",https://www.in.gov.br/en/web/dou/-/portaria-mcid-n-768-de-26-de-julho-de-2024-574522819
S-2424,Água Para Todos,Abastecimento de Água,Abastecimento de Água - Urbano,OGU,OGU,2024,PA,DOM ELISEU,Norte,"56000001393/2023",Seleção Normal,10020000,0,10020000,selecionada,,Novo PAC - Seleção,"768, de 2024",https://www.in.gov.br/en/web/dou/-/portaria-mcid-n-768-de-26-de-julho-de-2024-574522819
S-2425,Água Para Todos,Abastecimento de Água,Abastecimento de Água - Urbano,OGU,OGU,2024,PE,ARACOIABA,Nordeste,"56000001520/2023",Seleção Normal,45354600,0,45354600,selecionada,,Novo PAC - Seleção,"768, de 2024",https://www.in.gov.br/en/web/dou/-/portaria-mcid-n-768-de-26-de-julho-de-2024-574522819
S-2426,Água Para Todos,Abastecimento de Água,Abastecimento de Água - Urbano,OGU,OGU,2024,ES,BAIXO GUANDU,Sudeste,"56000001849/2023",Seleção Normal,1476411.04,0,1476411.04,selecionada,,Novo PAC - Seleção,"768, de 2024",https://www.in.gov.br/en/web/dou/-/portaria-mcid-n-768-de-26-de-julho-de-2024-574522819
S-2427,Água Para Todos,Abastecimento de Água,Abastecimento de Água - Urbano,OGU,OGU,2024,PA,JACAREACANGA,Norte,"56000002048/2023",Seleção Normal,8514666.53,0,8514666.53,selecionada,,Novo PAC - Seleção,"768, de 2024",https://www.in.gov.br/en/web/dou/-/portaria-mcid-n-768-de-26-de-julho-de-2024-574522819
S-2428,Água Para Todos,Abastecimento de Água,Abastecimento de Água - Urbano,OGU,OGU,2024,BA,SENTO SE,Nordeste,"56000002283/2023",Seleção Normal,8021764.39,0,8021764.39,selecionada,,Novo PAC - Seleção,"768, de 2024",https://www.in.gov.br/en/web/dou/-/portaria-mcid-n-768-de-26-de-julho-de-2024-574522819
S-2429,Água Para Todos,Abastecimento de Água,Abastecimento de Água - Urbano,OGU,OGU,2024,MG,CENTRAL DE MINAS,Sudeste,"56000002358/2023",Seleção Normal,3983855.56,0,3983855.56,selecionada,,Novo PAC - Seleção,"768, de 2024",https://www.in.gov.br/en/web/dou/-/portaria-mcid-n-768-de-26-de-julho-de-2024-574522819
S-2430,Água Para Todos,Abastecimento de Água,Abastecimento de Água - Urbano,OGU,OGU,2024,PA,CACHOEIRA DO ARARI,Norte,"56000002454/2023",Seleção Normal,2735826.5,0,2735826.5,selecionada,,Novo PAC - Seleção,"768, de 2024",https://www.in.gov.br/en/web/dou/-/portaria-mcid-n-768-de-26-de-julho-de-2024-574522819
S-2431,Água Para Todos,Abastecimento de Água,Abastecimento de Água - Urbano,OGU,OGU,2024,SP,BROTAS,Sudeste,"56000002571/2023",Seleção Normal,11616498.97,0,11616498.97,selecionada,,Novo PAC - Seleção,"768, de 2024",https://www.in.gov.br/en/web/dou/-/portaria-mcid-n-768-de-26-de-julho-de-2024-574522819
S-2432,Água Para Todos,Abastecimento de Água,Abastecimento de Água - Urbano,OGU,OGU,2024,SP,SANTO ANTONIO DE POSSE,Sudeste,"56000002765/2023",Seleção Normal,4032155.84,0,4032155.84,selecionada,,Novo PAC - Seleção,"768, de 2024",https://www.in.gov.br/en/web/dou/-/portaria-mcid-n-768-de-26-de-julho-de-2024-574522819
S-2433,Água Para Todos,Abastecimento de Água,Abastecimento de Água - Urbano,FIN,FGTS,2024,SC,SAO JOAQUIM,Sul,"56000005933/2023",Seleção Normal,0,15738285.68,15738285.68,selecionada,Setor Público,Novo PAC - Seleção,"768, de 2024",https://www.in.gov.br/en/web/dou/-/portaria-mcid-n-768-de-26-de-julho-de-2024-574522819
S-2434,Água Para Todos,Abastecimento de Água,Abastecimento de Água - Urbano,OGU,OGU,2024,MA,GOVERNADOR EDISON LOBAO,Nordeste,"56000002980/2023",Seleção Normal,2562347.34,0,2562347.34,selecionada,,Novo PAC - Seleção,"768, de 2024",https://www.in.gov.br/en/web/dou/-/portaria-mcid-n-768-de-26-de-julho-de-2024-574522819
S-2435,Água Para Todos,Abastecimento de Água,Abastecimento de Água - Urbano,OGU,OGU,2024,AL,COITE DO NOIA,Nordeste,"56000003113/2023",Seleção Normal,49972988.23,0,49972988.23,selecionada,,Novo PAC - Seleção,"768, de 2024",https://www.in.gov.br/en/web/dou/-/portaria-mcid-n-768-de-26-de-julho-de-2024-574522819
S-2436,Água Para Todos,Abastecimento de Água,Abastecimento de Água - Urbano,OGU,OGU,2024,SP,BOM JESUS DOS PERDOES,Sudeste,"56000003251/2023",Seleção Normal,3748383.99,0,3748383.99,selecionada,,Novo PAC - Seleção,"768, de 2024",https://www.in.gov.br/en/web/dou/-/portaria-mcid-n-768-de-26-de-julho-de-2024-574522819
S-2437,Água Para Todos,Abastecimento de Água,Abastecimento de Água - Urbano,OGU,OGU,2024,RN,PORTO DO MANGUE,Nordeste,"56000003505/2023",Seleção Normal,28028000,0,28028000,selecionada,,Novo PAC - Seleção,"768, de 2024",https://www.in.gov.br/en/web/dou/-/portaria-mcid-n-768-de-26-de-julho-de-2024-574522819
S-2438,Água Para Todos,Abastecimento de Água,Abastecimento de Água - Urbano,OGU,OGU,2024,PR,PITANGUEIRAS,Sul,"56000003763/2023",Seleção Normal,727318.19,0,727318.19,selecionada,,Novo PAC - Seleção,"768, de 2024",https://www.in.gov.br/en/web/dou/-/portaria-mcid-n-768-de-26-de-julho-de-2024-574522819
S-2439,Água Para Todos,Abastecimento de Água,Abastecimento de Água - Urbano,OGU,OGU,2024,RJ,SAPUCAIA,Sudeste,"56000003912/2023",Seleção Normal,6774068.32,0,6774068.32,selecionada,,Novo PAC - Seleção,"768, de 2024",https://www.in.gov.br/en/web/dou/-/portaria-mcid-n-768-de-26-de-julho-de-2024-574522819
S-2440,Água Para Todos,Abastecimento de Água,Abastecimento de Água - Urbano,OGU,OGU,2024,SC,CAMPOS NOVOS,Sul,"56000004127/2023",Seleção Normal,7854120.57,0,7854120.57,selecionada,,Novo PAC - Seleção,"768, de 2024",https://www.in.gov.br/en/web/dou/-/portaria-mcid-n-768-de-26-de-julho-de-2024-574522819
S-2441,Água Para Todos,Abastecimento de Água,Abastecimento de Água - Urbano,OGU,OGU,2024,PB,JOAO PESSOA,Nordeste,"56000005646/2023",Seleção Normal,90224767.62,0,90224767.62,selecionada,,Novo PAC - Seleção,"768, de 2024",https://www.in.gov.br/en/web/dou/-/portaria-mcid-n-768-de-26-de-julho-de-2024-574522819
S-2442,Água Para Todos,Abastecimento de Água,Abastecimento de Água - Urbano,OGU,OGU,2024,RJ,RIO DAS FLORES,Sudeste,"56000004333/2023",Seleção Normal,9500000,0,9500000,selecionada,,Novo PAC - Seleção,"768, de 2024",https://www.in.gov.br/en/web/dou/-/portaria-mcid-n-768-de-26-de-julho-de-2024-574522819
S-2443,Água Para Todos,Abastecimento de Água,Abastecimento de Água - Urbano,OGU,OGU,2024,SP,MURUTINGA DO SUL,Sudeste,"56000004660/2023",Seleção Normal,1928881.43,0,1928881.43,selecionada,,Novo PAC - Seleção,"768, de 2024",https://www.in.gov.br/en/web/dou/-/portaria-mcid-n-768-de-26-de-julho-de-2024-574522819
S-2444,Água Para Todos,Abastecimento de Água,Abastecimento de Água - Urbano,OGU,OGU,2024,MA,CANDIDO MENDES,Nordeste,"56000004877/2023",Seleção Normal,9048302.23,0,9048302.23,selecionada,,Novo PAC - Seleção,"768, de 2024",https://www.in.gov.br/en/web/dou/-/portaria-mcid-n-768-de-26-de-julho-de-2024-574522819
S-2445,Água Para Todos,Abastecimento de Água,Abastecimento de Água - Urbano,FIN,FGTS,2024,SP,PENAPOLIS,Sudeste,"56000004403/2023",Seleção Normal,0,47682402.23,47682402.23,selecionada,Setor Público,Novo PAC - Seleção,"768, de 2024",https://www.in.gov.br/en/web/dou/-/portaria-mcid-n-768-de-26-de-julho-de-2024-574522819
S-2446,Água Para Todos,Abastecimento de Água,Abastecimento de Água - Urbano,OGU,OGU,2024,ES,GOVERNADOR LINDENBERG,Sudeste,"56000004988/2023",Seleção Normal,1764000,0,1764000,selecionada,,Novo PAC - Seleção,"768, de 2024",https://www.in.gov.br/en/web/dou/-/portaria-mcid-n-768-de-26-de-julho-de-2024-574522819
S-2447,Água Para Todos,Abastecimento de Água,Abastecimento de Água - Urbano,OGU,OGU,2024,PA,FLORESTA DO ARAGUAIA,Norte,"56000005271/2023",Seleção Normal,3183288.35,0,3183288.35,selecionada,,Novo PAC - Seleção,"768, de 2024",https://www.in.gov.br/en/web/dou/-/portaria-mcid-n-768-de-26-de-julho-de-2024-574522819
S-2448,Água Para Todos,Abastecimento de Água,Abastecimento de Água - Urbano,OGU,OGU,2024,PI,QUEIMADA NOVA,Nordeste,"56000005435/2023",Seleção Normal,9390414.55,0,9390414.55,selecionada,,Novo PAC - Seleção,"768, de 2024",https://www.in.gov.br/en/web/dou/-/portaria-mcid-n-768-de-26-de-julho-de-2024-574522819
S-2449,Água Para Todos,Abastecimento de Água,Abastecimento de Água - Urbano,OGU,OGU,2024,MG,CARMO DO CAJURU,Sudeste,"56000005579/2023",Seleção Normal,8213841.11,0,8213841.11,selecionada,,Novo PAC - Seleção,"768, de 2024",https://www.in.gov.br/en/web/dou/-/portaria-mcid-n-768-de-26-de-julho-de-2024-574522819
S-2450,Água Para Todos,Abastecimento de Água,Abastecimento de Água - Urbano,OGU,OGU,2024,PI,CORONEL JOSE DIAS,Nordeste,"56000005744/2023",Seleção Normal,13131875.37,0,13131875.37,selecionada,,Novo PAC - Seleção,"768, de 2024",https://www.in.gov.br/en/web/dou/-/portaria-mcid-n-768-de-26-de-julho-de-2024-574522819
S-2451,Água Para Todos,Abastecimento de Água,Abastecimento de Água - Urbano,OGU,OGU,2024,PR,JAGUARIAIVA,Sul,"56000006079/2023",Seleção Normal,3881495.81,0,3881495.81,selecionada,,Novo PAC - Seleção,"768, de 2024",https://www.in.gov.br/en/web/dou/-/portaria-mcid-n-768-de-26-de-julho-de-2024-574522819
S-2452,Água Para Todos,Abastecimento de Água,Abastecimento de Água - Urbano,OGU,OGU,2024,PA,MARABA,Norte,"56000006198/2023",Seleção Normal,102507356.94,0,102507356.94,selecionada,,Novo PAC - Seleção,"768, de 2024",https://www.in.gov.br/en/web/dou/-/portaria-mcid-n-768-de-26-de-julho-de-2024-574522819
S-2453,Água Para Todos,Abastecimento de Água,Abastecimento de Água - Urbano,OGU,OGU,2024,BA,"WAGNER, LAJEDINHO, LENCOIS E ANDARAI",Nordeste,"56000006269/2023",Seleção Normal,7398793.44,0,7398793.44,selecionada,,Novo PAC - Seleção,"768, de 2024",https://www.in.gov.br/en/web/dou/-/portaria-mcid-n-768-de-26-de-julho-de-2024-574522819
S-2454,Água Para Todos,Abastecimento de Água,Abastecimento de Água - Urbano,OGU,OGU,2024,PA,VISEU,Norte,"56000006387/2023",Seleção Normal,78850025.09,0,78850025.09,selecionada,,Novo PAC - Seleção,"768, de 2024",https://www.in.gov.br/en/web/dou/-/portaria-mcid-n-768-de-26-de-julho-de-2024-574522819
S-2455,Água Para Todos,Abastecimento de Água,Abastecimento de Água - Urbano,OGU,OGU,2024,AL,BOCA DA MATA,Nordeste,"56000006673/2023",Seleção Normal,3053020.56,0,3053020.56,selecionada,,Novo PAC - Seleção,"768, de 2024",https://www.in.gov.br/en/web/dou/-/portaria-mcid-n-768-de-26-de-julho-de-2024-574522819
S-2456,Água Para Todos,Abastecimento de Água,Abastecimento de Água - Urbano,OGU,OGU,2024,MT,CHAPADA DOS GUIMARAES,Centro-Oeste,"56000006986/2023",Seleção Normal,3298834.76,0,3298834.76,selecionada,,Novo PAC - Seleção,"768, de 2024",https://www.in.gov.br/en/web/dou/-/portaria-mcid-n-768-de-26-de-julho-de-2024-574522819
S-2457,Água Para Todos,Abastecimento de Água,Abastecimento de Água - Urbano,FIN,FGTS,2024,PR,MARIALVA,Sul,"56000002712/2023",Seleção Normal,0,8740000,8740000,selecionada,Setor Público,Novo PAC - Seleção,"768, de 2024",https://www.in.gov.br/en/web/dou/-/portaria-mcid-n-768-de-26-de-julho-de-2024-574522819
S-2458,Água Para Todos,Abastecimento de Água,Abastecimento de Água - Urbano,FIN,FGTS,2024,RN,NATAL,Nordeste,"56000005477/2023",Seleção Normal,0,52527103.2,52527103.2,selecionada,Setor Público,Novo PAC - Seleção,"768, de 2024",https://www.in.gov.br/en/web/dou/-/portaria-mcid-n-768-de-26-de-julho-de-2024-574522819
S-2459,Água Para Todos,Abastecimento de Água,Abastecimento de Água - Urbano,FIN,FGTS,2024,MS,MIRANDA,Centro-Oeste,"56000000349/2023",Seleção Normal,0,10477719.75,10477719.75,selecionada,Setor Público,Novo PAC - Seleção,"768, de 2024",https://www.in.gov.br/en/web/dou/-/portaria-mcid-n-768-de-26-de-julho-de-2024-574522819
S-2460,Água Para Todos,Abastecimento de Água,Abastecimento de Água - Urbano,FIN,FGTS,2024,GO,CALDAS NOVAS,Centro-Oeste,"56000004697/2023",Seleção Normal,0,4608915.06,4608915.06,selecionada,Setor Público,Novo PAC - Seleção,"768, de 2024",https://www.in.gov.br/en/web/dou/-/portaria-mcid-n-768-de-26-de-julho-de-2024-574522819
S-2461,Água Para Todos,Abastecimento de Água,Abastecimento de Água - Urbano,FIN,FGTS,2024,MS,PONTA PORA,Centro-Oeste,"56000000945/2023",Seleção Normal,0,11711943.41,11711943.41,selecionada,Setor Público,Novo PAC - Seleção,"768, de 2024",https://www.in.gov.br/en/web/dou/-/portaria-mcid-n-768-de-26-de-julho-de-2024-574522819
S-2462,Água Para Todos,Abastecimento de Água,Abastecimento de Água - Urbano,FIN,FGTS,2024,MT,ALTO GARCAS,Centro-Oeste,"56000000034/2023",Seleção Normal,0,8438555.64,8438555.64,selecionada,Setor Público,Novo PAC - Seleção,"768, de 2024",https://www.in.gov.br/en/web/dou/-/portaria-mcid-n-768-de-26-de-julho-de-2024-574522819
S-2463,Água Para Todos,Abastecimento de Água,Abastecimento de Água - Urbano,FIN,FGTS,2024,MG,SABINOPOLIS,Sudeste,"56000000158/2023",Seleção Normal,0,3357102.54,3357102.54,selecionada,Setor Público,Novo PAC - Seleção,"768, de 2024",https://www.in.gov.br/en/web/dou/-/portaria-mcid-n-768-de-26-de-julho-de-2024-574522819
S-2464,Água Para Todos,Abastecimento de Água,Abastecimento de Água - Urbano,FIN,FGTS,2024,SC,IMBITUBA,Sul,"56000000454/2023",Seleção Normal,0,3776492.53,3776492.53,selecionada,Setor Público,Novo PAC - Seleção,"768, de 2024",https://www.in.gov.br/en/web/dou/-/portaria-mcid-n-768-de-26-de-julho-de-2024-574522819
S-2465,Água Para Todos,Abastecimento de Água,Abastecimento de Água - Urbano,FIN,FGTS,2024,BA,IPIAU,Nordeste,"56000000599/2023",Seleção Normal,0,66725989.88,66725989.88,selecionada,Setor Público,Novo PAC - Seleção,"768, de 2024",https://www.in.gov.br/en/web/dou/-/portaria-mcid-n-768-de-26-de-julho-de-2024-574522819
S-2466,Água Para Todos,Abastecimento de Água,Abastecimento de Água - Urbano,FIN,FGTS,2024,PR,SERTANOPOLIS,Sul,"56000003908/2023",Seleção Normal,0,2184000,2184000,selecionada,Setor Público,Novo PAC - Seleção,"768, de 2024",https://www.in.gov.br/en/web/dou/-/portaria-mcid-n-768-de-26-de-julho-de-2024-574522819
S-2467,Água Para Todos,Abastecimento de Água,Abastecimento de Água - Urbano,FIN,FGTS,2024,SP,CATANDUVA,Sudeste,"56000000932/2023",Seleção Normal,0,19972261.25,19972261.25,selecionada,Setor Público,Novo PAC - Seleção,"768, de 2024",https://www.in.gov.br/en/web/dou/-/portaria-mcid-n-768-de-26-de-julho-de-2024-574522819
S-2468,Água Para Todos,Abastecimento de Água,Abastecimento de Água - Urbano,FIN,FGTS,2024,RS,PORTO ALEGRE,Sul,"56000001347/2023",Seleção Normal,0,35676655.64,35676655.64,selecionada,Setor Público,Novo PAC - Seleção,"768, de 2024",https://www.in.gov.br/en/web/dou/-/portaria-mcid-n-768-de-26-de-julho-de-2024-574522819
S-2469,Água Para Todos,Abastecimento de Água,Abastecimento de Água - Urbano,FIN,FGTS,2024,SC,CORONEL FREITAS,Sul,"56000001602/2023",Seleção Normal,0,5000000,5000000,selecionada,Setor Público,Novo PAC - Seleção,"768, de 2024",https://www.in.gov.br/en/web/dou/-/portaria-mcid-n-768-de-26-de-julho-de-2024-574522819
S-2470,Água Para Todos,Abastecimento de Água,Abastecimento de Água - Urbano,FIN,FGTS,2024,MG,CONSELHEIRO PENA,Sudeste,"56000002111/2023",Seleção Normal,0,4749549.58,4749549.58,selecionada,Setor Público,Novo PAC - Seleção,"768, de 2024",https://www.in.gov.br/en/web/dou/-/portaria-mcid-n-768-de-26-de-julho-de-2024-574522819
S-2471,Água Para Todos,Abastecimento de Água,Abastecimento de Água - Urbano,FIN,FGTS,2024,GO,SENADOR CANEDO,Centro-Oeste,"56000002523/2023",Seleção Normal,0,21654519,21654519,selecionada,Setor Público,Novo PAC - Seleção,"768, de 2024",https://www.in.gov.br/en/web/dou/-/portaria-mcid-n-768-de-26-de-julho-de-2024-574522819
S-2472,Água Para Todos,Abastecimento de Água,Abastecimento de Água - Urbano,FIN,FGTS,2024,MG,ITUIUTABA,Sudeste,"56000002979/2023",Seleção Normal,0,26355365.89,26355365.89,selecionada,Setor Público,Novo PAC - Seleção,"768, de 2024",https://www.in.gov.br/en/web/dou/-/portaria-mcid-n-768-de-26-de-julho-de-2024-574522819
S-2473,Água Para Todos,Abastecimento de Água,Abastecimento de Água - Urbano,FIN,FGTS,2024,SP,JACAREI,Sudeste,"56000003944/2023",Seleção Normal,0,17365757.78,17365757.78,selecionada,Setor Público,Novo PAC - Seleção,"768, de 2024",https://www.in.gov.br/en/web/dou/-/portaria-mcid-n-768-de-26-de-julho-de-2024-574522819
S-2474,Água Para Todos,Abastecimento de Água,Abastecimento de Água - Urbano,FIN,FGTS,2024,MA,"SANTA INÊS, SANTA LUZIA, SAO
BENTO, VARGEM GRANDE, SAO
MATEUS DO MARANHAO, SANTA RITA,
URBANO SANTOS, TIMBIRAS, SAO
JOAO DOS PATOS, RIACHAO, SAO
BENEDITO DO RIO PRETO, SAO LUIS
GONZAGA DO MARANHAO, SENADOR
LA ROCQUE, SAO PEDRO DA AGUA
BRANCA, SANTO AMARO DO
MARANHAO, PRESIDENTE JUSCELINO,
SUCUPIRA DO NORTE, SAMBAIBA,
SAO FELIX DE BALSAS",Nordeste,"56000004269/2023",Seleção Normal,0,186892629.01,186892629.01,selecionada,Setor Público,Novo PAC - Seleção,"768, de 2024",https://www.in.gov.br/en/web/dou/-/portaria-mcid-n-768-de-26-de-julho-de-2024-574522819
S-2475,Água Para Todos,Abastecimento de Água,Abastecimento de Água - Urbano,FIN,FGTS,2024,PA,CAPANEMA,Norte,"56000005194/2023",Seleção Normal,0,68829070.35,68829070.35,selecionada,Setor Público,Novo PAC - Seleção,"768, de 2024",https://www.in.gov.br/en/web/dou/-/portaria-mcid-n-768-de-26-de-julho-de-2024-574522819
S-2476,Água Para Todos,Abastecimento de Água,Abastecimento de Água - Urbano,FIN,FGTS,2024,PB,CABACEIRAS,Nordeste,"56000005873/2023",Seleção Normal,0,2965314.2,2965314.2,selecionada,Setor Público,Novo PAC - Seleção,"768, de 2024",https://www.in.gov.br/en/web/dou/-/portaria-mcid-n-768-de-26-de-julho-de-2024-574522819
S-2477,Água Para Todos,Abastecimento de Água,Abastecimento de Água - Urbano,FIN,FGTS,2024,AM,CAREIRO DA VARZEA,Norte,"56000005989/2023",Seleção Normal,0,26030482,26030482,selecionada,Setor Público,Novo PAC - Seleção,"768, de 2024",https://www.in.gov.br/en/web/dou/-/portaria-mcid-n-768-de-26-de-julho-de-2024-574522819
S-2478,Água Para Todos,Abastecimento de Água,Abastecimento de Água - Urbano,FIN,FGTS,2024,PB,JUAZEIRINHO,Nordeste,"56000006370/2023",Seleção Normal,0,8084658.14,8084658.14,selecionada,Setor Público,Novo PAC - Seleção,"768, de 2024",https://www.in.gov.br/en/web/dou/-/portaria-mcid-n-768-de-26-de-julho-de-2024-574522819
S-2479,Água Para Todos,Abastecimento de Água,Abastecimento de Água - Urbano,FIN,FGTS,2024,SC,IPUACU,Sul,"56000005872/2023",Seleção Normal,0,4131550,4131550,selecionada,Setor Público,Novo PAC - Seleção,"768, de 2024",https://www.in.gov.br/en/web/dou/-/portaria-mcid-n-768-de-26-de-julho-de-2024-574522819
S-2480,Água Para Todos,Abastecimento de Água,Abastecimento de Água - Urbano,FIN,FGTS,2024,MG,PEDRO TEIXEIRA,Sudeste,"56000002705/2023",Seleção Normal,0,4027059.45,4027059.45,selecionada,Setor Público,Novo PAC - Seleção,"768, de 2024",https://www.in.gov.br/en/web/dou/-/portaria-mcid-n-768-de-26-de-julho-de-2024-574522819
S-2481,Água Para Todos,Abastecimento de Água,Abastecimento de Água - Urbano,FIN,FGTS,2024,PB,ARARUNA,Nordeste,"56000006363/2023",Seleção Normal,0,12652561.85,12652561.85,selecionada,Setor Público,Novo PAC - Seleção,"768, de 2024",https://www.in.gov.br/en/web/dou/-/portaria-mcid-n-768-de-26-de-julho-de-2024-574522819
S-2482,Água Para Todos,Abastecimento de Água,Abastecimento de Água - Urbano,FIN,FGTS,2024,MS,NAVIRAI,Centro-Oeste,"56000000267/2023",Seleção Normal,0,11752889.12,11752889.12,selecionada,Setor Público,Novo PAC - Seleção,"768, de 2024",https://www.in.gov.br/en/web/dou/-/portaria-mcid-n-768-de-26-de-julho-de-2024-574522819
S-2483,Água Para Todos,Abastecimento de Água,Abastecimento de Água - Urbano,FIN,FGTS,2024,MS,PEDRO GOMES,Centro-Oeste,"56000000754/2023",Seleção Normal,0,4374366.41,4374366.41,selecionada,Setor Público,Novo PAC - Seleção,"768, de 2024",https://www.in.gov.br/en/web/dou/-/portaria-mcid-n-768-de-26-de-julho-de-2024-574522819
S-2484,Água Para Todos,Abastecimento de Água,Abastecimento de Água - Urbano,FIN,FGTS,2024,PI,SAO JOAO DO PIAUI,Nordeste,"56000001118/2023",Seleção Normal,0,43368567.36,43368567.36,selecionada,Setor Público,Novo PAC - Seleção,"768, de 2024",https://www.in.gov.br/en/web/dou/-/portaria-mcid-n-768-de-26-de-julho-de-2024-574522819
S-2485,Água Para Todos,Abastecimento de Água,Abastecimento de Água - Urbano,FIN,FGTS,2024,PA,SANTA ISABEL DO PARA,Norte,"56000000137/2023",Seleção Normal,0,48633679.82,48633679.82,selecionada,Setor Público,Novo PAC - Seleção,"768, de 2024",https://www.in.gov.br/en/web/dou/-/portaria-mcid-n-768-de-26-de-julho-de-2024-574522819
S-2486,Água Para Todos,Abastecimento de Água,Abastecimento de Água - Urbano,FIN,FGTS,2024,RO,OURO PRETO DO OESTE,Norte,"56000000379/2023",Seleção Normal,0,45718478.55,45718478.55,selecionada,Setor Público,Novo PAC - Seleção,"768, de 2024",https://www.in.gov.br/en/web/dou/-/portaria-mcid-n-768-de-26-de-julho-de-2024-574522819
S-2487,Água Para Todos,Abastecimento de Água,Abastecimento de Água - Urbano,FIN,FGTS,2024,RJ,ITATIAIA,Sudeste,"56000000583/2023",Seleção Normal,0,19470004.79,19470004.79,selecionada,Setor Público,Novo PAC - Seleção,"768, de 2024",https://www.in.gov.br/en/web/dou/-/portaria-mcid-n-768-de-26-de-julho-de-2024-574522819
S-2488,Água Para Todos,Abastecimento de Água,Abastecimento de Água - Urbano,FIN,FGTS,2024,MG,TRES PONTAS,Sudeste,"56000000687/2023",Seleção Normal,0,2324320.16,2324320.16,selecionada,Setor Público,Novo PAC - Seleção,"768, de 2024",https://www.in.gov.br/en/web/dou/-/portaria-mcid-n-768-de-26-de-julho-de-2024-574522819
S-2489,Água Para Todos,Abastecimento de Água,Abastecimento de Água - Urbano,FIN,FGTS,2024,CE,"JUAZEIRO DO NORTE, BARBALHA,
MISSAO VELHA",Nordeste,"56000000882/2023",Seleção Normal,0,244158427.15,244158427.15,selecionada,Setor Público,Novo PAC - Seleção,"768, de 2024",https://www.in.gov.br/en/web/dou/-/portaria-mcid-n-768-de-26-de-julho-de-2024-574522819
S-2490,Água Para Todos,Abastecimento de Água,Abastecimento de Água - Urbano,FIN,FGTS,2024,MT,JUINA,Centro-Oeste,"56000001071/2023",Seleção Normal,0,5887005.36,5887005.36,selecionada,Setor Público,Novo PAC - Seleção,"768, de 2024",https://www.in.gov.br/en/web/dou/-/portaria-mcid-n-768-de-26-de-julho-de-2024-574522819
S-2491,Água Para Todos,Abastecimento de Água,Abastecimento de Água - Urbano,FIN,FGTS,2024,SP,SAO JOSE DO RIO PARDO,Sudeste,"56000001579/2023",Seleção Normal,0,40000000,40000000,selecionada,Setor Público,Novo PAC - Seleção,"768, de 2024",https://www.in.gov.br/en/web/dou/-/portaria-mcid-n-768-de-26-de-julho-de-2024-574522819
S-2492,Água Para Todos,Abastecimento de Água,Abastecimento de Água - Urbano,FIN,FGTS,2024,MG,PASSOS,Sudeste,"56000002054/2023",Seleção Normal,0,30470366.37,30470366.37,selecionada,Setor Público,Novo PAC - Seleção,"768, de 2024",https://www.in.gov.br/en/web/dou/-/portaria-mcid-n-768-de-26-de-julho-de-2024-574522819
S-2493,Água Para Todos,Abastecimento de Água,Abastecimento de Água - Urbano,FIN,FGTS,2024,PA,ANANINDEUA,Norte,"56000002391/2023",Seleção Normal,0,40022724.9,40022724.9,selecionada,Setor Público,Novo PAC - Seleção,"768, de 2024",https://www.in.gov.br/en/web/dou/-/portaria-mcid-n-768-de-26-de-julho-de-2024-574522819
S-2494,Água Para Todos,Abastecimento de Água,Abastecimento de Água - Urbano,FIN,FGTS,2024,MT,CACERES,Centro-Oeste,"56000002966/2023",Seleção Normal,0,9264942.85,9264942.85,selecionada,Setor Público,Novo PAC - Seleção,"768, de 2024",https://www.in.gov.br/en/web/dou/-/portaria-mcid-n-768-de-26-de-julho-de-2024-574522819
S-2495,Água Para Todos,Abastecimento de Água,Abastecimento de Água - Urbano,FIN,FGTS,2024,MT,CAMPINAPOLIS,Centro-Oeste,"56000005068/2023",Seleção Normal,0,1834254.96,1834254.96,selecionada,Setor Público,Novo PAC - Seleção,"768, de 2024",https://www.in.gov.br/en/web/dou/-/portaria-mcid-n-768-de-26-de-julho-de-2024-574522819
S-2496,Água Para Todos,Abastecimento de Água,Abastecimento de Água - Urbano,FIN,FGTS,2024,RS,PORTO ALEGRE,Sul,"56000004199/2023",Seleção Normal,0,102627866,102627866,selecionada,Setor Público,Novo PAC - Seleção,"768, de 2024",https://www.in.gov.br/en/web/dou/-/portaria-mcid-n-768-de-26-de-julho-de-2024-574522819
S-2497,Água Para Todos,Abastecimento de Água,Abastecimento de Água - Urbano,FIN,FGTS,2024,MG,MARIANA,Sudeste,"56000004359/2023",Seleção Normal,0,34083966.93,34083966.93,selecionada,Setor Público,Novo PAC - Seleção,"768, de 2024",https://www.in.gov.br/en/web/dou/-/portaria-mcid-n-768-de-26-de-julho-de-2024-574522819
S-2498,Água Para Todos,Abastecimento de Água,Abastecimento de Água - Urbano,FIN,FGTS,2024,SC,TRES BARRAS,Sul,"56000004640/2023",Seleção Normal,0,19437205.79,19437205.79,selecionada,Setor Público,Novo PAC - Seleção,"768, de 2024",https://www.in.gov.br/en/web/dou/-/portaria-mcid-n-768-de-26-de-julho-de-2024-574522819
S-2499,Água Para Todos,Abastecimento de Água,Abastecimento de Água - Urbano,FIN,FGTS,2024,MG,SETE LAGOAS,Sudeste,"56000005587/2023",Seleção Normal,0,6585992.06,6585992.06,selecionada,Setor Público,Novo PAC - Seleção,"768, de 2024",https://www.in.gov.br/en/web/dou/-/portaria-mcid-n-768-de-26-de-julho-de-2024-574522819
S-2500,Água Para Todos,Abastecimento de Água,Abastecimento de Água - Urbano,FIN,FGTS,2024,PB,SOLEDADE,Nordeste,"56000005962/2023",Seleção Normal,0,4334179.38,4334179.38,selecionada,Setor Público,Novo PAC - Seleção,"768, de 2024",https://www.in.gov.br/en/web/dou/-/portaria-mcid-n-768-de-26-de-julho-de-2024-574522819
S-2501,Água Para Todos,Abastecimento de Água,Abastecimento de Água - Urbano,FIN,FGTS,2024,PB,CUITE,Nordeste,"56000006339/2023",Seleção Normal,0,13605201.95,13605201.95,selecionada,Setor Público,Novo PAC - Seleção,"768, de 2024",https://www.in.gov.br/en/web/dou/-/portaria-mcid-n-768-de-26-de-julho-de-2024-574522819
S-2502,Água Para Todos,Abastecimento de Água,Abastecimento de Água - Urbano,FIN,FGTS,2024,RJ,"ITAGUAI, JAPERI, NOVA IGUACU, PARACAMBI, QUEIMADOS E RIO DE JANEIRO",Sudeste,"56000005174/2023",Seleção Normal,0,926641836.42,926641836.42,selecionada,Setor Público,Novo PAC - Seleção,"768, de 2024",https://www.in.gov.br/en/web/dou/-/portaria-mcid-n-768-de-26-de-julho-de-2024-574522819
S-2503,Cidades Sustentáveis e Resilientes,Esgotamento Sanitário,Esgotamento Sanitário,OGU,OGU,2024,AC,CRUZEIRO DO SUL,Norte,GOV04,Governadores,6000000,0,6000000,selecionada,,Novo PAC - Seleção,NA,
S-2504,Cidades Sustentáveis e Resilientes,Esgotamento Sanitário,Esgotamento Sanitário,FIN,FGTS,2024,PB,TAPEROA,Nordeste,"56000005200/2023",Seleção Normal,0,24322995.87,24322995.87,selecionada,Setor Público,Novo PAC - Seleção,"769, de 2024",https://www.in.gov.br/en/web/dou/-/portaria-mcid-n-769-de-26-de-julho-de-2024-574546917
S-2505,Cidades Sustentáveis e Resilientes,Esgotamento Sanitário,Esgotamento Sanitário,FIN,FGTS,2024,PI,CAMPINAS DO PIAUI,Nordeste,"56000006069/2023",Seleção Normal,0,7585745.08,7585745.08,selecionada,Setor Público,Novo PAC - Seleção,"769, de 2024",https://www.in.gov.br/en/web/dou/-/portaria-mcid-n-769-de-26-de-julho-de-2024-574546917
S-2506,Cidades Sustentáveis e Resilientes,Esgotamento Sanitário,Esgotamento Sanitário,FIN,FGTS,2024,AM,CANUTAMA,Norte,"56000006570/2023",Seleção Normal,0,21240770.04,21240770.04,selecionada,Setor Público,Novo PAC - Seleção,"769, de 2024",https://www.in.gov.br/en/web/dou/-/portaria-mcid-n-769-de-26-de-julho-de-2024-574546917
S-2507,Cidades Sustentáveis e Resilientes,Esgotamento Sanitário,Esgotamento Sanitário,FIN,FGTS,2024,PI,ESPERANTINA,Nordeste,"56000006925/2023",Seleção Normal,0,11011100,11011100,selecionada,Setor Público,Novo PAC - Seleção,"769, de 2024",https://www.in.gov.br/en/web/dou/-/portaria-mcid-n-769-de-26-de-julho-de-2024-574546917
S-2508,Cidades Sustentáveis e Resilientes,Mobilidade Urbana Sustentável,Renovação de Frota,FIN,FGTS,2026,BA,Salvador,Nordeste,"56000007913/2025",Seleção Normal,,364800000,364800000,enquadrada,Setor Público,Novo PAC - Seleção,"90, de 2026",https://www.in.gov.br/en/web/dou/-/portaria-mcid-n-90-de-27-de-janeiro-de-2026-684171132
S-2509,Cidades Sustentáveis e Resilientes,Mobilidade Urbana Sustentável,Renovação de Frota,FIN,FGTS,2026,MA,Maranhão,Nordeste,"56000008276/2025",Seleção Normal,,123500000,123500000,enquadrada,Setor Público,Novo PAC - Seleção,"90, de 2026",https://www.in.gov.br/en/web/dou/-/portaria-mcid-n-90-de-27-de-janeiro-de-2026-684171132
S-2510,Cidades Sustentáveis e Resilientes,Mobilidade Urbana Sustentável,Renovação de Frota,FIN,FGTS,2026,RJ,Duque de Caxias,Sudeste,"56000007917/2025",Seleção Normal,,324051241.88,324051241.88,enquadrada,Setor Público,Novo PAC - Seleção,"90, de 2026",https://www.in.gov.br/en/web/dou/-/portaria-mcid-n-90-de-27-de-janeiro-de-2026-684171132
S-2511,Cidades Sustentáveis e Resilientes,Mobilidade Urbana Sustentável,Renovação de Frota,FIN,FGTS,2026,RJ,Angra dos Reis,Sudeste,"56000008213/2025",Seleção Normal,,264575000,264575000,enquadrada,Setor Público,Novo PAC - Seleção,"90, de 2026",https://www.in.gov.br/en/web/dou/-/portaria-mcid-n-90-de-27-de-janeiro-de-2026-684171132
S-2512,Cidades Sustentáveis e Resilientes,Mobilidade Urbana Sustentável,Renovação de Frota,FIN,FGTS,2026,BA,Ilhéus,Nordeste,"56000000910/2025",Seleção Normal,,94076054.21,94076054.21,enquadrada,Setor Público,Novo PAC - Seleção,"90, de 2026",https://www.in.gov.br/en/web/dou/-/portaria-mcid-n-90-de-27-de-janeiro-de-2026-684171132
S-2513,Cidades Sustentáveis e Resilientes,Mobilidade Urbana Sustentável,Renovação de Frota,FIN,FGTS,2026,GO,Anápolis,Centro-Oeste,"56000001005/2025",Seleção Normal,,126706983.4,126706983.4,enquadrada,Setor Público,Novo PAC - Seleção,"90, de 2026",https://www.in.gov.br/en/web/dou/-/portaria-mcid-n-90-de-27-de-janeiro-de-2026-684171132
S-2514,Cidades Sustentáveis e Resilientes,Mobilidade Urbana Sustentável,Renovação de Frota,FIN,FGTS,2026,RJ,Teresópolis,Sudeste,"56000002563/2025",Seleção Normal,,60000000,60000000,enquadrada,Setor Público,Novo PAC - Seleção,"90, de 2026",https://www.in.gov.br/en/web/dou/-/portaria-mcid-n-90-de-27-de-janeiro-de-2026-684171132
S-2515,Cidades Sustentáveis e Resilientes,Mobilidade Urbana Sustentável,Renovação de Frota,FIN,FGTS,2026,BA,Porto Seguro,Nordeste,"56000008281/2025",Seleção Normal,,95340000,95340000,enquadrada,Setor Público,Novo PAC - Seleção,"90, de 2026",https://www.in.gov.br/en/web/dou/-/portaria-mcid-n-90-de-27-de-janeiro-de-2026-684171132
S-2516,Cidades Sustentáveis e Resilientes,Mobilidade Urbana Sustentável,Renovação de Frota,FIN,FGTS,2026,RJ,Rio de Janeiro,Sudeste,"56000001672/2025",Seleção Normal,,187095698.47,187095698.47,enquadrada,Setor Público,Novo PAC - Seleção,"90, de 2026",https://www.in.gov.br/en/web/dou/-/portaria-mcid-n-90-de-27-de-janeiro-de-2026-684171132
S-2517,Cidades Sustentáveis e Resilientes,Mobilidade Urbana Sustentável,Renovação de Frota,FIN,FGTS,2026,RJ,Maricá,Sudeste,"56000008167/2025",Seleção Normal,,62225000,62225000,enquadrada,Setor Público,Novo PAC - Seleção,"90, de 2026",https://www.in.gov.br/en/web/dou/-/portaria-mcid-n-90-de-27-de-janeiro-de-2026-684171132
S-2518,Cidades Sustentáveis e Resilientes,Mobilidade Urbana Sustentável,Renovação de Frota,FIN,FGTS,2026,BA,Jequié,Nordeste,"56000008216/2025",Seleção Normal,,20805000,20805000,enquadrada,Setor Público,Novo PAC - Seleção,"90, de 2026",https://www.in.gov.br/en/web/dou/-/portaria-mcid-n-90-de-27-de-janeiro-de-2026-684171132
S-2519,Cidades Sustentáveis e Resilientes,Mobilidade Urbana Sustentável,Renovação de Frota,FIN,FGTS,2024,AM,MANAUS,Norte,carta consulta 012/2024,Seleção Normal,,15651250,15651250,selecionada,Setor Privado,Novo PAC - Seleção,"1.003, de 2024",https://www.in.gov.br/en/web/dou/-/portaria-mcid-n-1.003-de-11-de-setembro-de-2024-584285760
S-2520,Cidades Sustentáveis e Resilientes,Mobilidade Urbana Sustentável,Renovação de Frota,FIN,FGTS,2024,BA,SALVADOR,Nordeste,carta consulta 016/2024,Seleção Normal,,36630000,36630000,selecionada,Setor Privado,Novo PAC - Seleção,"1.205, de 2024",https://www.in.gov.br/en/web/dou/-/portaria-mcid-n-1.205-de-23-de-outubro-de-2024-592241356
S-2521,Cidades Sustentáveis e Resilientes,Mobilidade Urbana Sustentável,Renovação de Frota,FIN,FGTS,2026,PB,João Pessoa,Nordeste,"56000008609/2025",Seleção Normal,,181155500,181155500,enquadrada,Setor Público,Novo PAC - Seleção,"90, de 2026",https://www.in.gov.br/en/web/dou/-/portaria-mcid-n-90-de-27-de-janeiro-de-2026-684171132
S-2522,Cidades Sustentáveis e Resilientes,Mobilidade Urbana Sustentável,Renovação de Frota,FIN,FGTS,2026,RJ,Maricá,Sudeste,"56000008166/2025",Seleção Normal,,62225000,62225000,enquadrada,Setor Público,Novo PAC - Seleção,"90, de 2026",https://www.in.gov.br/en/web/dou/-/portaria-mcid-n-90-de-27-de-janeiro-de-2026-684171132
S-2523,Cidades Sustentáveis e Resilientes,Mobilidade Urbana Sustentável,Renovação de Frota,FIN,FGTS,2026,SP,Guarulhos,Sudeste,"56000008221/2025",Seleção Normal,,100000000,100000000,enquadrada,Setor Público,Novo PAC - Seleção,"90, de 2026",https://www.in.gov.br/en/web/dou/-/portaria-mcid-n-90-de-27-de-janeiro-de-2026-684171132
S-2524,Cidades Sustentáveis e Resilientes,Resíduos Sólidos,Resíduos Sólidos,FIN,FGTS,2025,MG,Prata,Sudeste,"56000001585/2025",Seleção Normal,,1078476.99,1078476.99,selecionada,Setor Público,Novo PAC - Seleção,"1.331, de 2025",https://www.in.gov.br/web/dou/-/portaria-mcid-n-1.331-de-19-de-novembro-de-2025-670492245
S-2525,Cidades Sustentáveis e Resilientes,Resíduos Sólidos,Resíduos Sólidos,FIN,FGTS,2025,MS,Aquidauana,Centro-Oeste,"56000000033/2025",Seleção Normal,,1045000,1045000,selecionada,Setor Público,Novo PAC - Seleção,"1.331, de 2025",https://www.in.gov.br/web/dou/-/portaria-mcid-n-1.331-de-19-de-novembro-de-2025-670492245
S-2526,Cidades Sustentáveis e Resilientes,Resíduos Sólidos,Resíduos Sólidos,FIN,FGTS,2025,PA,Bragança,Norte,"56000000029/2025",Seleção Normal,,40494286.66,40494286.66,selecionada,Setor Público,Novo PAC - Seleção,"1.331, de 2025",https://www.in.gov.br/web/dou/-/portaria-mcid-n-1.331-de-19-de-novembro-de-2025-670492245
S-2527,Cidades Sustentáveis e Resilientes,Resíduos Sólidos,Resíduos Sólidos,FIN,FGTS,2025,RJ,Magé,Sudeste,"56000002059/2025",Seleção Normal,,12206880.06,12206880.06,selecionada,Setor Público,Novo PAC - Seleção,"1.331, de 2025",https://www.in.gov.br/web/dou/-/portaria-mcid-n-1.331-de-19-de-novembro-de-2025-670492245
S-2528,Cidades Sustentáveis e Resilientes,Resíduos Sólidos,Resíduos Sólidos,FIN,FGTS,2025,RS,Gravataí,Sul,"56000007925/2025",Seleção Normal,,760119.13,760119.13,selecionada,Setor Público,Novo PAC - Seleção,"1.331, de 2025",https://www.in.gov.br/web/dou/-/portaria-mcid-n-1.331-de-19-de-novembro-de-2025-670492245
S-2529,Cidades Sustentáveis e Resilientes,Resíduos Sólidos,Resíduos Sólidos,FIN,FGTS,2025,SC,Joinville,Sul,"56000002523/2025",Seleção Normal,,9677774.41,9677774.41,selecionada,Setor Público,Novo PAC - Seleção,"1.331, de 2025",https://www.in.gov.br/web/dou/-/portaria-mcid-n-1.331-de-19-de-novembro-de-2025-670492245
S-2530,Cidades Sustentáveis e Resilientes,Resíduos Sólidos,Resíduos Sólidos,FIN,FGTS,2025,SP,Guaratinguetá,Sudeste,"56000001324/2025",Seleção Normal,,456914.78,456914.78,selecionada,Setor Público,Novo PAC - Seleção,"1.331, de 2025",https://www.in.gov.br/web/dou/-/portaria-mcid-n-1.331-de-19-de-novembro-de-2025-670492245
S-2531,Cidades Sustentáveis e Resilientes,Resíduos Sólidos,Resíduos Sólidos,FIN,FGTS,2025,SC,Joinville,Sul,"56000002518/2025",Seleção Normal,,30211377.94,30211377.94,selecionada,Setor Público,Novo PAC - Seleção,"1.331, de 2025",https://www.in.gov.br/web/dou/-/portaria-mcid-n-1.331-de-19-de-novembro-de-2025-670492245
S-2532,Cidades Sustentáveis e Resilientes,Resíduos Sólidos,Resíduos Sólidos,FIN,FGTS,2025,RS,Porto Alegre,Sul,"56000002432/2025",Seleção Normal,,740348.3,740348.3,selecionada,Setor Público,Novo PAC - Seleção,"1.331, de 2025",https://www.in.gov.br/web/dou/-/portaria-mcid-n-1.331-de-19-de-novembro-de-2025-670492245
S-2533,Cidades Sustentáveis e Resilientes,Resíduos Sólidos,Resíduos Sólidos,FIN,FGTS,2025,SP,São José dos Campos,Sudeste,"56000001319/2025",Seleção Normal,,7940910.67,7940910.67,selecionada,Setor Público,Novo PAC - Seleção,"1.331, de 2025",https://www.in.gov.br/web/dou/-/portaria-mcid-n-1.331-de-19-de-novembro-de-2025-670492245
S-2534,Cidades Sustentáveis e Resilientes,Resíduos Sólidos,Resíduos Sólidos,FIN,FGTS,2025,SP,São Carlos,Sudeste,"56000007863/2025",Seleção Normal,,2589322.19,2589322.19,selecionada,Setor Público,Novo PAC - Seleção,"1.331, de 2025",https://www.in.gov.br/web/dou/-/portaria-mcid-n-1.331-de-19-de-novembro-de-2025-670492245
S-2535,Cidades Sustentáveis e Resilientes,Resíduos Sólidos,Resíduos Sólidos,FIN,FGTS,2025,ES,Alegre,Sudeste,"56000001568/2025",Seleção Normal,,551000,551000,selecionada,Setor Público,Novo PAC - Seleção,"1.331, de 2025",https://www.in.gov.br/web/dou/-/portaria-mcid-n-1.331-de-19-de-novembro-de-2025-670492245
S-2536,Cidades Sustentáveis e Resilientes,Resíduos Sólidos,Resíduos Sólidos,FIN,FGTS,2025,MG,Itabira,Sudeste,"56000000957/2025",Seleção Normal,,12595356.5,12595356.5,selecionada,Setor Público,Novo PAC - Seleção,"1.331, de 2025",https://www.in.gov.br/web/dou/-/portaria-mcid-n-1.331-de-19-de-novembro-de-2025-670492245
S-2537,Cidades Sustentáveis e Resilientes,Resíduos Sólidos,Resíduos Sólidos,FIN,FGTS,2025,MG,Poço de Caldas,Sudeste,"56000002454/2025",Seleção Normal,,40384500,40384500,selecionada,Setor Público,Novo PAC - Seleção,"1.331, de 2025",https://www.in.gov.br/web/dou/-/portaria-mcid-n-1.331-de-19-de-novembro-de-2025-670492245
S-2538,Cidades Sustentáveis e Resilientes,Resíduos Sólidos,Resíduos Sólidos,FIN,FGTS,2025,MT,Canarana,Centro-Oeste,"56000001214/2025",Seleção Normal,,18487047.5,18487047.5,selecionada,Setor Público,Novo PAC - Seleção,"1.331, de 2025",https://www.in.gov.br/web/dou/-/portaria-mcid-n-1.331-de-19-de-novembro-de-2025-670492245
S-2539,Cidades Sustentáveis e Resilientes,Resíduos Sólidos,Resíduos Sólidos,FIN,FGTS,2025,RJ,Rio das Ostras,Sudeste,"56000001626/2025",Seleção Normal,,4750000,4750000,selecionada,Setor Público,Novo PAC - Seleção,"1.331, de 2025",https://www.in.gov.br/web/dou/-/portaria-mcid-n-1.331-de-19-de-novembro-de-2025-670492245
S-2540,Cidades Sustentáveis e Resilientes,Resíduos Sólidos,Resíduos Sólidos,FIN,FGTS,2025,SC,Lages,Sul,"56000001044/2025",Seleção Normal,,2030013.1,2030013.1,selecionada,Setor Público,Novo PAC - Seleção,"1.331, de 2025",https://www.in.gov.br/web/dou/-/portaria-mcid-n-1.331-de-19-de-novembro-de-2025-670492245
S-2541,Cidades Sustentáveis e Resilientes,Resíduos Sólidos,Resíduos Sólidos,FIN,FGTS,2025,MT,Feliz Natal,Centro-Oeste,"56000001149/2025",Seleção Normal,,4916250,4916250,selecionada,Setor Público,Novo PAC - Seleção,"1.331, de 2025",https://www.in.gov.br/web/dou/-/portaria-mcid-n-1.331-de-19-de-novembro-de-2025-670492245
S-2542,Cidades Sustentáveis e Resilientes,Resíduos Sólidos,Resíduos Sólidos,FIN,FGTS,2025,RJ,Valença,Sudeste,"56000000806/2025",Seleção Normal,,2500000,2500000,selecionada,Setor Público,Novo PAC - Seleção,"1.331, de 2025",https://www.in.gov.br/web/dou/-/portaria-mcid-n-1.331-de-19-de-novembro-de-2025-670492245
S-2543,Cidades Sustentáveis e Resilientes,Resíduos Sólidos,Resíduos Sólidos,FIN,FGTS,2025,RO,Cerejeiras,Norte,"56000001850/2025",Seleção Normal,,1387593.75,1387593.75,selecionada,Setor Público,Novo PAC - Seleção,"1.331, de 2025",https://www.in.gov.br/web/dou/-/portaria-mcid-n-1.331-de-19-de-novembro-de-2025-670492245
S-2544,Cidades Sustentáveis e Resilientes,Resíduos Sólidos,Resíduos Sólidos,FIN,FGTS,2025,SP,São Bernardo do Campo,Sudeste,"56000001312/2025",Seleção Normal,,3849232.54,3849232.54,selecionada,Setor Público,Novo PAC - Seleção,"1.331, de 2025",https://www.in.gov.br/web/dou/-/portaria-mcid-n-1.331-de-19-de-novembro-de-2025-670492245
S-2545,Cidades Sustentáveis e Resilientes,Resíduos Sólidos,Resíduos Sólidos,FIN,FGTS,2025,SP,Pompéia,Sudeste,"56000002291/2025",Seleção Normal,,4461819.62,4461819.62,selecionada,Setor Público,Novo PAC - Seleção,"1.331, de 2025",https://www.in.gov.br/web/dou/-/portaria-mcid-n-1.331-de-19-de-novembro-de-2025-670492245
S-2546,Cidades Sustentáveis e Resilientes,Resíduos Sólidos,Resíduos Sólidos,FIN,FGTS,2025,BA,Itacaré,Nordeste,"56000001918/2025",Seleção Normal,,285000,285000,selecionada,Setor Público,Novo PAC - Seleção,"1.331, de 2025",https://www.in.gov.br/web/dou/-/portaria-mcid-n-1.331-de-19-de-novembro-de-2025-670492245
S-2547,Cidades Sustentáveis e Resilientes,Resíduos Sólidos,Resíduos Sólidos,FIN,FGTS,2025,MG,Uberlândia,Sudeste,"56000000524/2025",Seleção Normal,,1352523.55,1352523.55,selecionada,Setor Público,Novo PAC - Seleção,"1.331, de 2025",https://www.in.gov.br/web/dou/-/portaria-mcid-n-1.331-de-19-de-novembro-de-2025-670492245
S-2548,Cidades Sustentáveis e Resilientes,Resíduos Sólidos,Resíduos Sólidos,FIN,FGTS,2025,MG,Nova Serrana,Sudeste,"56000001719/2025",Seleção Normal,,2201572.01,2201572.01,selecionada,Setor Público,Novo PAC - Seleção,"1.331, de 2025",https://www.in.gov.br/web/dou/-/portaria-mcid-n-1.331-de-19-de-novembro-de-2025-670492245
S-2549,Cidades Sustentáveis e Resilientes,Resíduos Sólidos,Resíduos Sólidos,FIN,FGTS,2025,MT,Itauba,Centro-Oeste,"56000000477/2025",Seleção Normal,,3657500,3657500,selecionada,Setor Público,Novo PAC - Seleção,"1.331, de 2025",https://www.in.gov.br/web/dou/-/portaria-mcid-n-1.331-de-19-de-novembro-de-2025-670492245
S-2550,Cidades Sustentáveis e Resilientes,Resíduos Sólidos,Resíduos Sólidos,FIN,FGTS,2025,PA,São Caetano de Odivelas,Norte,"56000000545/2025",Seleção Normal,,4629291.02,4629291.02,selecionada,Setor Público,Novo PAC - Seleção,"1.331, de 2025",https://www.in.gov.br/web/dou/-/portaria-mcid-n-1.331-de-19-de-novembro-de-2025-670492245
S-2551,Cidades Sustentáveis e Resilientes,Resíduos Sólidos,Resíduos Sólidos,FIN,FGTS,2025,RN,Macaíba,Nordeste,"56000002326/2025",Seleção Normal,,2487560.28,2487560.28,selecionada,Setor Público,Novo PAC - Seleção,"1.331, de 2025",https://www.in.gov.br/web/dou/-/portaria-mcid-n-1.331-de-19-de-novembro-de-2025-670492245
S-2552,Cidades Sustentáveis e Resilientes,Resíduos Sólidos,Resíduos Sólidos,FIN,FGTS,2025,RS,Gravataí,Sul,"56000007996/2025",Seleção Normal,,936511.13,936511.13,selecionada,Setor Público,Novo PAC - Seleção,"1.331, de 2025",https://www.in.gov.br/web/dou/-/portaria-mcid-n-1.331-de-19-de-novembro-de-2025-670492245
S-2553,Cidades Sustentáveis e Resilientes,Resíduos Sólidos,Resíduos Sólidos,FIN,FGTS,2025,SP,Itu,Sudeste,"56000000949/2025",Seleção Normal,,2000000,2000000,selecionada,Setor Público,Novo PAC - Seleção,"1.331, de 2025",https://www.in.gov.br/web/dou/-/portaria-mcid-n-1.331-de-19-de-novembro-de-2025-670492245
S-2554,Cidades Sustentáveis e Resilientes,Resíduos Sólidos,Resíduos Sólidos,FIN,FGTS,2025,SP,Junqueirópolis,Sudeste,"56000002045/2025",Seleção Normal,,1145000,1145000,selecionada,Setor Público,Novo PAC - Seleção,"1.331, de 2025",https://www.in.gov.br/web/dou/-/portaria-mcid-n-1.331-de-19-de-novembro-de-2025-670492245
S-2555,Cidades Sustentáveis e Resilientes,Mobilidade Urbana Sustentável,Médias e Grandes Cidades,FIN,FGTS,2026,GO,ANAPOLIS,Centro-Oeste,"56000001008/2025",Seleção Normal,0,174261981.9,174261981.9,enquadrada,Setor Público,Novo PAC - Seleção,"91, de 2026",https://www.in.gov.br/en/web/dou/-/portaria-mcid-n-91-de-27-de-janeiro-de-2026-684185276
S-2556,Cidades Sustentáveis e Resilientes,Mobilidade Urbana Sustentável,Médias e Grandes Cidades,FIN,FGTS,2026,MA,IMPERATRIZ,Nordeste,"56000001717/2025",Seleção Normal,0,20900000,20900000,enquadrada,Setor Público,Novo PAC - Seleção,"91, de 2026",https://www.in.gov.br/en/web/dou/-/portaria-mcid-n-91-de-27-de-janeiro-de-2026-684185276
S-2557,Cidades Sustentáveis e Resilientes,Mobilidade Urbana Sustentável,Médias e Grandes Cidades,FIN,FGTS,2026,PB,CAMPINA GRANDE,Nordeste,"56000008219/2025",Seleção Normal,0,226074388,226074388,enquadrada,Setor Público,Novo PAC - Seleção,"91, de 2026",https://www.in.gov.br/en/web/dou/-/portaria-mcid-n-91-de-27-de-janeiro-de-2026-684185276
S-2558,Cidades Sustentáveis e Resilientes,Mobilidade Urbana Sustentável,Médias e Grandes Cidades,FIN,FGTS,2026,SE,NOSSA SENHORA DO SOCORRO,Nordeste,"56000007261/2025",Seleção Normal,0,37800752,37800752,enquadrada,Setor Público,Novo PAC - Seleção,"91, de 2026",https://www.in.gov.br/en/web/dou/-/portaria-mcid-n-91-de-27-de-janeiro-de-2026-684185276
S-2559,Cidades Sustentáveis e Resilientes,Mobilidade Urbana Sustentável,Médias e Grandes Cidades,FIN,FGTS,2026,SP,São Paulo,Sudeste,"80000.009986/2025-89",Seleção Normal,0,1425000000,1425000000,enquadrada,Setor Privado,Novo PAC - Seleção,"278, de 2026",https://in.gov.br/web/dou/-/portaria-mcid-n-278-de-18-de-marco-de-2026-694461053
S-2560,Cidades Sustentáveis e Resilientes,Mobilidade Urbana Sustentável,Renovação de Frota,FIN,FGTS,2024,RS,PORTO ALEGRE,Sul,carta consulta 001/2024,Seleção Normal,,39729000,39729000,selecionada,Setor Privado,Novo PAC - Seleção,"507, de 2024",https://www.in.gov.br/web/dou/-/portaria-mcid-n-507-de-29-de-maio-de-2024-565726701
S-2561,Cidades Sustentáveis e Resilientes,Mobilidade Urbana Sustentável,Renovação de Frota,FIN,FGTS,2024,MG,BELO HORIZONTE,Sudeste,carta consulta 006/2024,Seleção Normal,,12262410,12262410,selecionada,Setor Privado,Novo PAC - Seleção,"1.001, de 2024",https://www.in.gov.br/en/web/dou/-/portaria-mcid-n-1.001-de-11-de-setembro-de-2024-584276152
S-2562,Cidades Sustentáveis e Resilientes,Mobilidade Urbana Sustentável,Renovação de Frota,FIN,FGTS,2024,PR,CURITIBA,Sul,carta consulta 010/2024,Seleção Normal,,39594404,39594404,selecionada,Setor Privado,Novo PAC - Seleção,"994, de 2024",https://www.in.gov.br/en/web/dou/-/portaria-mcid-n-994-de-11-de-setembro-de-2024-584284108
S-2563,Cidades Sustentáveis e Resilientes,Mobilidade Urbana Sustentável,Renovação de Frota,FIN,FGTS,2024,SP,ITAPECERICA DA SERRA,Sudeste,carta consulta 014/2024,Seleção Normal,,40698684.47,40698684.47,selecionada,Setor Privado,Novo PAC - Seleção,"1.071, de 2024",https://www.in.gov.br/en/web/dou/-/portaria-mcid-n-1.071-de-25-de-setembro-de-2024-587030873
S-2564,Cidades Sustentáveis e Resilientes,Mobilidade Urbana Sustentável,Renovação de Frota,FIN,FGTS,2024,GO,GOIANIA E DEMAIS MUNICIPIOS,Centro-Oeste,carta consulta 018/2024,Seleção Normal,,8550000,8550000,selecionada,Setor Privado,Novo PAC - Seleção,"1.286, de 2024",https://www.in.gov.br/en/web/dou/-/portaria-mcid-n-1.286-de-14-de-novembro-de-2024-600530152
S-2565,Cidades Sustentáveis e Resilientes,Mobilidade Urbana Sustentável,Renovação de Frota,FIN,FGTS,2024,SP,"MAIRIPORA, FRANCO DA ROCHA E SAO PAULO",Sudeste,carta consulta 022/2024,Seleção Normal,,5451575,5451575,selecionada,Setor Privado,Novo PAC - Seleção,"1.348, de 2024",https://www.in.gov.br/en/web/dou/-/portaria-mcid-n-1.348-de-27-de-novembro-de-2024-603849061
S-2566,Cidades Sustentáveis e Resilientes,Mobilidade Urbana Sustentável,Renovação de Frota,FIN,FGTS,2024,SP,"SANTO ANDRE, DIADEMA, SAO PAULO, MAUA E SAO BERNARDO DO CAMPO",Sudeste,carta consulta 026/2024,Seleção Normal,,28618595.15,28618595.15,selecionada,Setor Privado,Novo PAC - Seleção,"1.383, de 2024",https://www.in.gov.br/en/web/dou/-/portaria-mcid-n-1.383-de-9-de-dezembro-de-2024-603826377
S-2567,Cidades Sustentáveis e Resilientes,Mobilidade Urbana Sustentável,Renovação de Frota,FIN,FGTS,2024,RJ,RIO DE JANEIRO,Sudeste,carta consulta 030/2024,Seleção Normal,,48146000,48146000,selecionada,Setor Privado,Novo PAC - Seleção,"1.426, de 2024",https://www.in.gov.br/en/web/dou/-/portaria-mcid-n-1.426-de-23-de-dezembro-de-2024-604465551
S-2568,Cidades Sustentáveis e Resilientes,Mobilidade Urbana Sustentável,Renovação de Frota,FIN,FGTS,2024,RJ,RIO DE JANEIRO,Sudeste,carta consulta 031/2024,Seleção Normal,,48146000,48146000,selecionada,Setor Privado,Novo PAC - Seleção,"1.428, de 2024",https://www.in.gov.br/en/web/dou/-/portaria-mcid-n-1.428-de-23-de-dezembro-de-2024-604468757
S-2569,Cidades Sustentáveis e Resilientes,Mobilidade Urbana Sustentável,Renovação de Frota,FIN,FGTS,2024,BA,SALVADOR,Nordeste,carta consulta 002/2024,Seleção Normal,,85303065,85303065,selecionada,Setor Privado,Novo PAC - Seleção,"1.210, de 2024",https://www.in.gov.br/en/web/dou/-/portaria-mcid-n-1.210-de-23-de-outubro-de-2024-592769797
S-2570,Cidades Sustentáveis e Resilientes,Mobilidade Urbana Sustentável,Renovação de Frota,FIN,FGTS,2024,RS,PORTO ALEGRE,Sul,carta consulta 007/2024,Seleção Normal,,25493107.5,25493107.5,selecionada,Setor Privado,Novo PAC - Seleção,"995, de 2024",https://www.in.gov.br/en/web/dou/-/portaria-mcid-n-995-de-11-de-setembro-de-2024-584270641
S-2571,Cidades Sustentáveis e Resilientes,Mobilidade Urbana Sustentável,Renovação de Frota,FIN,FGTS,2025,RS,PORTO ALEGRE,Sul,carta consulta 043/2025,Seleção Normal,0,5293650,5293650,selecionada,Setor Privado,Novo PAC - Seleção,"219, de 2025",https://www.in.gov.br/en/web/dou/-/portaria-mcd-n-219-de-07-de-marco-de-2025-617968125
S-2572,Cidades Sustentáveis e Resilientes,Mobilidade Urbana Sustentável,Renovação de Frota,FIN,FGTS,2025,ES,"CARIACICA, VIANA, VITORIA, VILA VELHA E SERRA",Sudeste,carta consulta 048/2025,Seleção Normal,0,14915000,14915000,selecionada,Setor Privado,Novo PAC - Seleção,"313, de 2025",https://www.in.gov.br/en/web/dou/-/portaria-mcid-n-313-de-27-marco-de-2025-620685961
S-2573,Cidades Sustentáveis e Resilientes,Mobilidade Urbana Sustentável,Renovação de Frota,FIN,FGTS,2025,PB,CAMPINA GRANDE,Nordeste,carta consulta 035/2025,Seleção Normal,0,13433000,13433000,selecionada,Setor Privado,Novo PAC - Seleção,"203, de 2025",https://www.in.gov.br/web/dou/-/portaria-mcid-n-203-de-5-de-marco-de-2025-617978071
S-2574,Cidades Sustentáveis e Resilientes,Mobilidade Urbana Sustentável,Renovação de Frota,FIN,FGTS,2025,PE,PETROLINA,Nordeste,carta consulta 039/2025,Seleção Normal,0,22882650,22882650,selecionada,Setor Privado,Novo PAC - Seleção,"181, de 2025",https://www.in.gov.br/web/dou/-/portaria-mcid-n-181-de-25-de-fevereiro-de-2025-617961284
S-2575,Cidades Sustentáveis e Resilientes,Mobilidade Urbana Sustentável,Renovação de Frota,FIN,FGTS,2025,ES,"CARIACICA, VIANA, VITORIA, VILA VELHA E SERRA",Sudeste,carta consulta 049/2025,Seleção Normal,0,22923500,22923500,selecionada,Setor Privado,Novo PAC - Seleção,"307, de 2025",https://www.in.gov.br/web/dou/-/portaria-mcid-n-307-de-27-marco-de-2025-620700186
S-2576,Cidades Sustentáveis e Resilientes,Mobilidade Urbana Sustentável,Renovação de Frota,FIN,FGTS,2024,PR,"CURITIBA, COLOMBO E BOCAIUVA DO SUL",Sul,carta consulta 011/2024,Seleção Normal,,43310500,43310500,selecionada,Setor Privado,Novo PAC - Seleção,"1.002, de 2024",https://www.in.gov.br/en/web/dou/-/portaria-mcid-n-1.002-de-11-de-setembro-de-2024-584270534
S-2577,Cidades Sustentáveis e Resilientes,Mobilidade Urbana Sustentável,Renovação de Frota,FIN,FGTS,2025,MG,BELO HORIZONTE,Sudeste,carta consulta 053/2025,Seleção Normal,0,23085000,23085000,selecionada,Setor Privado,Novo PAC - Seleção,"314, de 2025",https://www.in.gov.br/web/dou/-/portaria-mcid-n-314-de-27-de-marco-de-2025-620701337
S-2578,Cidades Sustentáveis e Resilientes,Mobilidade Urbana Sustentável,Renovação de Frota,FIN,FGTS,2025,RJ,ANGRA DOS REIS,Sudeste,carta consulta 057/2025,Seleção Normal,0,23750000,23750000,selecionada,Setor Privado,Novo PAC - Seleção,"393, de 2025",https://www.in.gov.br/web/dou/-/portaria-mcid-n-393-de-17-de-abril-de-2025-626067611
S-2579,Cidades Sustentáveis e Resilientes,Mobilidade Urbana Sustentável,Renovação de Frota,FIN,FGTS,2025,MG,POUSO ALEGRE,Sudeste,carta consulta 061/2025,Seleção Normal,0,8132000,8132000,selecionada,Setor Privado,Novo PAC - Seleção,"456, de 2025",https://www.in.gov.br/web/dou/-/portaria-mcid-n-456-de-12-de-maio-de-2025-631034250
S-2580,Cidades Sustentáveis e Resilientes,Mobilidade Urbana Sustentável,Renovação de Frota,FIN,FGTS,2025,SP,SANTO ANDRE,Sudeste,carta consulta 065/2025,Seleção Normal,0,19000000,19000000,selecionada,Setor Privado,Novo PAC - Seleção,"453, de 2025",https://www.in.gov.br/web/dou/-/portaria-mcid-n-453-de-12-de-maio-de-2025-629499321
S-2581,Cidades Sustentáveis e Resilientes,Mobilidade Urbana Sustentável,Renovação de Frota,FIN,FGTS,2025,ES,"SERRA, VITORIA, VILA VELHA, CARIACICA E GUARAPARI",Sudeste,carta consulta 069/2025,Seleção Normal,0,11400000,11400000,selecionada,Setor Privado,Novo PAC - Seleção,"486, de 2025",https://www.in.gov.br/en/web/dou/-/portaria-mcid-n-486-de-19-de-maio-de-2025-631034978
S-2582,Cidades Sustentáveis e Resilientes,Mobilidade Urbana Sustentável,Renovação de Frota,FIN,FGTS,2025,MG,JOAO MONLEVADE,Sudeste,carta consulta 073/2025,Seleção Normal,0,9120000,9120000,selecionada,Setor Privado,Novo PAC - Seleção,"487, de 2025",https://www.in.gov.br/web/dou/-/portaria-mcid-n-487-de-19-de-maio-de-2025-631017512
S-2583,Cidades Sustentáveis e Resilientes,Mobilidade Urbana Sustentável,Renovação de Frota,FIN,FGTS,2025,RJ,NITEROI E RIO DE JANEIRO,Sudeste,carta consulta 077/2025,Seleção Normal,0,27106896.25,27106896.25,selecionada,Setor Privado,Novo PAC - Seleção,"567, de 2025",https://www.in.gov.br/web/dou/-/portaria-mcid-n-567-de-11-de-junho-de-2025-635989480
S-2584,Cidades Sustentáveis e Resilientes,Mobilidade Urbana Sustentável,Renovação de Frota,FIN,FGTS,2025,BA,PORTO SEGURO,Nordeste,carta consulta 081/2025,Seleção Normal,0,35276965.6,35276965.6,selecionada,Setor Privado,Novo PAC - Seleção,"567, de 2025",https://www.in.gov.br/web/dou/-/portaria-mcid-n-567-de-11-de-junho-de-2025-635989480
S-2585,Cidades Sustentáveis e Resilientes,Mobilidade Urbana Sustentável,Renovação de Frota,FIN,FGTS,2025,SP,MARILIA,Sudeste,carta consulta 085/2025,Seleção Normal,0,17887508.2,17887508.2,selecionada,Setor Privado,Novo PAC - Seleção,"584, de 2025",https://www.in.gov.br/web/dou/-/portaria-mcid-n-584-de-12-de-junho-de-2025-636868565
S-2586,Cidades Sustentáveis e Resilientes,Mobilidade Urbana Sustentável,Renovação de Frota,FIN,FGTS,2025,SP,ITAPECERICA DA SERRA E SAO PAULO,Sudeste,carta consulta 089/2025,Seleção Normal,0,26304531,26304531,selecionada,Setor Privado,Novo PAC - Seleção,"663, de 2025",https://www.in.gov.br/web/dou/-/portaria-mcid-n-663-de-7-de-julho-de-2025-641515853
S-2587,Cidades Sustentáveis e Resilientes,Mobilidade Urbana Sustentável,Renovação de Frota,FIN,FGTS,2025,DF,AGUAS LINDAS E DISTRITO FEDERAL,Centro-Oeste,carta consulta 092/2025,Seleção Normal,0,235936089.99,235936089.99,selecionada,Setor Privado,Novo PAC - Seleção,"674, de 2025",https://www.in.gov.br/web/dou/-/portaria-mcid-n-674-de-8-de-julho-de-2025-641585765
S-2588,Cidades Sustentáveis e Resilientes,Mobilidade Urbana Sustentável,Renovação de Frota,FIN,FGTS,2025,PR,"CURITIBA, COLOMBO E BOCAIUVA DO SUL",Sul,carta consulta 096/2025,Seleção Normal,0,44102385.8,44102385.8,selecionada,Setor Privado,Novo PAC - Seleção,"837, de 2025",https://www.in.gov.br/web/dou/-/portaria-mcid-n-837-de-28-de-julho-de-2025-645253469
S-2589,Cidades Sustentáveis e Resilientes,Mobilidade Urbana Sustentável,Renovação de Frota,FIN,FGTS,2025,PR,"CURITIBA, ALMIRANTE TAMANDARE, RIO BRANCO DO SUL E ITAPERUCU",Sul,carta consulta 101/2025,Seleção Normal,0,6468550,6468550,selecionada,Setor Privado,Novo PAC - Seleção,"865, de 2025",https://www.in.gov.br/web/dou/-/portaria-mcid-n-865-de-30-de-julho-de-2025-645574639
S-2590,Cidades Sustentáveis e Resilientes,Mobilidade Urbana Sustentável,Renovação de Frota,FIN,FGTS,2025,MG,ITAUNA,Sudeste,carta consulta 105/2025,Seleção Normal,0,33255432.1,33255432.1,selecionada,Setor Privado,Novo PAC - Seleção,"936, de 2025",https://www.in.gov.br/web/dou/-/portaria-mcid-n-936-de-25-de-agosto-de-2025-651093617
S-2591,Cidades Sustentáveis e Resilientes,Mobilidade Urbana Sustentável,Renovação de Frota,FIN,FGTS,2025,MG,"NOVA LIMA, VESPASIANO E LAVRAS",Sudeste,carta consulta 111/2025,Seleção Normal,0,57162944,57162944,selecionada,Setor Privado,Novo PAC - Seleção,"956, de 2025",https://www.in.gov.br/web/dou/-/portaria-mcid-n-956-de-25-de-agosto-de-2025-651089753
S-2592,Cidades Sustentáveis e Resilientes,Mobilidade Urbana Sustentável,Renovação de Frota,FIN,FGTS,2025,RJ,"SAO GONCALO, NITEROI E RIO DE JANEIRO",Sudeste,carta consulta 115/2025,Seleção Normal,0,19000000,19000000,selecionada,Setor Privado,Novo PAC - Seleção,"940, de 2025",https://www.in.gov.br/web/dou/-/portaria-mcid-n-940-de-25-de-agosto-de-2025-651098280
S-2593,Cidades Sustentáveis e Resilientes,Mobilidade Urbana Sustentável,Renovação de Frota,FIN,FGTS,2025,MG,"BETIM, BELO HORIZONTE E CONTAGEM",Sudeste,carta consulta 119/2025,Seleção Normal,0,18763450,18763450,selecionada,Setor Privado,Novo PAC - Seleção,"943, de 2025",https://www.in.gov.br/web/dou/-/portaria-mcid-n-943-de-25-de-agosto-de-2025-651094356
S-2594,Cidades Sustentáveis e Resilientes,Mobilidade Urbana Sustentável,Renovação de Frota,FIN,FGTS,2025,RJ,SAO GONCALO,Sudeste,carta consulta 123/2025,Seleção Normal,0,26220000,26220000,selecionada,Setor Privado,Novo PAC - Seleção,"950, de 2025",https://www.in.gov.br/web/dou/-/portaria-mcid-n-950-de-25-de-agosto-de-2025-651093594
S-2595,Cidades Sustentáveis e Resilientes,Mobilidade Urbana Sustentável,Renovação de Frota,FIN,FGTS,2024,MG,BELO HORIZONTE,Sudeste,carta consulta 015/2024,Seleção Normal,,15390000,15390000,selecionada,Setor Privado,Novo PAC - Seleção,"1.123, de 2024",https://www.in.gov.br/en/web/dou/-/portaria-mcid-n-1.123-de-7-de-outubro-de-2024-589404575
S-2596,Cidades Sustentáveis e Resilientes,Mobilidade Urbana Sustentável,Renovação de Frota,FIN,FGTS,2024,PR,"CURITIBA, ALMIRANTE TAMANDARE, RIO BRANCO DO SUL E ITAPERUCU",Sul,carta consulta 019/2024,Seleção Normal,,1991790,1991790,selecionada,Setor Privado,Novo PAC - Seleção,"1.285, de 2024",https://www.in.gov.br/en/web/dou/-/portaria-mcid-n-1.285-de-14-de-novembro-de-2024-596834994
S-2597,Cidades Sustentáveis e Resilientes,Mobilidade Urbana Sustentável,Renovação de Frota,FIN,FGTS,2024,PR,CURITIBA,Sul,carta consulta 004/2024,Seleção Normal,,11338250,11338250,selecionada,Setor Privado,Novo PAC - Seleção,"997, de 2024",https://www.in.gov.br/en/web/dou/-/portaria-mcid-n-997-de-11-de-setembro-de-2024-584287666
S-2598,Cidades Sustentáveis e Resilientes,Mobilidade Urbana Sustentável,Renovação de Frota,FIN,FGTS,2024,MG,BELO HORIZONTE,Sudeste,carta consulta 027/2024,Seleção Normal,,8550000,8550000,selecionada,Setor Privado,Novo PAC - Seleção,"1.385, de 2024",https://www.in.gov.br/en/web/dou/-/portaria-mcid-n-1.385-de-9-de-dezembro-de-2024-603849865
S-2599,Cidades Sustentáveis e Resilientes,Mobilidade Urbana Sustentável,Renovação de Frota,FIN,FGTS,2024,MG,BELO HORIZONTE,Sudeste,carta consulta 005/2024,Seleção Normal,,12262410,12262410,selecionada,Setor Privado,Novo PAC - Seleção,"1.004, de 2024",https://www.in.gov.br/en/web/dou/-/portaria-mcid-n-1.004-de-11-de-setembro-de-2024-584295029
S-2600,Cidades Sustentáveis e Resilientes,Mobilidade Urbana Sustentável,Renovação de Frota,FIN,FGTS,2024,PR,CURITIBA,Sul,carta consulta 009/2024,Seleção Normal,,15118300,15118300,selecionada,Setor Privado,Novo PAC - Seleção,"992, de 2024",https://www.in.gov.br/en/web/dou/-/portaria-mcid-n-992-de-11-de-setembro-de-2024-584290529
S-2601,Cidades Sustentáveis e Resilientes,Mobilidade Urbana Sustentável,Renovação de Frota,FIN,FGTS,2024,RS,PORTO ALEGRE,Sul,carta consulta 013/2024,Seleção Normal,,9323300,9323300,selecionada,Setor Privado,Novo PAC - Seleção,"1.070, de 2024",https://www.in.gov.br/en/web/dou/-/portaria-mcid-n-1.003-de-11-de-setembro-de-2024-584285760
S-2602,Cidades Sustentáveis e Resilientes,Mobilidade Urbana Sustentável,Renovação de Frota,FIN,FGTS,2024,MG,BELO HORIZONTE,Sudeste,carta consulta 017/2024,Seleção Normal,,3942500,3942500,selecionada,Setor Privado,Novo PAC - Seleção,"1.284, de 2024",https://www.in.gov.br/en/web/dou/-/portaria-mcid-n-1.284-de-14-de-novembro-de-2024-603835753
S-2603,Cidades Sustentáveis e Resilientes,Mobilidade Urbana Sustentável,Renovação de Frota,FIN,FGTS,2024,RJ,"SEROPEDICA, NOVA IGUACU, ITAGUAI, PARACAMBI, PIRAI E RIO DE JANEIRO",Sudeste,carta consulta 021/2024,Seleção Normal,,15447000,15447000,selecionada,Setor Privado,Novo PAC - Seleção,"1.283, de 2024",https://www.in.gov.br/en/web/dou/-/portaria-mcid-n-1.283-de-14-de-novembro-de-2024-596569000
S-2604,Cidades Sustentáveis e Resilientes,Mobilidade Urbana Sustentável,Renovação de Frota,FIN,FGTS,2024,GO,GOIANIA,Centro-Oeste,carta consulta 003/2024,Seleção Normal,,95419046.66,95419046.66,selecionada,Setor Privado,Novo PAC - Seleção,"971, de 2024",https://www.in.gov.br/en/web/dou/-/portaria-mcid-n-971-de-5-de-setembro-de-2024-584286787
S-2605,Cidades Sustentáveis e Resilientes,Mobilidade Urbana Sustentável,Renovação de Frota,FIN,FGTS,2024,MG,SANTA LUZIA,Sudeste,carta consulta 008/2024,Seleção Normal,,7158250,7158250,selecionada,Setor Privado,Novo PAC - Seleção,"991, de 2024",https://www.in.gov.br/en/web/dou/-/portaria-mcid-n-991-de-11-de-setembro-de-2024-584270576
S-2606,Cidades Sustentáveis e Resilientes,Mobilidade Urbana Sustentável,Renovação de Frota,FIN,FGTS,2024,RJ,"SAO JOAO DE MERITI, DUQUE DE CAXIAS, NOVA IGUACU, BELFORD ROXO, NILOPOLIS, ITAGUAI, RIO DE JANEIRO",Sudeste,carta consulta 020/2024,Seleção Normal,,38617500,38617500,selecionada,Setor Privado,Novo PAC - Seleção,"1.287, de 2024",https://www.in.gov.br/en/web/dou/-/portaria-mcid-n-1.287-de-14-de-novembro-de-2024-596561158
S-2607,Cidades Sustentáveis e Resilientes,Mobilidade Urbana Sustentável,Renovação de Frota,FIN,FGTS,2024,RJ,RIO DE JANEIRO,Sudeste,carta consulta 024/2024,Seleção Normal,,14516000,14516000,selecionada,Setor Privado,Novo PAC - Seleção,"1.350, de 2024",https://www.in.gov.br/en/web/dou/-/portaria-mcid-n-1.350-de-27-de-novembro-de-2024-603868251
S-2608,Cidades Sustentáveis e Resilientes,Mobilidade Urbana Sustentável,Renovação de Frota,FIN,FGTS,2024,SP,"EMBU DAS ARTES, TABOAO DA SERRA, SAO PAULO E OSASCO",Sudeste,carta consulta 028/2024,Seleção Normal,,44602500,44602500,selecionada,Setor Privado,Novo PAC - Seleção,"1.384, de 2024",https://www.in.gov.br/en/web/dou/-/portaria-mcid-n-1.384-de-9-de-dezembro-de-2024-603839581
S-2609,Cidades Sustentáveis e Resilientes,Mobilidade Urbana Sustentável,Renovação de Frota,FIN,FGTS,2024,RJ,RIO DE JANEIRO,Sudeste,carta consulta 032/2024,Seleção Normal,,48146000,48146000,selecionada,Setor Privado,Novo PAC - Seleção,"1.429, de 2024",https://www.in.gov.br/web/dou/-/portaria-mcid-n-1.429-de-23-de-dezembro-de-2024-604456713
S-2610,Cidades Sustentáveis e Resilientes,Mobilidade Urbana Sustentável,Renovação de Frota,FIN,FGTS,2024,SP,GUARULHOS E SAO PAULO,Sudeste,carta consulta 023/2024,Seleção Normal,,43156600,43156600,selecionada,Setor Privado,Novo PAC - Seleção,"1.351, de 2024",https://www.in.gov.br/en/web/dou/-/portaria-mcid-n-1.351-de-27-de-novembro-de-2024-603849651
S-2611,Cidades Sustentáveis e Resilientes,Mobilidade Urbana Sustentável,Renovação de Frota,FIN,FGTS,2024,RJ,RIO DE JANEIRO,Sudeste,carta consulta 025/2024,Seleção Normal,,9300500,9300500,selecionada,Setor Privado,Novo PAC - Seleção,"1.349, de 2024",https://www.in.gov.br/en/web/dou/-/portaria-mcid-n-1.349-de-27-de-novembro-de-2024-603845429
S-2612,Cidades Sustentáveis e Resilientes,Mobilidade Urbana Sustentável,Renovação de Frota,FIN,FGTS,2024,SP,SAO PAULO,Sudeste,carta consulta 029/2024,Seleção Normal,,49875000,49875000,selecionada,Setor Privado,Novo PAC - Seleção,"1.404, de 2024",https://www.in.gov.br/en/web/dou/-/portaria-mcid-n-1.404-de-16-de-dezembro-de-2024-602934042
S-2613,Cidades Sustentáveis e Resilientes,Mobilidade Urbana Sustentável,Renovação de Frota,FIN,FGTS,2025,AM,MANAUS,Norte,carta consulta 099/2025,Seleção Normal,0,8065500,8065500,selecionada,Setor Privado,Novo PAC - Seleção,"866, de 2025",https://www.in.gov.br/web/dou/-/portaria-mcid-n-866-de-30-de-julho-de-2025-645577232
S-2614,Cidades Sustentáveis e Resilientes,Mobilidade Urbana Sustentável,Renovação de Frota,FIN,FGTS,2025,PR,PONTA GROSSA,Sul,carta consulta 084/2025,Seleção Normal,0,34561285,34561285,selecionada,Setor Privado,Novo PAC - Seleção,"581, de 2025",https://www.in.gov.br/web/dou/-/portaria-mcid-n-581-de-12-de-junho-de-2025-636854992
S-2615,Cidades Sustentáveis e Resilientes,Mobilidade Urbana Sustentável,Renovação de Frota,FIN,FGTS,2025,SP,OSASCO,Sudeste,carta consulta 034/2025,Seleção Normal,0,27300000,27300000,selecionada,Setor Privado,Novo PAC - Seleção,"187, de 2025",https://www.in.gov.br/web/dou/-/portaria-mcid-n-187-de-25-de-fevereiro-de-2025-617982852
S-2616,Cidades Sustentáveis e Resilientes,Mobilidade Urbana Sustentável,Renovação de Frota,FIN,FGTS,2025,PB,JOAO PESSOA,Nordeste,carta consulta 038/2025,Seleção Normal,0,8731450,8731450,selecionada,Setor Privado,Novo PAC - Seleção,"185, de 2025",https://www.in.gov.br/web/dou/-/portaria-mcid-n-185-de-25-de-fevereiro-de-2025-617969075
S-2617,Cidades Sustentáveis e Resilientes,Mobilidade Urbana Sustentável,Renovação de Frota,FIN,FGTS,2025,BA,ITABUNA,Nordeste,carta consulta 042/2025,Seleção Normal,0,22882650,22882650,selecionada,Setor Privado,Novo PAC - Seleção,"184, de 2025",https://www.in.gov.br/web/dou/-/portaria-mcid-n-184-de-25-de-fevereiro-de-2025-617965646
S-2618,Cidades Sustentáveis e Resilientes,Mobilidade Urbana Sustentável,Renovação de Frota,FIN,FGTS,2025,MG,POUSO ALEGRE,Sudeste,carta consulta 047/2025,Seleção Normal,0,8132000,8132000,selecionada,Setor Privado,Novo PAC - Seleção,"309, de 2025",https://www.in.gov.br/web/dou/-/portaria-mcid-n-309-de-27-de-marco-de-2025-620732340
S-2619,Cidades Sustentáveis e Resilientes,Mobilidade Urbana Sustentável,Renovação de Frota,FIN,FGTS,2025,MG,BELO HORIZONTE,Sudeste,carta consulta 052/2025,Seleção Normal,0,7980000,7980000,selecionada,Setor Privado,Novo PAC - Seleção,"306, de 2025",https://www.in.gov.br/web/dou/-/portaria-mcid-n-306-de-27-de-marco-de-2025-620744990
S-2620,Cidades Sustentáveis e Resilientes,Mobilidade Urbana Sustentável,Renovação de Frota,FIN,FGTS,2025,SP,BRAGANCA PAULISTA,Sudeste,carta consulta 056/2025,Seleção Normal,0,25650000,25650000,selecionada,Setor Privado,Novo PAC - Seleção,"436, de 2025",https://www.in.gov.br/web/dou/-/portaria-mcid-n-436-de-6-de-maio-de-2025-629492640
S-2621,Cidades Sustentáveis e Resilientes,Mobilidade Urbana Sustentável,Renovação de Frota,FIN,FGTS,2025,MG,BELO HORIZONTE,Sudeste,carta consulta 060/2025,Seleção Normal,0,23750000,23750000,selecionada,Setor Privado,Novo PAC - Seleção,"450, de 2025",https://www.in.gov.br/web/dou/-/portaria-mcid-n-450-de-9-de-maio-de-2025-629489919
S-2622,Cidades Sustentáveis e Resilientes,Mobilidade Urbana Sustentável,Renovação de Frota,FIN,FGTS,2025,SP,OSASCO,Sudeste,carta consulta 064/2025,Seleção Normal,0,85500000,85500000,selecionada,Setor Privado,Novo PAC - Seleção,"452, de 2025",https://www.in.gov.br/web/dou/-/portaria-mcid-n-452-de-12-de-maio-de-2025-629476913
S-2623,Cidades Sustentáveis e Resilientes,Mobilidade Urbana Sustentável,Renovação de Frota,FIN,FGTS,2025,ES,"SERRA, VITORIA, VILA VELHA E CARIACICA",Sudeste,carta consulta 068/2025,Seleção Normal,0,22800000,22800000,selecionada,Setor Privado,Novo PAC - Seleção,"481, de 2025",https://www.in.gov.br/web/dou/-/portaria-mcid-n-449-de-9-de-maio-de-2025-629490874
S-2624,Cidades Sustentáveis e Resilientes,Mobilidade Urbana Sustentável,Renovação de Frota,FIN,FGTS,2025,MG,BELO HORIZONTE,Sudeste,carta consulta 072/2025,Seleção Normal,0,16150000,16150000,selecionada,Setor Privado,Novo PAC - Seleção,"480, de 2025",https://www.in.gov.br/web/dou/-/portaria-mcid-n-480-de-19-de-maio-de-2025-632516585
S-2625,Cidades Sustentáveis e Resilientes,Mobilidade Urbana Sustentável,Renovação de Frota,FIN,FGTS,2025,RR,BOA VISTA,Norte,carta consulta 076/2025,Seleção Normal,0,12226500,12226500,selecionada,Setor Privado,Novo PAC - Seleção,"536, de 2025",https://www.in.gov.br/web/dou/-/portaria-mcid-n-536-de-29-de-maio-de-2025-633385086
S-2626,Cidades Sustentáveis e Resilientes,Mobilidade Urbana Sustentável,Renovação de Frota,FIN,FGTS,2025,PR,CURITIBA,Sul,carta consulta 080/2025,Seleção Normal,0,49280467.2,49280467.2,selecionada,Setor Privado,Novo PAC - Seleção,"565, de 2025",https://www.in.gov.br/web/dou/-/portaria-mcid-n-565-de-11-de-junho-de-2025-635987388
S-2627,Cidades Sustentáveis e Resilientes,Mobilidade Urbana Sustentável,Renovação de Frota,FIN,FGTS,2025,MG,BELO HORIZONTE,Sudeste,carta consulta 074/2025,Seleção Normal,0,16150000,16150000,selecionada,Setor Privado,Novo PAC - Seleção,"479, de 2025",https://www.in.gov.br/web/dou/-/portaria-mcid-n-479-de-19-de-maio-de-2025-632513635
S-2628,Cidades Sustentáveis e Resilientes,Mobilidade Urbana Sustentável,Renovação de Frota,FIN,FGTS,2025,GO,ABADIA DE GOIAS; ARAGOIANIA; APARECIDA DE GOIANIA; GOIANIA; HIDROLANDIA,Centro-Oeste,carta consulta 088/2025,Seleção Normal,0,112765000,112765000,selecionada,Setor Privado,Novo PAC - Seleção,"684, de 2025",https://www.in.gov.br/web/dou/-/portaria-mcid-n-684-de-8-de-julho-de-2025-641591753
S-2629,Cidades Sustentáveis e Resilientes,Mobilidade Urbana Sustentável,Renovação de Frota,FIN,FGTS,2025,MG,BELO HORIZONTE,Sudeste,carta consulta 091/2025,Seleção Normal,0,4770900,4770900,selecionada,Setor Privado,Novo PAC - Seleção,"675, de 2025",https://www.in.gov.br/web/dou/-/portaria-mcid-n-675-de-8-de-julho-de-2025-641576242
S-2630,Cidades Sustentáveis e Resilientes,Mobilidade Urbana Sustentável,Renovação de Frota,FIN,FGTS,2025,SC,CONCORDIA,Sul,carta consulta 095/2025,Seleção Normal,0,4750000,4750000,selecionada,Setor Privado,Novo PAC - Seleção,"673, de 2025",https://www.in.gov.br/web/dou/-/portaria-mcid-n-673-de-8-de-julho-de-2025-641515775
S-2631,Cidades Sustentáveis e Resilientes,Mobilidade Urbana Sustentável,Renovação de Frota,FIN,FGTS,2025,RJ,NITEROI E RIO DE JANEIRO,Sudeste,carta consulta 100/2025,Seleção Normal,0,9500000,9500000,selecionada,Setor Privado,Novo PAC - Seleção,"868, de 2025",https://www.in.gov.br/web/dou/-/portaria-mcid-n-868-de-30-de-julho-de-2025-645584134
S-2632,Cidades Sustentáveis e Resilientes,Mobilidade Urbana Sustentável,Renovação de Frota,FIN,FGTS,2025,BA,ILHEUS,Nordeste,carta consulta 104/2025,Seleção Normal,0,14667050,14667050,selecionada,Setor Privado,Novo PAC - Seleção,"971, de 2025",https://www.in.gov.br/web/dou/-/portaria-mcid-n-971-de-27-de-agosto-de-2025-651969658
S-2633,Cidades Sustentáveis e Resilientes,Mobilidade Urbana Sustentável,Renovação de Frota,FIN,FGTS,2025,RJ,NITEROI E SAO GONCALO,Sudeste,carta consulta 109/2025,Seleção Normal,0,9500000,9500000,selecionada,Setor Privado,Novo PAC - Seleção,"939, de 2025",https://www.in.gov.br/web/dou/-/portaria-mcid-n-939-de-25-de-agosto-de-2025-651090929
S-2634,Cidades Sustentáveis e Resilientes,Mobilidade Urbana Sustentável,Renovação de Frota,FIN,FGTS,2025,RJ,"SAO GONCALO, ITABORAI, RIO BONITO, CACHOEIRAS DE MACACU, TANGUA, RIO DE JANEIRO, SAQUAREMA, NITEROI, SILVA JARDIM E MARICA",Sudeste,carta consulta 114/2025,Seleção Normal,0,87400000,87400000,selecionada,Setor Privado,Novo PAC - Seleção,"945, de 2025",https://www.in.gov.br/web/dou/-/portaria-mcid-n-945-de-25-de-agosto-de-2025-651083081
S-2635,Cidades Sustentáveis e Resilientes,Mobilidade Urbana Sustentável,Renovação de Frota,FIN,FGTS,2025,RJ,SAO GONCALO E NITEROI,Sudeste,carta consulta 118/2025,Seleção Normal,0,26220000,26220000,selecionada,Setor Privado,Novo PAC - Seleção,"941, de 2025",https://www.in.gov.br/web/dou/-/portaria-mcid-n-941-de-25-de-agosto-de-2025-651088793
S-2636,Cidades Sustentáveis e Resilientes,Mobilidade Urbana Sustentável,Renovação de Frota,FIN,FGTS,2025,MG,BELO HORIZONTE,Sudeste,carta consulta 139/2025,Seleção Normal,0,15428000,15428000,selecionada,Setor Privado,Novo PAC - Seleção,"1.061, de 2025",https://www.in.gov.br/web/dou/-/portaria-mcid-n-1.061-de-12-de-setembro-de-2025-656573570
S-2637,Cidades Sustentáveis e Resilientes,Mobilidade Urbana Sustentável,Renovação de Frota,FIN,FGTS,2025,PE,"RECIFE, CAMARAGIBE E SAO LOURENCO DA MATA",Nordeste,carta consulta 122/2025,Seleção Normal,0,32338000,32338000,selecionada,Setor Privado,Novo PAC - Seleção,"947, de 2025",https://www.in.gov.br/web/dou/-/portaria-mcid-n-947-de-25-de-agosto-de-2025-651081115
S-2638,Cidades Sustentáveis e Resilientes,Mobilidade Urbana Sustentável,Renovação de Frota,FIN,FGTS,2025,RJ,RIO DE JANEIRO,Sudeste,﻿carta consulta 033/2025,Seleção Normal,0,11635600,11635600,selecionada,Setor Privado,Novo PAC - Seleção,"188, de 2025",https://www.in.gov.br/web/dou/-/portaria-mcid-n-187-de-25-de-fevereiro-de-2025-617982852
S-2639,Cidades Sustentáveis e Resilientes,Mobilidade Urbana Sustentável,Renovação de Frota,FIN,FGTS,2025,PB,"JOAO PESSOA, CONDE E CABEDELO",Nordeste,carta consulta 037/2025,Seleção Normal,0,23516300,23516300,selecionada,Setor Privado,Novo PAC - Seleção,"182, de 2025",https://www.in.gov.br/web/dou/-/portaria-mcid-n-182-de-25-de-fevereiro-de-2025-617972293
S-2640,Cidades Sustentáveis e Resilientes,Mobilidade Urbana Sustentável,Renovação de Frota,FIN,FGTS,2025,BA,SAO FRANCISCO DO CONDE,Nordeste,carta consulta 041/2025,Seleção Normal,0,15295000,15295000,selecionada,Setor Privado,Novo PAC - Seleção,"178, de 2025",https://www.in.gov.br/web/dou/-/portaria-mcid-n-178-de-25-de-fevereiro-de-2025-619295952
S-2641,Cidades Sustentáveis e Resilientes,Mobilidade Urbana Sustentável,Renovação de Frota,FIN,FGTS,2025,ES,"CARIACICA, FUNDAO, GUARAPARI, SERRA, VIANA, VILA VELHA, VITORIA",Sudeste,carta consulta 046/2025,Seleção Normal,0,32300000,32300000,selecionada,Setor Privado,Novo PAC - Seleção,"315, de 2025",https://www.in.gov.br/en/web/dou/-/portaria-mcid-n-315-de-27-marco-de-2025-620701500
S-2642,Cidades Sustentáveis e Resilientes,Mobilidade Urbana Sustentável,Renovação de Frota,FIN,FGTS,2025,SP,ITAQUAQUECETUBA,Sudeste,carta consulta 051/2025,Seleção Normal,0,22800000,22800000,selecionada,Setor Privado,Novo PAC - Seleção,"310, de 2025",https://www.in.gov.br/web/dou/-/portaria-mcid-n-310-de-27-de-marco-de-2025-620697078
S-2643,Cidades Sustentáveis e Resilientes,Mobilidade Urbana Sustentável,Renovação de Frota,FIN,FGTS,2025,PB,CAMPINA GRANDE,Nordeste,carta consulta 055/2025,Seleção Normal,0,13433000,13433000,selecionada,Setor Privado,Novo PAC - Seleção,"395, de 2025",https://www.in.gov.br/web/dou/-/portaria-mcid-n-395-de-17-de-abril-de-2025-626055013
S-2644,Cidades Sustentáveis e Resilientes,Mobilidade Urbana Sustentável,Renovação de Frota,FIN,FGTS,2025,SE,"ARACAJU, NOSSA SENHORA DO SOCORRO E BARRA DOS COQUEIROS",Nordeste,carta consulta 071/2025,Seleção Normal,0,192432000,192432000,selecionada,Setor Privado,Novo PAC - Seleção,"484, de 2025",https://www.in.gov.br/web/dou/-/portaria-mcid-n-484-de-19-de-maio-de-2025-632515989
S-2645,Cidades Sustentáveis e Resilientes,Mobilidade Urbana Sustentável,Renovação de Frota,FIN,FGTS,2025,MG,BELO HORIZONTE,Sudeste,carta consulta 059/2025,Seleção Normal,0,20282500,20282500,selecionada,Setor Privado,Novo PAC - Seleção,"448, de 2025",https://www.in.gov.br/web/dou/-/portaria-mcid-n-448-de-9-de-maio-de-2025-629499453
S-2646,Cidades Sustentáveis e Resilientes,Mobilidade Urbana Sustentável,Renovação de Frota,FIN,FGTS,2025,SP,ITAQUAQUECETUBA,Sudeste,carta consulta 063/2025,Seleção Normal,0,22800000,22800000,selecionada,Setor Privado,Novo PAC - Seleção,"454, de 2025",https://www.in.gov.br/web/dou/-/portaria-mcid-n-454-de-12-de-maio-de-2025-631040239
S-2647,Cidades Sustentáveis e Resilientes,Mobilidade Urbana Sustentável,Renovação de Frota,FIN,FGTS,2025,SP,CAIEIRAS,Sudeste,carta consulta 067/2025,Seleção Normal,0,17100000,17100000,selecionada,Setor Privado,Novo PAC - Seleção,"449, de 2025",https://www.in.gov.br/web/dou/-/portaria-mcid-n-449-de-9-de-maio-de-2025-629490874
S-2648,Cidades Sustentáveis e Resilientes,Mobilidade Urbana Sustentável,Renovação de Frota,FIN,FGTS,2025,MG,BELO HORIZONTE,Sudeste,carta consulta 070/2025,Seleção Normal,0,11827500,11827500,selecionada,Setor Privado,Novo PAC - Seleção,"485, de 2025",https://www.in.gov.br/web/dou/-/portaria-mcid-n-485-de-19-de-maio-de-2025-632516109
S-2649,Cidades Sustentáveis e Resilientes,Mobilidade Urbana Sustentável,Renovação de Frota,FIN,FGTS,2025,RJ,"CABO FRIO, ARMACAO DOS BUZIOS, UNAMAR, MACAE, RIO BONITO, BARRA DE SAO JOAO, IMBOASSICA, SANA, CASIMIRO DE ABREU, QUISSAMA, FAROL DE SAO TOME, CAMPOS, CARAPEBUS, PARQUE DE TUBOS",Sudeste,carta consulta 075/2025,Seleção Normal,0,21685517,21685517,selecionada,Setor Privado,Novo PAC - Seleção,"568, de 2025",https://www.in.gov.br/web/dou/-/portaria-mcid-n-568-de-11-de-junho-de-2025-635994167
S-2650,Cidades Sustentáveis e Resilientes,Mobilidade Urbana Sustentável,Renovação de Frota,FIN,FGTS,2025,PR,TOLEDO,Sul,carta consulta 079/2025,Seleção Normal,0,5346600,5346600,selecionada,Setor Privado,Novo PAC - Seleção,"569, de 2025",https://www.in.gov.br/web/dou/-/portaria-mcid-n-569-de-11-de-junho-de-2025-636016281
S-2651,Cidades Sustentáveis e Resilientes,Mobilidade Urbana Sustentável,Renovação de Frota,FIN,FGTS,2025,SP,GUARULHOS E SAO PAULO,Sudeste,carta consulta 083/2025,Seleção Normal,0,47500000,47500000,selecionada,Setor Privado,Novo PAC - Seleção,"580, de 2025",https://www.in.gov.br/web/dou/-/portaria-mcid-n-580-de-12-de-junho-de-2025-636865509
S-2652,Cidades Sustentáveis e Resilientes,Mobilidade Urbana Sustentável,Renovação de Frota,FIN,FGTS,2025,SP,MAUA,Sudeste,carta consulta 087/2025,Seleção Normal,0,71550000,71550000,selecionada,Setor Privado,Novo PAC - Seleção,"668, de 2025",https://www.in.gov.br/web/dou/-/portaria-mcid-n-668-de-7-de-julho-de-2025-641537016
S-2653,Cidades Sustentáveis e Resilientes,Mobilidade Urbana Sustentável,Renovação de Frota,FIN,FGTS,2025,AM,MANAUS,Norte,carta consulta 090/2025,Seleção Normal,0,19754300,19754300,selecionada,Setor Privado,Novo PAC - Seleção,"669, de 2025",https://www.in.gov.br/web/dou/-/portaria-mcid-n-669-de-7-de-julho-de-2025-641587749
S-2654,Cidades Sustentáveis e Resilientes,Mobilidade Urbana Sustentável,Renovação de Frota,FIN,FGTS,2025,PR,PARANAGUA,Sul,carta consulta 094/2025,Seleção Normal,0,49507418.4,49507418.4,selecionada,Setor Privado,Novo PAC - Seleção,"676, de 2025",https://www.in.gov.br/web/dou/-/portaria-mcid-n-676-de-8-de-julho-de-2025-641590231
S-2655,Cidades Sustentáveis e Resilientes,Mobilidade Urbana Sustentável,Renovação de Frota,FIN,FGTS,2025,MG,IBIRITE,Sudeste,carta consulta 098/2025,Seleção Normal,0,9690000,9690000,selecionada,Setor Privado,Novo PAC - Seleção,"839, de 2025",https://www.in.gov.br/web/dou/-/portaria-mcid-n-839-de-28-de-julho-de-2025-645270769
S-2656,Cidades Sustentáveis e Resilientes,Mobilidade Urbana Sustentável,Renovação de Frota,FIN,FGTS,2025,MG,CATAGUASES,Sudeste,carta consulta 103/2025,Seleção Normal,0,6935000,6935000,selecionada,Setor Privado,Novo PAC - Seleção,"878, de 2025",https://www.in.gov.br/en/web/dou/-/portaria-mcid-n-878-de-1-de-agosto-de-2025-646735108
S-2657,Cidades Sustentáveis e Resilientes,Mobilidade Urbana Sustentável,Renovação de Frota,FIN,FGTS,2025,PR,QUATRO BARRAS E CAMPINA GRANDE DO SUL,Sul,carta consulta 110/2025,Seleção Normal,0,5244000,5244000,selecionada,Setor Privado,Novo PAC - Seleção,"944, de 2025",https://www.in.gov.br/web/dou/-/portaria-mcid-n-944-de-25-de-agosto-de-2025-651095864
S-2658,Cidades Sustentáveis e Resilientes,Mobilidade Urbana Sustentável,Renovação de Frota,FIN,FGTS,2025,RJ,NITEROI,Sudeste,carta consulta 113/2025,Seleção Normal,0,9500000,9500000,selecionada,Setor Privado,Novo PAC - Seleção,"946, de 2025",https://www.in.gov.br/web/dou/-/portaria-mcid-n-946-de-25-de-agosto-de-2025-651089990
S-2659,Cidades Sustentáveis e Resilientes,Mobilidade Urbana Sustentável,Renovação de Frota,FIN,FGTS,2025,RJ,"SAO GONCALO, NITEROI E RIO DE JANEIRO",Sudeste,carta consulta 117/2025,Seleção Normal,0,52440000,52440000,selecionada,Setor Privado,Novo PAC - Seleção,"951, de 2025",https://www.in.gov.br/web/dou/-/portaria-mcid-n-951-de-25-de-agosto-de-2025-651087501
S-2660,Cidades Sustentáveis e Resilientes,Mobilidade Urbana Sustentável,Renovação de Frota,FIN,FGTS,2025,MG,CONTAGEM E BELO HORIZONTE,Sudeste,carta consulta 121/2025,Seleção Normal,0,5652500,5652500,selecionada,Setor Privado,Novo PAC - Seleção,"932, de 2025",https://www.in.gov.br/web/dou/-/portaria-mcid-n-932-de-25-de-agosto-de-2025-651090952
S-2661,Cidades Sustentáveis e Resilientes,Mobilidade Urbana Sustentável,Renovação de Frota,FIN,FGTS,2025,SP,SAO CAETANO DO SUL,Sudeste,carta consulta 066/2025,Seleção Normal,0,14999550,14999550,selecionada,Setor Privado,Novo PAC - Seleção,"451, de 2025",https://www.in.gov.br/web/dou/-/portaria-mcid-n-451-de-9-de-maio-de-2025-629494145
S-2662,Cidades Sustentáveis e Resilientes,Mobilidade Urbana Sustentável,Renovação de Frota,FIN,FGTS,2025,ES,"CARIACICA, FUNDAO, GUARAPARI, SERRA, VIANA, VILA VELHA, VITORIA",Sudeste,carta consulta 045/2025,Seleção Normal,0,19000000,19000000,selecionada,Setor Privado,Novo PAC - Seleção,"312, de 2025",https://www.in.gov.br/web/dou/-/portaria-mcid-n-312-de-27-marco-de-2025-620734711
S-2663,Cidades Sustentáveis e Resilientes,Mobilidade Urbana Sustentável,Renovação de Frota,FIN,FGTS,2025,PB,JOAO PESSOA,Nordeste,carta consulta 036/2025,Seleção Normal,0,14776300,14776300,selecionada,Setor Privado,Novo PAC - Seleção,"183, de 2025",https://www.in.gov.br/en/web/dou/-/portaria-mcid-n-183-de-25-de-fevereiro-de-2025-617975435
S-2664,Cidades Sustentáveis e Resilientes,Mobilidade Urbana Sustentável,Renovação de Frota,FIN,FGTS,2025,MG,NOVA LIMA,Sudeste,carta consulta 040/2025,Seleção Normal,0,15888750,15888750,selecionada,Setor Privado,Novo PAC - Seleção,"186, de 2025",https://www.in.gov.br/web/dou/-/portaria-mcid-n-186-de-25-de-fevereiro-de-2025-617972219
S-2665,Cidades Sustentáveis e Resilientes,Mobilidade Urbana Sustentável,Renovação de Frota,FIN,FGTS,2025,MG,VICOSA,Sudeste,carta consulta 200/2025,Seleção Normal,,7618050,7618050,selecionada,Setor Privado,Novo PAC - Seleção,"1.473, de 2025",https://www.in.gov.br/web/dou/-/portaria-mcid-n-1.473-de-19-de-dezembro-de-2025-677658605
S-2666,Cidades Sustentáveis e Resilientes,Mobilidade Urbana Sustentável,Renovação de Frota,FIN,FGTS,2025,RJ,NOVA IGUACU,Sudeste,carta consulta 044/2025,Seleção Normal,0,15371000,15371000,selecionada,Setor Privado,Novo PAC - Seleção,"220, de 2025",https://www.in.gov.br/en/web/dou/-/portaria-mcid-n-220-de-7-de-marco-de-2025-617980544
S-2667,Cidades Sustentáveis e Resilientes,Mobilidade Urbana Sustentável,Renovação de Frota,FIN,FGTS,2025,SC,JARAGUA DO SUL,Sul,carta consulta 050/2025,Seleção Normal,0,15000000,15000000,selecionada,Setor Privado,Novo PAC - Seleção,"311, de 2025",https://www.in.gov.br/web/dou/-/portaria-mcid-n-311-de-27-de-marco-de-2025-620735133
S-2668,Cidades Sustentáveis e Resilientes,Mobilidade Urbana Sustentável,Renovação de Frota,FIN,FGTS,2025,ES,"VILA VELHA, SERRA, VITORIA, CARIACICA E GUARAPARI",Sudeste,carta consulta 054/2025,Seleção Normal,0,26600000,26600000,selecionada,Setor Privado,Novo PAC - Seleção,"394, de 2025",https://www.in.gov.br/web/dou/-/portaria-mcid-n-394-de-17-de-abril-de-2025-626051221
S-2669,Cidades Sustentáveis e Resilientes,Mobilidade Urbana Sustentável,Renovação de Frota,FIN,FGTS,2025,AM,MANAUS,Norte,carta consulta 058/2025,Seleção Normal,0,8303000,8303000,selecionada,Setor Privado,Novo PAC - Seleção,"447, de 2025",https://www.in.gov.br/web/dou/-/portaria-mcid-n-447-de-9-de-maio-de-2025-629477363
S-2670,Cidades Sustentáveis e Resilientes,Mobilidade Urbana Sustentável,Renovação de Frota,FIN,FGTS,2025,PB,JOAO PESSOA,Nordeste,carta consulta 062/2025,Seleção Normal,0,5300000,5300000,selecionada,Setor Privado,Novo PAC - Seleção,"455, de 2025",https://www.in.gov.br/web/dou/-/portaria-mcid-n-455-de-12-de-maio-de-2025-632506541
S-2671,Cidades Sustentáveis e Resilientes,Mobilidade Urbana Sustentável,Renovação de Frota,FIN,FGTS,2025,RS,PORTO ALEGRE,Sul,carta consulta 078/2025,Seleção Normal,0,28500000,28500000,selecionada,Setor Privado,Novo PAC - Seleção,"571, de 2025",https://www.in.gov.br/web/dou/-/portaria-mcid-n-571-de-11-de-junho-de-2025-636014181
S-2672,Cidades Sustentáveis e Resilientes,Mobilidade Urbana Sustentável,Renovação de Frota,FIN,FGTS,2025,DF,"NUCLEO BANDEIRANTE, PLANO PILOTO, RECANTO DAS EMAS, RIACHO FUNDO, RIACHO FUNDO II, SAMAMBAIA, TAGUATINGA E CEILANDIA",Centro-Oeste,carta consulta 082/2025,Seleção Normal,0,152807264,152807264,selecionada,Setor Privado,Novo PAC - Seleção,"582, de 2025",https://www.in.gov.br/web/dou/-/portaria-mcid-n-582-de-12-de-junho-de-2025-636862215
S-2673,Cidades Sustentáveis e Resilientes,Mobilidade Urbana Sustentável,Renovação de Frota,FIN,FGTS,2025,MG,UBERLANDIA,Sudeste,carta consulta 086/2025,Seleção Normal,0,13559312,13559312,selecionada,Setor Privado,Novo PAC - Seleção,"586, de 2025",https://www.in.gov.br/web/dou/-/portaria-mcid-n-586-de-12-de-junho-de-2025-636854159
S-2674,Cidades Sustentáveis e Resilientes,Mobilidade Urbana Sustentável,Renovação de Frota,FIN,FGTS,2025,RS,CAXIAS DO SUL,Sul,carta consulta 107/2025,Seleção Normal,0,9097627.5,9097627.5,selecionada,Setor Privado,Novo PAC - Seleção,"938, de 2025",https://www.in.gov.br/web/dou/-/portaria-mcid-n-938-de-25-de-agosto-de-2025-651086773
S-2675,Cidades Sustentáveis e Resilientes,Mobilidade Urbana Sustentável,Renovação de Frota,FIN,FGTS,2025,RS,VIAMAO,Sul,carta consulta 093/2025,Seleção Normal,0,13569847.5,13569847.5,selecionada,Setor Privado,Novo PAC - Seleção,"664, de 2025",https://www.in.gov.br/web/dou/-/portaria-mcid-n-664-de-7-de-julho-de-2025-641574498
S-2676,Cidades Sustentáveis e Resilientes,Mobilidade Urbana Sustentável,Renovação de Frota,FIN,FGTS,2025,MG,SANTA LUZIA,Sudeste,carta consulta 097/2025,Seleção Normal,0,14326000,14326000,selecionada,Setor Privado,Novo PAC - Seleção,"838, de 2025",https://www.in.gov.br/web/dou/-/portaria-mcid-n-838-de-28-de-julho-de-2025-645252756
S-2677,Cidades Sustentáveis e Resilientes,Mobilidade Urbana Sustentável,Renovação de Frota,FIN,FGTS,2025,SP,"ARUJA, GUARULHOS E SAO PAULO",Sudeste,carta consulta 102/2025,Seleção Normal,0,39900000,39900000,selecionada,Setor Privado,Novo PAC - Seleção,"864, de 2025",https://www.in.gov.br/web/dou/-/portaria-mcid-n-864-de-30-de-julho-de-2025-645582507
S-2678,Cidades Sustentáveis e Resilientes,Mobilidade Urbana Sustentável,Renovação de Frota,FIN,FGTS,2025,SP,OSASCO,Sudeste,carta consulta 106/2025,Seleção Normal,0,7695000,7695000,selecionada,Setor Privado,Novo PAC - Seleção,"972, de 2025",https://www.in.gov.br/web/dou/-/portaria-mcid-n-972-de-27-de-agosto-de-2025-652031074
S-2679,Cidades Sustentáveis e Resilientes,Mobilidade Urbana Sustentável,Renovação de Frota,FIN,FGTS,2025,RJ,SAO GONCALO,Sudeste,carta consulta 112/2025,Seleção Normal,0,26220000,26220000,selecionada,Setor Privado,Novo PAC - Seleção,"948, de 2025",https://www.in.gov.br/web/dou/-/portaria-mcid-n-948-de-25-de-agosto-de-2025-651089832
S-2680,Cidades Sustentáveis e Resilientes,Mobilidade Urbana Sustentável,Renovação de Frota,FIN,FGTS,2025,RS,CACHOEIRINHA,Sul,carta consulta 116/2025,Seleção Normal,0,22800000,22800000,selecionada,Setor Privado,Novo PAC - Seleção,"942, de 2025",https://www.in.gov.br/web/dou/-/portaria-mcid-n-942-de-25-de-agosto-de-2025-651089911
S-2681,Cidades Sustentáveis e Resilientes,Mobilidade Urbana Sustentável,Renovação de Frota,FIN,FGTS,2025,MG,NOVA LIMA,Sudeste,carta consulta 120/2025,Seleção Normal,0,6895404,6895404,selecionada,Setor Privado,Novo PAC - Seleção,"970, de 2025",https://www.in.gov.br/web/dou/-/portaria-mcid-n-970-de-27-de-agosto-de-2025-652030995
S-2682,Cidades Sustentáveis e Resilientes,Mobilidade Urbana Sustentável,Renovação de Frota,FIN,FGTS,2025,RJ,"SAO GONCALO, NITEROI, RIO DE JANEIRO E MARICA",Sudeste,carta consulta 124/2025,Seleção Normal,0,43700000,43700000,selecionada,Setor Privado,Novo PAC - Seleção,"935, de 2025",https://www.in.gov.br/en/web/dou/-/portaria-mcid-n-935-de-25-de-agosto-de-2025-651098365
S-2683,Cidades Sustentáveis e Resilientes,Mobilidade Urbana Sustentável,Renovação de Frota,FIN,FGTS,2025,RS,PORTO ALEGRE,Sul,carta consulta 180/2025,Seleção Normal,,22184400,22184400,selecionada,Setor Privado,Novo PAC - Seleção,"1.328, de 2025",https://www.in.gov.br/web/dou/-/portaria-mcid-n-1.328-de-19-de-novembro-de-2025-670229202
S-2684,Cidades Sustentáveis e Resilientes,Mobilidade Urbana Sustentável,Renovação de Frota,FIN,FGTS,2025,SP,"EMBU DAS ARTES, TABOAO DA SERRA, SAO PAULO E OSASCO",Sudeste,carta consulta 186/2025,Seleção Normal,,24651531,24651531,selecionada,Setor Privado,Novo PAC - Seleção,"1.343, de 2025",https://www.in.gov.br/web/dou/-/portaria-mcid-n-1.343-de-24-de-novembro-de-2025-671021547
S-2685,Cidades Sustentáveis e Resilientes,Mobilidade Urbana Sustentável,Renovação de Frota,FIN,FGTS,2025,CE,FORTALEZA,Nordeste,carta consulta 190/2025,Seleção Normal,,9500000,9500000,selecionada,Setor Privado,Novo PAC - Seleção,"1.405, de 2025",https://www.in.gov.br/web/dou/-/portaria-mcid-n-1.405-de-5-de-dezembro-de-2025-673971121
S-2686,Cidades Sustentáveis e Resilientes,Mobilidade Urbana Sustentável,Renovação de Frota,FIN,FGTS,2025,RJ,PETROPOLIS,Sudeste,carta consulta 194/2025,Seleção Normal,,23940000,23940000,selecionada,Setor Privado,Novo PAC - Seleção,"1.429, de 2025",https://www.in.gov.br/web/dou/-/portaria-mcid-n-1.429-de-11-de-dezembro-de-2025-677652369
S-2687,Cidades Sustentáveis e Resilientes,Mobilidade Urbana Sustentável,Renovação de Frota,FIN,FGTS,2025,SP,GUARULHOS E SAO PAULO,Sudeste,carta consulta 198/2025,Seleção Normal,,46883545,46883545,selecionada,Setor Privado,Novo PAC - Seleção,"1.401, de 2025",https://www.in.gov.br/en/web/dou/-/portaria-mcid-n-1.401-de-5-de-dezembro-de-2025-673972074
S-2688,Cidades Sustentáveis e Resilientes,Mobilidade Urbana Sustentável,Renovação de Frota,FIN,FGTS,2025,RS,PORTO ALEGRE,Sul,carta consulta 193/2025,Seleção Normal,,33276600,33276600,selecionada,Setor Privado,Novo PAC - Seleção,"1.472, de 2025",https://www.in.gov.br/web/dou/-/portaria-mcid-n-1.472-de-19-de-dezembro-de-2025-677648319
S-2689,Cidades Sustentáveis e Resilientes,Mobilidade Urbana Sustentável,Renovação de Frota,FIN,FGTS,2025,CE,FORTALEZA,Nordeste,carta consulta 154/2025,Seleção Normal,,18050000,18050000,selecionada,Setor Privado,Novo PAC - Seleção,"1.173, de 2025",https://www.in.gov.br/web/dou/-/portaria-mcid-n-1.173-de-7-de-outubro-de-2025-661317190
S-2690,Cidades Sustentáveis e Resilientes,Mobilidade Urbana Sustentável,Renovação de Frota,FIN,FGTS,2025,MG,UBERLANDIA,Sudeste,carta consulta 158/2025,Seleção Normal,,1996615,1996615,selecionada,Setor Privado,Novo PAC - Seleção,"1.172, de 2025",https://www.in.gov.br/web/dou/-/portaria-mcid-n-1.172-de-7-de-outubro-de-2025-661320192
S-2691,Cidades Sustentáveis e Resilientes,Mobilidade Urbana Sustentável,Renovação de Frota,FIN,FGTS,2025,SP,CARAPICUIBA,Sudeste,carta consulta 170/2025,Seleção Normal,,28500000,28500000,selecionada,Setor Privado,Novo PAC - Seleção,"1.315, de 2025",https://www.in.gov.br/web/dou/-/portaria-mcid-n-1.315-de-14-de-novembro-de-2025-669558559
S-2692,Cidades Sustentáveis e Resilientes,Mobilidade Urbana Sustentável,Renovação de Frota,FIN,FGTS,2025,MG,BELO HORIZONTE,Sudeste,carta consulta 162/2025,Seleção Normal,,8151000,8151000,selecionada,Setor Privado,Novo PAC - Seleção,"1.270, de 2025",https://www.in.gov.br/en/web/dou/-/portaria-mcid-n-1.270-de-3-de-novembro-de-2025-667103165
S-2693,Cidades Sustentáveis e Resilientes,Mobilidade Urbana Sustentável,Renovação de Frota,FIN,FGTS,2025,SC,FLORIANOPOLIS,Sul,carta consulta 166/2025,Seleção Normal,,4132500,4132500,selecionada,Setor Privado,Novo PAC - Seleção,"1.265, de 2025",https://www.in.gov.br/web/dou/-/portaria-mcid-n-1.265-de-3-de-novembro-de-2025-667113492
S-2694,Cidades Sustentáveis e Resilientes,Mobilidade Urbana Sustentável,Renovação de Frota,FIN,FGTS,2025,CE,"MARACANAU,
MARANGUAPE,
PACATUBA E
REDENCAO",Nordeste,carta consulta 181/2025,Seleção Normal,,9025000,9025000,selecionada,Setor Privado,Novo PAC - Seleção,"1.332, de 2025",https://www.in.gov.br/web/dou/-/portaria-mcid-n-1.332-de-19-de-novembro-de-2025-670223166
S-2695,Cidades Sustentáveis e Resilientes,Mobilidade Urbana Sustentável,Renovação de Frota,FIN,FGTS,2025,RJ,NITEROI,Sudeste,carta consulta 131/2025,Seleção Normal,0,50350000,50350000,selecionada,Setor Privado,Novo PAC - Seleção,"1.048, de 2025",https://www.in.gov.br/web/dou/-/portaria-mcid-n-1.048-de-12-de-setembro-de-2025-656486116
S-2696,Cidades Sustentáveis e Resilientes,Mobilidade Urbana Sustentável,Renovação de Frota,FIN,FGTS,2025,MG,"MATOZINHOS, CAPIM BRANCO E PEDRO LEOPOLDO",Sudeste,carta consulta 135/2025,Seleção Normal,0,4027848,4027848,selecionada,Setor Privado,Novo PAC - Seleção,"1.058, de 2025",https://www.in.gov.br/web/dou/-/portaria-mcid-n-1.058-de-12-de-setembro-de-2025-656479618
S-2697,Cidades Sustentáveis e Resilientes,Mobilidade Urbana Sustentável,Renovação de Frota,FIN,FGTS,2025,SP,ARARAQUARA,Sudeste,carta consulta 147/2025,Seleção Normal,0,9001250,9001250,selecionada,Setor Privado,Novo PAC - Seleção,"1.110, de 2025",https://www.in.gov.br/web/dou/-/portaria-mcid-n-1.110-de-26-de-setembro-de-2025-659322642
S-2698,Cidades Sustentáveis e Resilientes,Mobilidade Urbana Sustentável,Renovação de Frota,FIN,FGTS,2025,SP,OSASCO,Sudeste,carta consulta 151/2025,Seleção Normal,0,51300000,51300000,selecionada,Setor Privado,Novo PAC - Seleção,"1.108, de 2025",https://www.in.gov.br/web/dou/-/portaria-mcid-n-1.108-de-26-de-setembro-de-2025-659328448
S-2699,Cidades Sustentáveis e Resilientes,Mobilidade Urbana Sustentável,Renovação de Frota,FIN,FGTS,2025,GO,AGUAS LINDAS DE GOIAS,Centro-Oeste,carta consulta 185/2025,Seleção Normal,,42750000,42750000,selecionada,Setor Privado,Novo PAC - Seleção,"1.307, de 2025",https://www.in.gov.br/web/dou/-/portaria-mcid-n-1.307-de-13-de-novembro-de-2025-669532431
S-2700,Cidades Sustentáveis e Resilientes,Mobilidade Urbana Sustentável,Renovação de Frota,FIN,FGTS,2025,PR,CURITIBA,Sul,carta consulta 189/2025,Seleção Normal,,12977000,12977000,selecionada,Setor Privado,Novo PAC - Seleção,"1.404, de 2025",https://www.in.gov.br/en/web/dou/-/portaria-mcid-n-1.404-de-5-de-dezembro-de-2025-673961921
S-2701,Cidades Sustentáveis e Resilientes,Mobilidade Urbana Sustentável,Renovação de Frota,FIN,FGTS,2025,RO,PORTO VELHO,Norte,carta consulta 159/2025,Seleção Normal,,47025000,47025000,selecionada,Setor Privado,Novo PAC - Seleção,"1.213, de 2025",https://www.in.gov.br/en/web/dou/-/portaria-mcid-n-1.213-de-20-de-outubro-de-2025-664863225
S-2702,Cidades Sustentáveis e Resilientes,Mobilidade Urbana Sustentável,Renovação de Frota,FIN,FGTS,2025,SP,"SANTO ANDRE, SAO BERNARDO DO CAMPO, DIADEMA E SAO PAULO",Sudeste,carta consulta 163/2025,Seleção Normal,,76000000,76000000,selecionada,Setor Privado,Novo PAC - Seleção,"1.267, de 2025",https://www.in.gov.br/en/web/dou/-/portaria-mcid-n-1.267-de-3-de-novembro-de-2025-667084522
S-2703,Cidades Sustentáveis e Resilientes,Mobilidade Urbana Sustentável,Renovação de Frota,FIN,FGTS,2025,SP,ITAPECERICA DA SERRA E SAO PAULO,Sudeste,carta consulta 167/2025,Seleção Normal,,16149354,16149354,selecionada,Setor Privado,Novo PAC - Seleção,"1.316, de 2025",https://www.in.gov.br/web/dou/-/portaria-mcid-n-1.316-de-14-de-novembro-de-2025-669545841
S-2704,Cidades Sustentáveis e Resilientes,Mobilidade Urbana Sustentável,Renovação de Frota,FIN,FGTS,2025,SP,"MOGI DAS CRUZES, GUARAREMA, ARUJA, SANTA ISABEL, IGARATA, JACAREI, SAO JOSE DOS CAMPOS E CACAPAVA",Sudeste,carta consulta 197/2025,Seleção Normal,,13433000,13433000,selecionada,Setor Privado,Novo PAC - Seleção,"1.406, de 2025",https://www.in.gov.br/web/dou/-/portaria-mcid-n-1.406-de-5-de-dezembro-de-2025-673949151
S-2705,Cidades Sustentáveis e Resilientes,Mobilidade Urbana Sustentável,Renovação de Frota,FIN,FGTS,2025,MT,CUIABA,Centro-Oeste,carta consulta 153/2025,Seleção Normal,,17480000,17480000,selecionada,Setor Privado,Novo PAC - Seleção,"1.171, de 2025",https://www.in.gov.br/web/dou/-/portaria-mcid-n-1.171-de-7-de-outubro-de-2025-661330237
S-2706,Cidades Sustentáveis e Resilientes,Mobilidade Urbana Sustentável,Renovação de Frota,FIN,FGTS,2025,CE,FORTALEZA,Nordeste,carta consulta 157/2025,Seleção Normal,,21375000,21375000,selecionada,Setor Privado,Novo PAC - Seleção,"1.168, de 2025",https://www.in.gov.br/web/dou/-/portaria-mcid-n-1.168-de-7-de-outubro-de-2025-661328627
S-2707,Cidades Sustentáveis e Resilientes,Mobilidade Urbana Sustentável,Renovação de Frota,FIN,FGTS,2025,RS,RIO GRANDE,Sul,carta consulta 161/2025,Seleção Normal,,4750000,4750000,selecionada,Setor Privado,Novo PAC - Seleção,"1.268, de 2025",https://www.in.gov.br/en/web/dou/-/portaria-mcid-n-1.268-de-3-de-novembro-de-2025-667086411
S-2708,Cidades Sustentáveis e Resilientes,Mobilidade Urbana Sustentável,Renovação de Frota,FIN,FGTS,2025,RS,ESTEIO,Sul,carta consulta 165/2025,Seleção Normal,,4180000,4180000,selecionada,Setor Privado,Novo PAC - Seleção,"1.214, de 2025",https://www.in.gov.br/en/web/dou/-/portaria-mcid-n-1.214-de-20-de-outubro-de-2025-668943061
S-2709,Cidades Sustentáveis e Resilientes,Mobilidade Urbana Sustentável,Renovação de Frota,FIN,FGTS,2025,MG,CONTAGEM E BELO HORIZONTE,Sudeste,carta consulta 169/2025,Seleção Normal,,3800000,3800000,selecionada,Setor Privado,Novo PAC - Seleção,"1.334, de 2025",https://www.in.gov.br/web/dou/-/portaria-mcid-n-1.334-de-19-de-novembro-de-2025-670220620
S-2710,Cidades Sustentáveis e Resilientes,Mobilidade Urbana Sustentável,Renovação de Frota,FIN,FGTS,2025,MG,BELO HORIZONTE,Sudeste,carta consulta 183/2025,Seleção Normal,,9500000,9500000,selecionada,Setor Privado,Novo PAC - Seleção,"1.330, de 2025",https://www.in.gov.br/web/dou/-/portaria-mcid-n-1.330-de-19-de-novembro-de-2025-670240701
S-2711,Cidades Sustentáveis e Resilientes,Mobilidade Urbana Sustentável,Renovação de Frota,FIN,FGTS,2025,SP,PINDAMONHANGABA,Sudeste,carta consulta 187/2025,Seleção Normal,,16150000,16150000,selecionada,Setor Privado,Novo PAC - Seleção,"1.345, de 2025",https://www.in.gov.br/web/dou/-/portaria-mcid-n-1.345-de-24-de-novembro-de-2025-671029840
S-2712,Cidades Sustentáveis e Resilientes,Mobilidade Urbana Sustentável,Renovação de Frota,FIN,FGTS,2025,ES,COLATINA,Sudeste,carta consulta 191/2025,Seleção Normal,,6346000,6346000,selecionada,Setor Privado,Novo PAC - Seleção,"1.423, de 2025",https://www.in.gov.br/web/dou/-/portaria-mcid-n-1.423-de-9-de-dezembro-de-2025-674786796
S-2713,Cidades Sustentáveis e Resilientes,Mobilidade Urbana Sustentável,Renovação de Frota,FIN,FGTS,2025,SP,GUARULHOS,Sudeste,carta consulta 195/2025,Seleção Normal,,54515750,54515750,selecionada,Setor Privado,Novo PAC - Seleção,"1.403, de 2025",https://www.in.gov.br/web/dou/-/portaria-mcid-n-1.403-de-5-de-dezembro-de-2025-673959821
S-2714,Cidades Sustentáveis e Resilientes,Mobilidade Urbana Sustentável,Renovação de Frota,FIN,FGTS,2025,CE,FORTALEZA,Nordeste,carta consulta 150/2025,Seleção Normal,0,10260000,10260000,selecionada,Setor Privado,Novo PAC - Seleção,"1.105, de 2025",https://www.in.gov.br/web/dou/-/portaria-mcid-n-1.105-de-26-de-setembro-de-2025-659319570
S-2715,Cidades Sustentáveis e Resilientes,Mobilidade Urbana Sustentável,Renovação de Frota,FIN,FGTS,2025,MG,BELO HORIZONTE,Sudeste,carta consulta 137/2025,Seleção Normal,0,20391750,20391750,selecionada,Setor Privado,Novo PAC - Seleção,"1.055, de 2025",https://www.in.gov.br/web/dou/-/portaria-mcid-n-1.055-de-12-de-setembro-de-2025-656578910
S-2716,Cidades Sustentáveis e Resilientes,Mobilidade Urbana Sustentável,Renovação de Frota,FIN,FGTS,2025,SP,"ARARAQUARA, AMERICO BRASILIENSE E MATAO",Sudeste,carta consulta 141/2025,Seleção Normal,0,18002500,18002500,selecionada,Setor Privado,Novo PAC - Seleção,"1.116, de 2025",https://www.in.gov.br/web/dou/-/portaria-mcid-n-1.116-de-26-de-setembro-de-2025-659305972
S-2717,Cidades Sustentáveis e Resilientes,Mobilidade Urbana Sustentável,Renovação de Frota,FIN,FGTS,2025,MG,BELO HORIZONTE,Sudeste,carta consulta 145/2025,Seleção Normal,0,14349750,14349750,selecionada,Setor Privado,Novo PAC - Seleção,"1.114, de 2025",https://www.in.gov.br/web/dou/-/portaria-mcid-n-1.114-de-26-de-setembro-de-2025-659621531
S-2718,Cidades Sustentáveis e Resilientes,Mobilidade Urbana Sustentável,Renovação de Frota,FIN,FGTS,2025,SP,JABOTICABAL,Sudeste,carta consulta 149/2025,Seleção Normal,0,5400750,5400750,selecionada,Setor Privado,Novo PAC - Seleção,"1.107, de 2025",https://www.in.gov.br/web/dou/-/portaria-mcid-n-1.107-de-26-de-setembro-de-2025-659316019
S-2719,Cidades Sustentáveis e Resilientes,Mobilidade Urbana Sustentável,Renovação de Frota,FIN,FGTS,2025,MG,"SAO JOSE DA LAPA, PEDRO LEOPOLDO E BELO HORIZONTE",Sudeste,carta consulta 144/2025,Seleção Normal,0,13300000,13300000,selecionada,Setor Privado,Novo PAC - Seleção,"1.113, de 2025",https://www.in.gov.br/web/dou/-/portaria-mcid-n-1.113-de-26-de-setembro-de-2025-659323276
S-2720,Cidades Sustentáveis e Resilientes,Mobilidade Urbana Sustentável,Renovação de Frota,FIN,FGTS,2025,CE,FORTALEZA,Nordeste,carta consulta 148/2025,Seleção Normal,0,34200000,34200000,selecionada,Setor Privado,Novo PAC - Seleção,"1.111, de 2025",https://www.in.gov.br/web/dou/-/portaria-mcid-n-1.111-de-26-de-setembro-de-2025-659318098
S-2721,Cidades Sustentáveis e Resilientes,Periferia Viva,Regularização Fundiária,OGU,OGU,2024,MG,SANTANA DO PARAISO,Sudeste,"56000000416/2023",Seleção Normal,1044000,0,1044000,selecionada,,Novo PAC - Seleção,"450, de 2024",https://www.in.gov.br/web/dou/-/portaria-mcid-n-450-de-7-de-maio-de-2024-558553649
M-1,Cidades Sustentáveis e Resilientes,Urbanização de Favelas,Urbanização de Favelas,OGU,OGU,2023,CE,FORTALEZA,Nordeste,"021872347",Seleção Normal,0,0,0,selecionada,,Novo PAC - Retomada,"",
M-2,Cidades Sustentáveis e Resilientes,Urbanização de Favelas,Urbanização de Favelas,OGU,OGU,2023,MG,DIVINOPOLIS,Sudeste,"022353906",Seleção Normal,0,0,0,selecionada,,Novo PAC - Retomada,"",
M-3,Cidades Sustentáveis e Resilientes,Urbanização de Favelas,Urbanização de Favelas,OGU,OGU,2023,PB,CAMPINA GRANDE,Nordeste,"022291656",Seleção Normal,0,0,0,selecionada,,Novo PAC - Retomada,"",
M-4,Cidades Sustentáveis e Resilientes,Urbanização de Favelas,Urbanização de Favelas,OGU,OGU,2023,RS,RIO GRANDE,Sul,"022752641",Seleção Normal,0,0,0,selecionada,,Novo PAC - Retomada,"",
M-5,Cidades Sustentáveis e Resilientes,Urbanização de Favelas,Urbanização de Favelas,OGU,OGU,2023,SP,SANTOS,Sudeste,"021884174",Seleção Normal,31832117.16,0,31832117.16,selecionada,,Novo PAC - Retomada,"",
M-6,Cidades Sustentáveis e Resilientes,Urbanização de Favelas,Urbanização de Favelas,OGU,OGU,2023,AP,MACAPA,Norte,"025115121",Seleção Normal,1644576,0,1644576,selecionada,,Novo PAC - Retomada,"",
M-7,Cidades Sustentáveis e Resilientes,Urbanização de Favelas,Urbanização de Favelas,OGU,OGU,2023,BA,SALVADOR,Nordeste,"030151369",Seleção Normal,7160728.35,0,7160728.35,selecionada,,Novo PAC - Retomada,"",
M-8,Cidades Sustentáveis e Resilientes,Urbanização de Favelas,Urbanização de Favelas,OGU,OGU,2023,PB,JOAO PESSOA,Nordeste,"030154219",Seleção Normal,1095028.93,0,1095028.93,selecionada,,Novo PAC - Retomada,"",
M-9,Cidades Sustentáveis e Resilientes,Urbanização de Favelas,Urbanização de Favelas,OGU,OGU,2023,SP,MAUA,Sudeste,"030257198",Seleção Normal,16054466.59,0,16054466.59,selecionada,,Novo PAC - Retomada,"",
M-10,Cidades Sustentáveis e Resilientes,Urbanização de Favelas,Urbanização de Favelas,OGU,OGU,2023,MT,ALTO TAQUARI,Centro-Oeste,"035233689",Seleção Normal,741319.73,0,741319.73,selecionada,,Novo PAC - Retomada,"",
M-11,Cidades Sustentáveis e Resilientes,Urbanização de Favelas,Urbanização de Favelas,OGU,OGU,2023,BA,MATA DE SAO JOAO,Nordeste,"035276810",Seleção Normal,1898013.63,0,1898013.63,selecionada,,Novo PAC - Retomada,"",
M-12,Cidades Sustentáveis e Resilientes,Urbanização de Favelas,Urbanização de Favelas,OGU,OGU,2023,ES,SAO MATEUS,Sudeste,"035271134",Seleção Normal,0,0,0,selecionada,,Novo PAC - Retomada,"",
M-13,Cidades Sustentáveis e Resilientes,Urbanização de Favelas,Urbanização de Favelas,OGU,OGU,2023,MG,RIBEIRAO DAS NEVES,Sudeste,"035264303",Seleção Normal,35711853,0,35711853,selecionada,,Novo PAC - Retomada,"",
M-14,Cidades Sustentáveis e Resilientes,Urbanização de Favelas,Urbanização de Favelas,OGU,OGU,2023,PB,JOAO PESSOA,Nordeste,"035276693",Seleção Normal,24032548.28,0,24032548.28,selecionada,,Novo PAC - Retomada,"",
M-15,Cidades Sustentáveis e Resilientes,Urbanização de Favelas,Urbanização de Favelas,OGU,OGU,2023,RS,SAO LEOPOLDO,Sul,"035266793",Seleção Normal,5744359.84,0,5744359.84,selecionada,,Novo PAC - Retomada,"",
M-16,Cidades Sustentáveis e Resilientes,Urbanização de Favelas,Urbanização de Favelas,OGU,OGU,2023,SP,OSASCO,Sudeste,"035305404",Seleção Normal,12050159.5,0,12050159.5,selecionada,,Novo PAC - Retomada,"",
M-17,Cidades Sustentáveis e Resilientes,Urbanização de Favelas,Urbanização de Favelas,OGU,OGU,2023,SP,MAUA,Sudeste,"042646539",Seleção Normal,65496607.89,0,65496607.89,selecionada,,Novo PAC - Retomada,"",
M-18,Água Para Todos,Abastecimento de Água,Abastecimento de Água - Urbano,FIN,FIN: BNDES,2023,BA,AMELIA RODRIGUES,Nordeste,"12205251002",Seleção Normal,0,0,0,selecionada,,Novo PAC - Retomada,"",
M-19,Água Para Todos,Abastecimento de Água,Abastecimento de Água - Urbano,FIN,FIN: FGTS,2023,SP,SAO PAULO,Sudeste,"041062298",Seleção Normal,0,10261473.73,10261473.73,selecionada,,Novo PAC - Retomada,"",
M-20,Água Para Todos,Abastecimento de Água,Abastecimento de Água - Urbano,FIN,FIN: BNDES,2023,PR,UNIAO DA VITORIA,Sul,"14205371007",Seleção Normal,0,2590195.74,2590195.74,selecionada,,Novo PAC - Retomada,"",
M-21,Água Para Todos,Abastecimento de Água,Abastecimento de Água - Urbano,FIN,FIN: FGTS,2023,MS,TRES LAGOAS,Centro-Oeste,"042631736",Seleção Normal,0,2930978.92,2930978.92,selecionada,,Novo PAC - Retomada,"",
M-22,Água Para Todos,Abastecimento de Água,Abastecimento de Água - Urbano,FIN,FIN: FGTS,2023,MG,NOVA RESENDE,Sudeste,"050643572",Seleção Normal,0,3335980.5,3335980.5,selecionada,,Novo PAC - Retomada,"",
M-23,Água Para Todos,Abastecimento de Água,Abastecimento de Água - Urbano,FIN,FIN: FGTS,2023,SP,SOROCABA,Sudeste,"050527301",Seleção Normal,0,21656349,21656349,selecionada,,Novo PAC - Retomada,"",
M-24,Cidades Sustentáveis e Resilientes,Esgotamento Sanitário,Esgotamento Sanitário,OGU,OGU,2023,SP,AMERICANA,Sudeste,"040870447",Seleção Normal,7183870.47,0,7183870.47,selecionada,,Novo PAC - Retomada,"",
M-25,Cidades Sustentáveis e Resilientes,Esgotamento Sanitário,Esgotamento Sanitário,OGU,OGU,2023,SP,CARAPICUIBA,Sudeste,"042631286",Seleção Normal,23848909.05,0,23848909.05,selecionada,,Novo PAC - Retomada,"",
M-26,Água Para Todos,Abastecimento de Água,Abastecimento de Água - Urbano,FIN,FIN: FGTS,2023,SP,PEDREIRA,Sudeste,"050507720",Seleção Normal,0,1621462.07,1621462.07,selecionada,,Novo PAC - Retomada,"",
M-27,Água Para Todos,Abastecimento de Água,Abastecimento de Água - Urbano,FIN,FIN: FGTS,2023,MG,UBERABA,Sudeste,"052284018",Seleção Normal,0,16563287.8,16563287.8,selecionada,,Novo PAC - Retomada,"",
M-28,Água Para Todos,Abastecimento de Água,Abastecimento de Água - Urbano,FIN,FIN: FGTS,2023,CE,CAUCAIA,Nordeste,"052065319",Seleção Normal,0,14393944.22,14393944.22,selecionada,,Novo PAC - Retomada,"",
M-29,Água Para Todos,Abastecimento de Água,Abastecimento de Água - Urbano,FIN,FIN: FGTS,2023,SP,RIBEIRAO PRETO,Sudeste,"052052558",Seleção Normal,0,97570859.64,97570859.64,selecionada,,Novo PAC - Retomada,"",
M-30,Água Para Todos,Abastecimento de Água,Abastecimento de Água - Urbano,FIN,FIN: FGTS,2023,SP,JUNDIAI,Sudeste,"052030152",Seleção Normal,0,12155873.71,12155873.71,selecionada,,Novo PAC - Retomada,"",
M-31,Água Para Todos,Abastecimento de Água,Abastecimento de Água - Urbano,FIN,FIN: FGTS,2023,SP,SUMARE,Sudeste,"060417386",Seleção Normal,0,136009869.46,136009869.46,selecionada,,Novo PAC - Retomada,"",
M-32,Água Para Todos,Abastecimento de Água,Abastecimento de Água - Urbano,OGU,OGU,2023,PA,ANANINDEUA,Norte,"035082019",Seleção Normal,4375172.09,0,4375172.09,selecionada,,Novo PAC - Retomada,"",
M-33,Água Para Todos,Abastecimento de Água,Abastecimento de Água - Urbano,OGU,OGU,2023,MG,MONTES CLAROS,Sudeste,"039492604",Seleção Normal,9269892.57,0,9269892.57,selecionada,,Novo PAC - Retomada,"",
M-34,Água Para Todos,Abastecimento de Água,Abastecimento de Água - Urbano,OGU,OGU,2023,CE,CAMOCIM,Nordeste,"042437370",Seleção Normal,3798466.12,0,3798466.12,selecionada,,Novo PAC - Retomada,"",
M-35,Água Para Todos,Abastecimento de Água,Abastecimento de Água - Urbano,OGU,OGU,2023,GO,GOIANIA,Centro-Oeste,"035078810",Seleção Normal,52099484.16,0,52099484.16,selecionada,,Novo PAC - Retomada,"",
M-36,Cidades Sustentáveis e Resilientes,Esgotamento Sanitário,Esgotamento Sanitário,OGU,OGU,2023,RN,NATAL,Nordeste,"022498423",Seleção Normal,28261326.81,0,28261326.81,selecionada,,Novo PAC - Retomada,"",
M-37,Cidades Sustentáveis e Resilientes,Esgotamento Sanitário,Esgotamento Sanitário,OGU,OGU,2023,MG,LEOPOLDINA,Sudeste,"042442713",Seleção Normal,6121826.35,0,6121826.35,selecionada,,Novo PAC - Retomada,"",
M-38,Cidades Sustentáveis e Resilientes,Esgotamento Sanitário,Esgotamento Sanitário,OGU,OGU,2023,MG,LEOPOLDINA,Sudeste,"035094409",Seleção Normal,23753348.02,0,23753348.02,selecionada,,Novo PAC - Retomada,"",
M-39,Água Para Todos,Abastecimento de Água,Abastecimento de Água - Urbano,OGU,OGU,2023,PA,ORIXIMINA,Norte,"023779401",Seleção Normal,1348381.25,0,1348381.25,selecionada,,Novo PAC - Retomada,"",
M-40,Água Para Todos,Abastecimento de Água,Abastecimento de Água - Urbano,OGU,OGU,2023,RN,PARNAMIRIM,Nordeste,"021811368",Seleção Normal,0,0,0,selecionada,,Novo PAC - Retomada,"",
M-41,Água Para Todos,Abastecimento de Água,Abastecimento de Água - Urbano,OGU,OGU,2023,MT,RONDONOPOLIS,Centro-Oeste,"035080748",Seleção Normal,779506.34,0,779506.34,selecionada,,Novo PAC - Retomada,"",
M-42,Água Para Todos,Abastecimento de Água,Abastecimento de Água - Urbano,OGU,OGU,2023,MA,CHAPADINHA,Nordeste,"039493283",Seleção Normal,567334.17,0,567334.17,selecionada,,Novo PAC - Retomada,"",
M-43,Cidades Sustentáveis e Resilientes,Urbanização de Favelas,Urbanização de Favelas,OGU,OGU,2023,SC,SAO JOSE,Sul,"022435172",Seleção Normal,820012.09,0,820012.09,selecionada,,Novo PAC - Retomada,"",
M-44,Água Para Todos,Abastecimento de Água,Abastecimento de Água - Urbano,OGU,OGU,2023,BA,SIMOES FILHO,Nordeste,"040865440",Seleção Normal,20099000.63,0,20099000.63,selecionada,,Novo PAC - Retomada,"",
M-45,Água Para Todos,Abastecimento de Água,Abastecimento de Água - Urbano,OGU,OGU,2023,BA,SALVADOR,Nordeste,"035077126",Seleção Normal,23827882.26,0,23827882.26,selecionada,,Novo PAC - Retomada,"",
M-46,Água Para Todos,Abastecimento de Água,Abastecimento de Água - Urbano,OGU,OGU,2023,MT,VARZEA GRANDE,Centro-Oeste,"040867044",Seleção Normal,77306779.24,0,77306779.24,selecionada,,Novo PAC - Retomada,"",
M-47,Água Para Todos,Abastecimento de Água,Abastecimento de Água - Urbano,OGU,OGU,2023,PB,JOAO PESSOA,Nordeste,"035080853",Seleção Normal,11322451.92,0,11322451.92,selecionada,,Novo PAC - Retomada,"",
M-48,Água Para Todos,Abastecimento de Água,Abastecimento de Água - Urbano,OGU,OGU,2023,GO,APARECIDA DE GOIANIA,Centro-Oeste,"035173828",Seleção Normal,3935147.83,0,3935147.83,selecionada,,Novo PAC - Retomada,"",
M-49,Água Para Todos,Abastecimento de Água,Abastecimento de Água - Urbano,OGU,OGU,2023,RN,CEARA-MIRIM,Nordeste,"035083034",Seleção Normal,3634479.67,0,3634479.67,selecionada,,Novo PAC - Retomada,"",
M-50,Água Para Todos,Abastecimento de Água,Abastecimento de Água - Urbano,OGU,OGU,2023,RN,MOSSORO,Nordeste,"029677516",Seleção Normal,9122664.16,0,9122664.16,selecionada,,Novo PAC - Retomada,"",
M-51,Água Para Todos,Abastecimento de Água,Abastecimento de Água - Urbano,OGU,OGU,2023,MA,SAO LUIS,Nordeste,"022656272",Seleção Normal,8017052.85,0,8017052.85,selecionada,,Novo PAC - Retomada,"",
M-52,Água Para Todos,Abastecimento de Água,Abastecimento de Água - Urbano,OGU,OGU,2023,BA,LUIS EDUARDO MAGALHAES,Nordeste,"042436469",Seleção Normal,14737287.17,0,14737287.17,selecionada,,Novo PAC - Retomada,"",
M-53,Água Para Todos,Abastecimento de Água,Abastecimento de Água - Urbano,OGU,OGU,2023,PA,SANTAREM,Norte,"035080415",Seleção Normal,18768313.53,0,18768313.53,selecionada,,Novo PAC - Retomada,"",
M-54,Água Para Todos,Abastecimento de Água,Abastecimento de Água - Urbano,FIN,FIN: FGTS,2023,SE,ARACAJU,Nordeste,"022849043",Seleção Normal,0,2382947.95,2382947.95,selecionada,,Novo PAC - Retomada,"",
M-55,Água Para Todos,Abastecimento de Água,Abastecimento de Água - Urbano,FIN,FIN: FGTS,2023,PB,JOAO PESSOA,Nordeste,"029607328",Seleção Normal,0,27636796.72,27636796.72,selecionada,,Novo PAC - Retomada,"",
M-56,Água Para Todos,Abastecimento de Água,Abastecimento de Água - Urbano,FIN,FIN: FGTS,2023,RN,MOSSORO,Nordeste,"029618681",Seleção Normal,0,32846473.87,32846473.87,selecionada,,Novo PAC - Retomada,"",
M-57,Água Para Todos,Abastecimento de Água,Abastecimento de Água - Urbano,FIN,FIN: FGTS,2023,SP,ATIBAIA,Sudeste,"029621866",Seleção Normal,0,3532091.48,3532091.48,selecionada,,Novo PAC - Retomada,"",
M-58,Cidades Sustentáveis e Resilientes,Esgotamento Sanitário,Esgotamento Sanitário,OGU,OGU,2023,PA,MARABA,Norte,"042441685",Seleção Normal,56128240.36,0,56128240.36,selecionada,,Novo PAC - Retomada,"",
M-59,Cidades Sustentáveis e Resilientes,Esgotamento Sanitário,Esgotamento Sanitário,OGU,OGU,2023,CE,FORTALEZA,Nordeste,"021798487",Seleção Normal,234884.69,0,234884.69,selecionada,,Novo PAC - Retomada,"",
M-60,Água Para Todos,Abastecimento de Água,Abastecimento de Água - Urbano,FIN,FIN: FGTS,2023,PA,CASTANHAL,Norte,"035029553",Seleção Normal,0,3932820.6,3932820.6,selecionada,,Novo PAC - Retomada,"",
M-61,Água Para Todos,Abastecimento de Água,Abastecimento de Água - Urbano,FIN,FIN: FGTS,2023,SP,SANTA GERTRUDES,Sudeste,"038132452",Seleção Normal,0,2658852.51,2658852.51,selecionada,,Novo PAC - Retomada,"",
M-62,Água Para Todos,Abastecimento de Água,Abastecimento de Água - Urbano,FIN,FIN: FGTS,2023,MG,ITUIUTABA,Sudeste,"042433506",Seleção Normal,0,2910842.9,2910842.9,selecionada,,Novo PAC - Retomada,"",
M-63,Água Para Todos,Abastecimento de Água,Abastecimento de Água - Urbano,FIN,FIN: FGTS,2023,MS,DOURADOS,Centro-Oeste,"042632647",Seleção Normal,0,14841230.35,14841230.35,selecionada,,Novo PAC - Retomada,"",
M-64,Água Para Todos,Abastecimento de Água,Abastecimento de Água - Urbano,FIN,FIN: FGTS,2023,SP,LIMEIRA,Sudeste,"040525554",Seleção Normal,0,10295674.22,10295674.22,selecionada,,Novo PAC - Retomada,"",
M-65,Água Para Todos,Abastecimento de Água,Abastecimento de Água - Urbano,FIN,FIN: FGTS,2023,MG,JUIZ DE FORA,Sudeste,"050659736",Seleção Normal,0,45428357.8,45428357.8,selecionada,,Novo PAC - Retomada,"",
M-66,Água Para Todos,Abastecimento de Água,Abastecimento de Água - Urbano,OGU,OGU,2023,SP,BARRETOS,Sudeste,"035081878",Seleção Normal,0,0,0,selecionada,,Novo PAC - Retomada,"",
M-67,Água Para Todos,Abastecimento de Água,Abastecimento de Água - Urbano,OGU,OGU,2023,SP,SALTO,Sudeste,"035362725",Seleção Normal,39376915.96,0,39376915.96,selecionada,,Novo PAC - Retomada,"",
M-68,Água Para Todos,Abastecimento de Água,Abastecimento de Água - Urbano,OGU,OGU,2023,PA,PARAGOMINAS,Norte,"042436240",Seleção Normal,10740338.06,0,10740338.06,selecionada,,Novo PAC - Retomada,"",
M-69,Água Para Todos,Abastecimento de Água,Abastecimento de Água - Urbano,FIN,FIN: FGTS,2023,SP,SANTA BARBARA D'OESTE,Sudeste,"042312433",Seleção Normal,0,2146374.62,2146374.62,selecionada,,Novo PAC - Retomada,"",
M-70,Cidades Sustentáveis e Resilientes,Esgotamento Sanitário,Esgotamento Sanitário,OGU,OGU,2023,BA,ALAGOINHAS,Nordeste,"023813439",Seleção Normal,371762.89,0,371762.89,selecionada,,Novo PAC - Retomada,"",
M-71,Cidades Sustentáveis e Resilientes,Esgotamento Sanitário,Esgotamento Sanitário,OGU,OGU,2023,PE,RECIFE,Nordeste,"026437481",Seleção Normal,25842248.95,0,25842248.95,selecionada,,Novo PAC - Retomada,"",
M-72,Cidades Sustentáveis e Resilientes,Esgotamento Sanitário,Esgotamento Sanitário,OGU,OGU,2023,PA,MARABA,Norte,"042462951",Seleção Normal,101363578.03,0,101363578.03,selecionada,,Novo PAC - Retomada,"",
M-73,Cidades Sustentáveis e Resilientes,Esgotamento Sanitário,Esgotamento Sanitário,OGU,OGU,2023,BA,VITORIA DA CONQUISTA,Nordeste,"044275355",Seleção Normal,17171563.2,0,17171563.2,selecionada,,Novo PAC - Retomada,"",
M-74,Água Para Todos,Abastecimento de Água,Abastecimento de Água - Urbano,OGU,OGU,2023,CE,SOBRAL,Nordeste,"042436792",Seleção Normal,3404701.4,0,3404701.4,selecionada,,Novo PAC - Retomada,"",
M-75,Água Para Todos,Abastecimento de Água,Abastecimento de Água - Urbano,OGU,OGU,2023,RO,PORTO VELHO,Norte,"035082341",Seleção Normal,8405301.56,0,8405301.56,selecionada,,Novo PAC - Retomada,"",
M-76,Água Para Todos,Abastecimento de Água,Abastecimento de Água - Urbano,OGU,OGU,2023,PB,JOAO PESSOA,Nordeste,"044533446",Seleção Normal,83600000,0,83600000,selecionada,,Novo PAC - Retomada,"",
M-77,Água Para Todos,Abastecimento de Água,Abastecimento de Água - Urbano,OGU,OGU,2023,RO,JARU,Norte,"035083148",Seleção Normal,3722538.84,0,3722538.84,selecionada,,Novo PAC - Retomada,"",
M-78,Água Para Todos,Abastecimento de Água,Abastecimento de Água - Urbano,OGU,OGU,2023,PA,ORIXIMINA,Norte,"042436919",Seleção Normal,9653147.18,0,9653147.18,selecionada,,Novo PAC - Retomada,"",
M-79,Água Para Todos,Abastecimento de Água,Abastecimento de Água - Urbano,OGU,OGU,2023,RS,PELOTAS,Sul,"035081095",Seleção Normal,891421.03,0,891421.03,selecionada,,Novo PAC - Retomada,"",
M-80,Água Para Todos,Abastecimento de Água,Abastecimento de Água - Urbano,OGU,OGU,2023,PA,SANTAREM,Norte,"044274327",Seleção Normal,1908402.68,0,1908402.68,selecionada,,Novo PAC - Retomada,"",
M-81,Água Para Todos,Abastecimento de Água,Abastecimento de Água - Urbano,FIN,FIN: FGTS,2023,SP,MOGI MIRIM,Sudeste,"042983013",Seleção Normal,0,5511430,5511430,selecionada,,Novo PAC - Retomada,"",
M-82,Água Para Todos,Abastecimento de Água,Abastecimento de Água - Urbano,FIN,FIN: FGTS,2023,MG,UBERLANDIA,Sudeste,"040970578",Seleção Normal,0,47511657.45,47511657.45,selecionada,,Novo PAC - Retomada,"",
M-83,Água Para Todos,Abastecimento de Água,Abastecimento de Água - Urbano,FIN,FIN: BNDES,2023,PR,CAMPO MOURAO,Sul,"14205371002",Seleção Normal,0,7971910.87,7971910.87,selecionada,,Novo PAC - Retomada,"",
M-84,Água Para Todos,Abastecimento de Água,Abastecimento de Água - Urbano,FIN,FIN: FGTS,2023,SP,JUNDIAI,Sudeste,"050567120",Seleção Normal,0,4768573.24,4768573.24,selecionada,,Novo PAC - Retomada,"",
M-85,Cidades Sustentáveis e Resilientes,Esgotamento Sanitário,Esgotamento Sanitário,OGU,OGU,2023,MG,BARBACENA,Sudeste,"035090198",Seleção Normal,1159128.73,0,1159128.73,selecionada,,Novo PAC - Retomada,"",
M-86,Cidades Sustentáveis e Resilientes,Esgotamento Sanitário,Esgotamento Sanitário,OGU,OGU,2023,MG,ITAUNA,Sudeste,"042441352",Seleção Normal,2407405.65,0,2407405.65,selecionada,,Novo PAC - Retomada,"",
M-87,Cidades Sustentáveis e Resilientes,Esgotamento Sanitário,Esgotamento Sanitário,OGU,OGU,2023,BA,SALVADOR,Nordeste,"040870333",Seleção Normal,12901776.51,0,12901776.51,selecionada,,Novo PAC - Retomada,"",
M-88,Cidades Sustentáveis e Resilientes,Esgotamento Sanitário,Esgotamento Sanitário,OGU,OGU,2023,RO,JARU,Norte,"035094064",Seleção Normal,26367002.6,0,26367002.6,selecionada,,Novo PAC - Retomada,"",
M-89,Água Para Todos,Abastecimento de Água,Abastecimento de Água - Urbano,FIN,FIN: FGTS,2023,SP,MOGI DAS CRUZES,Sudeste,"050596806",Seleção Normal,0,16855512.19,16855512.19,selecionada,,Novo PAC - Retomada,"",
M-90,Água Para Todos,Abastecimento de Água,Abastecimento de Água - Urbano,FIN,FIN: FGTS,2023,SP,SAO CAETANO DO SUL,Sudeste,"050599193",Seleção Normal,0,20428330,20428330,selecionada,,Novo PAC - Retomada,"",
M-91,Água Para Todos,Abastecimento de Água,Abastecimento de Água - Urbano,FIN,FIN: FGTS,2023,SP,COTIA,Sudeste,"050595550",Seleção Normal,0,104941109.31,104941109.31,selecionada,,Novo PAC - Retomada,"",
M-92,Água Para Todos,Abastecimento de Água,Abastecimento de Água - Urbano,FIN,FIN: FGTS,2023,RS,PORTO ALEGRE,Sul,"052125953",Seleção Normal,0,172779022,172779022,selecionada,,Novo PAC - Retomada,"",
M-93,Água Para Todos,Abastecimento de Água,Abastecimento de Água - Urbano,FIN,FIN: FGTS,2023,PA,BELEM,Norte,"052121188",Seleção Normal,0,9961070.22,9961070.22,selecionada,,Novo PAC - Retomada,"",
M-94,Água Para Todos,Abastecimento de Água,Abastecimento de Água - Urbano,FIN,FIN: FGTS,2023,TO,PORTO NACIONAL,Norte,"059765221",Seleção Normal,0,2684740.34,2684740.34,selecionada,,Novo PAC - Retomada,"",
M-95,Água Para Todos,Abastecimento de Água,Abastecimento de Água - Urbano,FIN,FIN: FGTS,2023,SC,JOINVILLE,Sul,"052114024",Seleção Normal,0,6468392.04,6468392.04,selecionada,,Novo PAC - Retomada,"",
M-96,Água Para Todos,Abastecimento de Água,Abastecimento de Água - Urbano,FIN,FIN: FGTS,2023,SP,JUNDIAI,Sudeste,"052029917",Seleção Normal,0,12303021.06,12303021.06,selecionada,,Novo PAC - Retomada,"",
M-97,Cidades Sustentáveis e Resilientes,Esgotamento Sanitário,Esgotamento Sanitário,OGU,OGU,2023,RS,ROLANTE,Sul,"040867713",Seleção Normal,7371255.25,0,7371255.25,selecionada,,Novo PAC - Retomada,"",
M-98,Cidades Sustentáveis e Resilientes,Esgotamento Sanitário,Esgotamento Sanitário,OGU,OGU,2023,MS,DOURADOS,Centro-Oeste,"042438281",Seleção Normal,21182528.11,0,21182528.11,selecionada,,Novo PAC - Retomada,"",
M-99,Cidades Sustentáveis e Resilientes,Esgotamento Sanitário,Esgotamento Sanitário,OGU,OGU,2023,AC,RIO BRANCO,Norte,"022767559",Seleção Normal,4092015.34,0,4092015.34,selecionada,,Novo PAC - Retomada,"",
M-100,Água Para Todos,Abastecimento de Água,Abastecimento de Água - Urbano,FIN,FIN: FGTS,2023,PA,XINGUARA,Norte,"039433779",Seleção Normal,0,2320593.93,2320593.93,selecionada,,Novo PAC - Retomada,"",
M-101,Água Para Todos,Abastecimento de Água,Abastecimento de Água - Urbano,FIN,FIN: FGTS,2023,SP,SAO PAULO,Sudeste,"047581931",Seleção Normal,0,93065467.57,93065467.57,selecionada,,Novo PAC - Retomada,"",
M-102,Água Para Todos,Abastecimento de Água,Abastecimento de Água - Urbano,FIN,FIN: FGTS,2023,MG,UBERABA,Sudeste,"029614816",Seleção Normal,0,13291472,13291472,selecionada,,Novo PAC - Retomada,"",
M-103,Cidades Sustentáveis e Resilientes,Urbanização de Favelas,Urbanização de Favelas,FIN,FIN: FGTS,2023,RS,SAO LEOPOLDO,Sul,"022904015",Seleção Normal,0,28012005.9,28012005.9,selecionada,,Novo PAC - Retomada,"",
M-104,Cidades Sustentáveis e Resilientes,Urbanização de Favelas,Urbanização de Favelas,FIN,FIN: FGTS,2023,MG,BELO HORIZONTE,Sudeste,"026849081",Seleção Normal,0,8198227.98,8198227.98,selecionada,,Novo PAC - Retomada,"",
M-105,Cidades Sustentáveis e Resilientes,Urbanização de Favelas,Urbanização de Favelas,FIN,FIN: FGTS,2023,AC,RIO BRANCO,Norte,"034660529",Seleção Normal,0,780779.35,780779.35,selecionada,,Novo PAC - Retomada,"",
M-106,Cidades Sustentáveis e Resilientes,Esgotamento Sanitário,Esgotamento Sanitário,OGU,OGU,2023,RO,JI-PARANA,Norte,"042439319",Seleção Normal,140807073.58,0,140807073.58,selecionada,,Novo PAC - Retomada,"",
M-107,Cidades Sustentáveis e Resilientes,Esgotamento Sanitário,Esgotamento Sanitário,FIN,FIN: FGTS,2023,PR,CAMPO MOURAO,Sul,"060219722",Seleção Normal,0,23160900.05,23160900.05,selecionada,,Novo PAC - Retomada,"",
M-108,Cidades Sustentáveis e Resilientes,Urbanização de Favelas,Urbanização de Favelas,OGU,OGU,2023,BA,SIMOES FILHO,Nordeste,"022282771",Seleção Normal,3298129.37,0,3298129.37,selecionada,,Novo PAC - Retomada,"",
M-109,Cidades Sustentáveis e Resilientes,Urbanização de Favelas,Urbanização de Favelas,OGU,OGU,2023,CE,FORTALEZA,Nordeste,"022262084",Seleção Normal,1010418.11,0,1010418.11,selecionada,,Novo PAC - Retomada,"",
M-110,Cidades Sustentáveis e Resilientes,Urbanização de Favelas,Urbanização de Favelas,OGU,OGU,2023,PA,BELEM,Norte,"021874610",Seleção Normal,0,0,0,selecionada,,Novo PAC - Retomada,"",
M-111,Cidades Sustentáveis e Resilientes,Urbanização de Favelas,Urbanização de Favelas,OGU,OGU,2023,SP,SAO BERNARDO DO CAMPO,Sudeste,"035279210",Seleção Normal,4509619,0,4509619,selecionada,,Novo PAC - Retomada,"",
M-112,Cidades Sustentáveis e Resilientes,Resíduos Sólidos,Resíduos Sólidos,FIN,FIN: FGTS,2023,MG,BELO HORIZONTE,Sudeste,"052132220",Seleção Normal,0,7563446.22,7563446.22,selecionada,,Novo PAC - Retomada,"",
M-113,Cidades Sustentáveis e Resilientes,Urbanização de Favelas,Urbanização de Favelas,OGU,OGU,2023,RS,PELOTAS,Sul,"022265833",Seleção Normal,6305392.71,0,6305392.71,selecionada,,Novo PAC - Retomada,"",
M-114,Cidades Sustentáveis e Resilientes,Urbanização de Favelas,Urbanização de Favelas,OGU,OGU,2023,SP,GUARUJA,Sudeste,"021882799",Seleção Normal,0,0,0,selecionada,,Novo PAC - Retomada,"",
M-115,Cidades Sustentáveis e Resilientes,Urbanização de Favelas,Urbanização de Favelas,OGU,OGU,2023,SP,CUBATAO,Sudeste,"021882247",Seleção Normal,0,0,0,selecionada,,Novo PAC - Retomada,"",
M-116,Cidades Sustentáveis e Resilientes,Urbanização de Favelas,Urbanização de Favelas,OGU,OGU,2023,MG,CORONEL FABRICIANO,Sudeste,"031964865",Seleção Normal,0,0,0,selecionada,,Novo PAC - Retomada,"",
M-117,Cidades Sustentáveis e Resilientes,Urbanização de Favelas,Urbanização de Favelas,OGU,OGU,2023,BA,SALVADOR,Nordeste,"035274640",Seleção Normal,22060829.96,0,22060829.96,selecionada,,Novo PAC - Retomada,"",
M-118,Cidades Sustentáveis e Resilientes,Urbanização de Favelas,Urbanização de Favelas,OGU,OGU,2023,PE,OLINDA,Nordeste,"030256519",Seleção Normal,2261398.98,0,2261398.98,selecionada,,Novo PAC - Retomada,"",
M-119,Cidades Sustentáveis e Resilientes,Urbanização de Favelas,Urbanização de Favelas,OGU,OGU,2023,SP,DIADEMA,Sudeste,"030158534",Seleção Normal,1500000,0,1500000,selecionada,,Novo PAC - Retomada,"",
M-120,Cidades Sustentáveis e Resilientes,Urbanização de Favelas,Urbanização de Favelas,OGU,OGU,2023,BA,ITABUNA,Nordeste,"035269424",Seleção Normal,5622934.69,0,5622934.69,selecionada,,Novo PAC - Retomada,"",
M-121,Cidades Sustentáveis e Resilientes,Urbanização de Favelas,Urbanização de Favelas,OGU,OGU,2023,CE,FORTALEZA,Nordeste,"035269539",Seleção Normal,8939321.18,0,8939321.18,selecionada,,Novo PAC - Retomada,"",
M-122,Cidades Sustentáveis e Resilientes,Urbanização de Favelas,Urbanização de Favelas,OGU,OGU,2023,MA,TIMON,Nordeste,"035265778",Seleção Normal,980301.07,0,980301.07,selecionada,,Novo PAC - Retomada,"",
M-123,Cidades Sustentáveis e Resilientes,Urbanização de Favelas,Urbanização de Favelas,OGU,OGU,2023,PA,BELEM,Norte,"035278965",Seleção Normal,4050861.33,0,4050861.33,selecionada,,Novo PAC - Retomada,"",
M-124,Cidades Sustentáveis e Resilientes,Urbanização de Favelas,Urbanização de Favelas,OGU,OGU,2023,PE,OLINDA,Nordeste,"035278632",Seleção Normal,20882636.08,0,20882636.08,selecionada,,Novo PAC - Retomada,"",
M-125,Cidades Sustentáveis e Resilientes,Urbanização de Favelas,Urbanização de Favelas,OGU,OGU,2023,RJ,QUEIMADOS,Sudeste,"035269310",Seleção Normal,2238094.89,0,2238094.89,selecionada,,Novo PAC - Retomada,"",
M-126,Cidades Sustentáveis e Resilientes,Urbanização de Favelas,Urbanização de Favelas,OGU,OGU,2023,SP,FRANCA,Sudeste,"035265008",Seleção Normal,2872003.13,0,2872003.13,selecionada,,Novo PAC - Retomada,"",
M-127,Cidades Sustentáveis e Resilientes,Urbanização de Favelas,Urbanização de Favelas,OGU,OGU,2023,SP,SAO BERNARDO DO CAMPO,Sudeste,"042646758",Seleção Normal,194593000,0,194593000,selecionada,,Novo PAC - Retomada,"",
M-128,Água Para Todos,Abastecimento de Água,Abastecimento de Água - Urbano,FIN,FIN: FGTS,2023,PA,BELEM,Norte,"035029333",Seleção Normal,0,57234235.13,57234235.13,selecionada,,Novo PAC - Retomada,"",
M-129,Água Para Todos,Abastecimento de Água,Abastecimento de Água - Urbano,FIN,FIN: FGTS,2023,PA,ALENQUER,Norte,"035030798",Seleção Normal,0,8644104.59,8644104.59,selecionada,,Novo PAC - Retomada,"",
M-130,Água Para Todos,Abastecimento de Água,Abastecimento de Água - Urbano,FIN,FIN: BNDES,2023,CE,SAO BENEDITO,Nordeste,"12206181001",Seleção Normal,0,2172861.4,2172861.4,selecionada,,Novo PAC - Retomada,"",
M-131,Água Para Todos,Abastecimento de Água,Abastecimento de Água - Urbano,FIN,FIN: FGTS,2023,PR,PATO BRANCO,Sul,"042883654",Seleção Normal,0,8720209.25,8720209.25,selecionada,,Novo PAC - Retomada,"",
M-132,Água Para Todos,Abastecimento de Água,Abastecimento de Água - Urbano,FIN,FIN: FGTS,2023,SE,ITABAIANA,Nordeste,"042854646",Seleção Normal,0,1080303.87,1080303.87,selecionada,,Novo PAC - Retomada,"",
M-133,Água Para Todos,Abastecimento de Água,Abastecimento de Água - Urbano,FIN,FIN: FGTS,2023,SP,MOGI DAS CRUZES,Sudeste,"042777616",Seleção Normal,0,5711485.74,5711485.74,selecionada,,Novo PAC - Retomada,"",
M-134,Água Para Todos,Abastecimento de Água,Abastecimento de Água - Urbano,FIN,FIN: BNDES,2023,PR,UMUARAMA,Sul,"14205371006",Seleção Normal,0,1967478.43,1967478.43,selecionada,,Novo PAC - Retomada,"",
M-135,Água Para Todos,Abastecimento de Água,Abastecimento de Água - Urbano,FIN,FIN: FGTS,2023,MS,PONTA PORA,Centro-Oeste,"042632970",Seleção Normal,0,3816627.15,3816627.15,selecionada,,Novo PAC - Retomada,"",
M-136,Água Para Todos,Abastecimento de Água,Abastecimento de Água - Urbano,FIN,FIN: BNDES,2023,BA,PAULO AFONSO,Nordeste,"14204311002",Seleção Normal,0,67677930.93,67677930.93,selecionada,,Novo PAC - Retomada,"",
M-137,Água Para Todos,Abastecimento de Água,Abastecimento de Água - Urbano,FIN,FIN: FGTS,2023,MG,ARCOS,Sudeste,"050643790",Seleção Normal,0,2230065.08,2230065.08,selecionada,,Novo PAC - Retomada,"",
M-138,Cidades Sustentáveis e Resilientes,Urbanização de Favelas,Urbanização de Favelas,OGU,OGU,2023,AL,MACEIO,Nordeste,"021869613",Seleção Normal,17256434.08,0,17256434.08,selecionada,,Novo PAC - Retomada,"",
M-139,Cidades Sustentáveis e Resilientes,Urbanização de Favelas,Urbanização de Favelas,OGU,OGU,2023,CE,FORTALEZA,Nordeste,"022261956",Seleção Normal,1199043.44,0,1199043.44,selecionada,,Novo PAC - Retomada,"",
M-140,Cidades Sustentáveis e Resilientes,Urbanização de Favelas,Urbanização de Favelas,OGU,OGU,2023,MT,VARZEA GRANDE,Centro-Oeste,"021874388",Seleção Normal,3865809.38,0,3865809.38,selecionada,,Novo PAC - Retomada,"",
M-141,Cidades Sustentáveis e Resilientes,Urbanização de Favelas,Urbanização de Favelas,OGU,OGU,2023,PE,CABO DE SANTO AGOSTINHO,Nordeste,"022263778",Seleção Normal,0,0,0,selecionada,,Novo PAC - Retomada,"",
M-142,Cidades Sustentáveis e Resilientes,Urbanização de Favelas,Urbanização de Favelas,OGU,OGU,2023,SP,ITAPECERICA DA SERRA,Sudeste,"022354034",Seleção Normal,24739145.04,0,24739145.04,selecionada,,Novo PAC - Retomada,"",
M-143,Cidades Sustentáveis e Resilientes,Urbanização de Favelas,Urbanização de Favelas,OGU,OGU,2023,BA,BARREIRAS,Nordeste,"031052269",Seleção Normal,3148783.49,0,3148783.49,selecionada,,Novo PAC - Retomada,"",
M-144,Cidades Sustentáveis e Resilientes,Urbanização de Favelas,Urbanização de Favelas,OGU,OGU,2023,BA,CAMACARI,Nordeste,"030150781",Seleção Normal,1509821.65,0,1509821.65,selecionada,,Novo PAC - Retomada,"",
M-145,Cidades Sustentáveis e Resilientes,Urbanização de Favelas,Urbanização de Favelas,OGU,OGU,2023,PE,RECIFE,Nordeste,"030154657",Seleção Normal,6915294.82,0,6915294.82,selecionada,,Novo PAC - Retomada,"",
M-146,Cidades Sustentáveis e Resilientes,Urbanização de Favelas,Urbanização de Favelas,OGU,OGU,2023,SP,DIADEMA,Sudeste,"030158429",Seleção Normal,2193585.38,0,2193585.38,selecionada,,Novo PAC - Retomada,"",
M-147,Cidades Sustentáveis e Resilientes,Urbanização de Favelas,Urbanização de Favelas,OGU,OGU,2023,MT,JACIARA,Centro-Oeste,"035239838",Seleção Normal,2065403.56,0,2065403.56,selecionada,,Novo PAC - Retomada,"",
M-148,Cidades Sustentáveis e Resilientes,Urbanização de Favelas,Urbanização de Favelas,OGU,OGU,2023,CE,FORTALEZA,Nordeste,"035267603",Seleção Normal,4824809.12,0,4824809.12,selecionada,,Novo PAC - Retomada,"",
M-149,Cidades Sustentáveis e Resilientes,Urbanização de Favelas,Urbanização de Favelas,OGU,OGU,2023,MA,IMPERATRIZ,Nordeste,"035271686",Seleção Normal,39319002.25,0,39319002.25,selecionada,,Novo PAC - Retomada,"",
M-150,Cidades Sustentáveis e Resilientes,Urbanização de Favelas,Urbanização de Favelas,OGU,OGU,2023,MT,CUIABA,Centro-Oeste,"035272378",Seleção Normal,6359293.75,0,6359293.75,selecionada,,Novo PAC - Retomada,"",
M-151,Cidades Sustentáveis e Resilientes,Urbanização de Favelas,Urbanização de Favelas,OGU,OGU,2023,PE,CABO DE SANTO AGOSTINHO,Nordeste,"035266023",Seleção Normal,15030884,0,15030884,selecionada,,Novo PAC - Retomada,"",
M-152,Cidades Sustentáveis e Resilientes,Urbanização de Favelas,Urbanização de Favelas,OGU,OGU,2023,PR,CAMPO MAGRO,Sul,"035276589",Seleção Normal,6047300.39,0,6047300.39,selecionada,,Novo PAC - Retomada,"",
M-153,Cidades Sustentáveis e Resilientes,Urbanização de Favelas,Urbanização de Favelas,OGU,OGU,2023,SP,CAMPINAS,Sudeste,"035305519",Seleção Normal,29363217.33,0,29363217.33,selecionada,,Novo PAC - Retomada,"",
M-154,Cidades Sustentáveis e Resilientes,Urbanização de Favelas,Urbanização de Favelas,OGU,OGU,2023,SP,OSASCO,Sudeste,"035305623",Seleção Normal,0,0,0,selecionada,,Novo PAC - Retomada,"",
M-155,Cidades Sustentáveis e Resilientes,Urbanização de Favelas,Urbanização de Favelas,OGU,OGU,2023,SP,SANTO ANDRE,Sudeste,"042646643",Seleção Normal,63804715,0,63804715,selecionada,,Novo PAC - Retomada,"",
M-156,Água Para Todos,Abastecimento de Água,Abastecimento de Água - Urbano,FIN,FIN: FGTS,2023,RJ,RESENDE,Sudeste,"047376109",Seleção Normal,0,1614069.86,1614069.86,selecionada,,Novo PAC - Retomada,"",
M-157,Cidades Sustentáveis e Resilientes,Mobilidade Urbana Sustentável,Médias e Grandes Cidades,OGU,OGU,2023,SP,MAUA,Sudeste,"044035597",Seleção Normal,6984479.26,0,6984479.26,selecionada,,Novo PAC - Retomada,"",
M-158,Água Para Todos,Abastecimento de Água,Abastecimento de Água - Urbano,FIN,FIN: FGTS,2023,SP,SAO JOSE DOS CAMPOS,Sudeste,"050592928",Seleção Normal,0,6664693.68,6664693.68,selecionada,,Novo PAC - Retomada,"",
M-159,Água Para Todos,Abastecimento de Água,Abastecimento de Água - Urbano,FIN,FIN: FGTS,2023,MG,UBA,Sudeste,"052105602",Seleção Normal,0,11948585.44,11948585.44,selecionada,,Novo PAC - Retomada,"",
M-160,Água Para Todos,Abastecimento de Água,Abastecimento de Água - Urbano,FIN,FIN: FGTS,2023,PA,BELEM,Norte,"052121074",Seleção Normal,0,11487883,11487883,selecionada,,Novo PAC - Retomada,"",
M-161,Água Para Todos,Abastecimento de Água,Abastecimento de Água - Urbano,FIN,FIN: FGTS,2023,CE,CAUCAIA,Nordeste,"052068711",Seleção Normal,0,30084009.14,30084009.14,selecionada,,Novo PAC - Retomada,"",
M-162,Água Para Todos,Abastecimento de Água,Abastecimento de Água - Urbano,FIN,FIN: FGTS,2023,TO,ARAGUAINA,Norte,"059774864",Seleção Normal,0,34858737.15,34858737.15,selecionada,,Novo PAC - Retomada,"",
M-163,Água Para Todos,Abastecimento de Água,Abastecimento de Água - Urbano,FIN,FIN: FGTS,2023,TO,COLINAS DO TOCANTINS,Norte,"059774208",Seleção Normal,0,4087596.48,4087596.48,selecionada,,Novo PAC - Retomada,"",
M-164,Água Para Todos,Abastecimento de Água,Abastecimento de Água - Urbano,FIN,FIN: FGTS,2023,RS,PORTO ALEGRE,Sul,"059783853",Seleção Normal,0,58247652.83,58247652.83,selecionada,,Novo PAC - Retomada,"",
M-165,Água Para Todos,Abastecimento de Água,Abastecimento de Água - Urbano,FIN,FIN: FGTS,2023,PR,COLOMBO,Sul,"060219940",Seleção Normal,0,31418784.13,31418784.13,selecionada,,Novo PAC - Retomada,"",
M-166,Água Para Todos,Abastecimento de Água,Abastecimento de Água - Urbano,FIN,FIN: FGTS,2023,PA,CASTANHAL,Norte,"022855183",Seleção Normal,0,4235205,4235205,selecionada,,Novo PAC - Retomada,"",
M-167,Água Para Todos,Abastecimento de Água,Abastecimento de Água - Urbano,FIN,FIN: FGTS,2023,PE,RECIFE,Nordeste,"029616317",Seleção Normal,0,6179010.78,6179010.78,selecionada,,Novo PAC - Retomada,"",
M-168,Cidades Sustentáveis e Resilientes,Urbanização de Favelas,Urbanização de Favelas,OGU,OGU,2023,BA,JUAZEIRO,Nordeste,"035268409",Seleção Normal,1677086.45,0,1677086.45,selecionada,,Novo PAC - Retomada,"",
M-169,Cidades Sustentáveis e Resilientes,Urbanização de Favelas,Urbanização de Favelas,OGU,OGU,2023,CE,MARACANAU,Nordeste,"035269089",Seleção Normal,1384684.07,0,1384684.07,selecionada,,Novo PAC - Retomada,"",
M-170,Cidades Sustentáveis e Resilientes,Urbanização de Favelas,Urbanização de Favelas,OGU,OGU,2023,MG,BELO HORIZONTE,Sudeste,"035270889",Seleção Normal,0,0,0,selecionada,,Novo PAC - Retomada,"",
M-171,Cidades Sustentáveis e Resilientes,Urbanização de Favelas,Urbanização de Favelas,OGU,OGU,2023,PB,CAMPINA GRANDE,Nordeste,"035277835",Seleção Normal,2792647.91,0,2792647.91,selecionada,,Novo PAC - Retomada,"",
M-172,Cidades Sustentáveis e Resilientes,Urbanização de Favelas,Urbanização de Favelas,OGU,OGU,2023,PE,RECIFE,Nordeste,"035273739",Seleção Normal,54374911.68,0,54374911.68,selecionada,,Novo PAC - Retomada,"",
M-173,Cidades Sustentáveis e Resilientes,Urbanização de Favelas,Urbanização de Favelas,OGU,OGU,2023,RS,ESTEIO,Sul,"035274317",Seleção Normal,10512887.61,0,10512887.61,selecionada,,Novo PAC - Retomada,"",
M-174,Cidades Sustentáveis e Resilientes,Urbanização de Favelas,Urbanização de Favelas,OGU,OGU,2023,SP,GUARULHOS,Sudeste,"035305391",Seleção Normal,28452497.26,0,28452497.26,selecionada,,Novo PAC - Retomada,"",
M-175,Cidades Sustentáveis e Resilientes,Urbanização de Favelas,Urbanização de Favelas,OGU,OGU,2023,SP,SAO PAULO,Sudeste,"035269193",Seleção Normal,0,0,0,selecionada,,Novo PAC - Retomada,"",
M-176,Água Para Todos,Abastecimento de Água,Abastecimento de Água - Urbano,FIN,FIN: FGTS,2023,RS,NOVO HAMBURGO,Sul,"029620403",Seleção Normal,0,6881045.44,6881045.44,selecionada,,Novo PAC - Retomada,"",
M-177,Água Para Todos,Abastecimento de Água,Abastecimento de Água - Urbano,FIN,FIN: FGTS,2023,BA,CAMACARI,Nordeste,"034753481",Seleção Normal,0,5888436.15,5888436.15,selecionada,,Novo PAC - Retomada,"",
M-178,Água Para Todos,Abastecimento de Água,Abastecimento de Água - Urbano,FIN,FIN: FGTS,2023,RO,JI-PARANA,Norte,"034979471",Seleção Normal,0,13737181,13737181,selecionada,,Novo PAC - Retomada,"",
M-179,Água Para Todos,Abastecimento de Água,Abastecimento de Água - Urbano,FIN,FIN: FGTS,2023,MG,IBIRITE,Sudeste,"041046607",Seleção Normal,0,7703676.72,7703676.72,selecionada,,Novo PAC - Retomada,"",
M-180,Água Para Todos,Abastecimento de Água,Abastecimento de Água - Urbano,FIN,FIN: FGTS,2023,SP,JUNDIAI,Sudeste,"052030047",Seleção Normal,0,9472956.69,9472956.69,selecionada,,Novo PAC - Retomada,"",
M-181,Água Para Todos,Abastecimento de Água,Abastecimento de Água - Urbano,FIN,FIN: FGTS,2023,SP,SALTO,Sudeste,"052069518",Seleção Normal,0,26402230.04,26402230.04,selecionada,,Novo PAC - Retomada,"",
M-182,Água Para Todos,Abastecimento de Água,Abastecimento de Água - Urbano,FIN,FIN: FGTS,2023,PR,CAFELANDIA,Sul,"060219504",Seleção Normal,0,7460431.59,7460431.59,selecionada,,Novo PAC - Retomada,"",
M-183,Água Para Todos,Abastecimento de Água,Abastecimento de Água - Urbano,FIN,FIN: BNDES,2023,RS,PANAMBI,Sul,"18203741001",Seleção Normal,0,11657000,11657000,selecionada,,Novo PAC - Retomada,"",
M-184,Água Para Todos,Abastecimento de Água,Abastecimento de Água - Urbano,FIN,FIN: FGTS,2023,SP,SAO PAULO,Sudeste,"050595112",Seleção Normal,0,38125791.57,38125791.57,selecionada,,Novo PAC - Retomada,"",
M-185,Cidades Sustentáveis e Resilientes,Mobilidade Urbana Sustentável,Médias e Grandes Cidades,FIN,FIN: FGTS,2023,PA,BELEM,Norte,"044746791",Seleção Normal,0,85862532,85862532,selecionada,,Novo PAC - Retomada,"",
M-186,Água Para Todos,Abastecimento de Água,Abastecimento de Água - Urbano,FIN,FIN: FGTS,2023,MG,TRES PONTAS,Sudeste,"052049371",Seleção Normal,0,6459595.88,6459595.88,selecionada,,Novo PAC - Retomada,"",
M-187,Água Para Todos,Abastecimento de Água,Abastecimento de Água - Urbano,FIN,FIN: FGTS,2023,SP,CAMPINAS,Sudeste,"052021727",Seleção Normal,0,116793572.17,116793572.17,selecionada,,Novo PAC - Retomada,"",
M-188,Água Para Todos,Abastecimento de Água,Abastecimento de Água - Urbano,FIN,FIN: FGTS,2023,CE,JIJOCA DE JERICOACOARA,Nordeste,"052071779",Seleção Normal,0,9610585.33,9610585.33,selecionada,,Novo PAC - Retomada,"",
M-189,Cidades Sustentáveis e Resilientes,Mobilidade Urbana Sustentável,Médias e Grandes Cidades,OGU,OGU,2023,PE,OLINDA,Nordeste,"039847548",Seleção Normal,101554053.45,0,101554053.45,selecionada,,Novo PAC - Retomada,"",
M-190,Cidades Sustentáveis e Resilientes,Mobilidade Urbana Sustentável,Médias e Grandes Cidades,OGU,OGU,2023,BA,SALVADOR,Nordeste,"042123974",Seleção Normal,466360052,0,466360052,selecionada,,Novo PAC - Retomada,"",
M-191,Cidades Sustentáveis e Resilientes,Mobilidade Urbana Sustentável,Médias e Grandes Cidades,OGU,OGU,2023,PR,CURITIBA,Sul,"043653582",Seleção Normal,57622461.19,0,57622461.19,selecionada,,Novo PAC - Retomada,"",
M-192,Cidades Sustentáveis e Resilientes,Mobilidade Urbana Sustentável,Médias e Grandes Cidades,OGU,OGU,2023,BA,SALVADOR,Nordeste,"043982554",Seleção Normal,27373474.76,0,27373474.76,selecionada,,Novo PAC - Retomada,"",
M-193,Cidades Sustentáveis e Resilientes,Mobilidade Urbana Sustentável,Médias e Grandes Cidades,FIN,FIN: FGTS,2023,SC,BLUMENAU,Sul,"041052066",Seleção Normal,0,8410532.74,8410532.74,selecionada,,Novo PAC - Retomada,"",
M-194,Cidades Sustentáveis e Resilientes,Mobilidade Urbana Sustentável,Médias e Grandes Cidades,FIN,FIN: FGTS,2023,BA,SALVADOR,Nordeste,"044016375",Seleção Normal,0,57134802.43,57134802.43,selecionada,,Novo PAC - Retomada,"",
M-195,Cidades Sustentáveis e Resilientes,Mobilidade Urbana Sustentável,Médias e Grandes Cidades,FIN,FIN: FGTS,2023,PR,LONDRINA,Sul,"041536600",Seleção Normal,0,25377001.6,25377001.6,selecionada,,Novo PAC - Retomada,"",
M-196,Cidades Sustentáveis e Resilientes,Mobilidade Urbana Sustentável,Médias e Grandes Cidades,FIN,FIN: FGTS,2023,DF,BRASILIA,Centro-Oeste,"039462904",Seleção Normal,0,281896891.53,281896891.53,selecionada,,Novo PAC - Retomada,"",
M-197,Cidades Sustentáveis e Resilientes,Mobilidade Urbana Sustentável,Médias e Grandes Cidades,FIN,FIN: FGTS,2023,SP,GUARULHOS,Sudeste,"039624627",Seleção Normal,0,26638282.43,26638282.43,selecionada,,Novo PAC - Retomada,"",
M-198,Cidades Sustentáveis e Resilientes,Mobilidade Urbana Sustentável,Médias e Grandes Cidades,OGU,OGU,2023,CE,FORTALEZA,Nordeste,"040909931",Seleção Normal,555024937.86,0,555024937.86,selecionada,,Novo PAC - Retomada,"",
M-199,Cidades Sustentáveis e Resilientes,Urbanização de Favelas,Urbanização de Favelas,FIN,FIN: FGTS,2023,RS,PORTO ALEGRE,Sul,"022903760",Seleção Normal,0,4628615.68,4628615.68,selecionada,,Novo PAC - Retomada,"",
M-200,Cidades Sustentáveis e Resilientes,Mobilidade Urbana Sustentável,Médias e Grandes Cidades,OGU,OGU,2023,PR,CURITIBA,Sul,"043653477",Seleção Normal,98615982.29,0,98615982.29,selecionada,,Novo PAC - Retomada,"",
M-201,Cidades Sustentáveis e Resilientes,Mobilidade Urbana Sustentável,Médias e Grandes Cidades,OGU,OGU,2023,SP,DIADEMA,Sudeste,"044042970",Seleção Normal,5979745.49,0,5979745.49,selecionada,,Novo PAC - Retomada,"",
M-202,Cidades Sustentáveis e Resilientes,Esgotamento Sanitário,Esgotamento Sanitário,OGU,OGU,2023,ES,VITORIA,Sudeste,"042443624",Seleção Normal,11370446.4,0,11370446.4,selecionada,,Novo PAC - Retomada,"",
M-203,Cidades Sustentáveis e Resilientes,Esgotamento Sanitário,Esgotamento Sanitário,OGU,OGU,2023,MG,CONTAGEM,Sudeste,"029289131",Seleção Normal,0,0,0,selecionada,,Novo PAC - Retomada,"",
M-204,Cidades Sustentáveis e Resilientes,Esgotamento Sanitário,Esgotamento Sanitário,OGU,OGU,2023,SP,CAMPINAS,Sudeste,"042444535",Seleção Normal,15887531.03,0,15887531.03,selecionada,,Novo PAC - Retomada,"",
M-205,Cidades Sustentáveis e Resilientes,Esgotamento Sanitário,Esgotamento Sanitário,OGU,OGU,2023,PE,JABOATAO DOS GUARARAPES,Nordeste,"022263996",Seleção Normal,0,0,0,selecionada,,Novo PAC - Retomada,"",
M-206,Cidades Sustentáveis e Resilientes,Esgotamento Sanitário,Esgotamento Sanitário,OGU,OGU,2023,GO,VALPARAISO DE GOIAS,Centro-Oeste,"042443957",Seleção Normal,115197850.91,0,115197850.91,selecionada,,Novo PAC - Retomada,"",
M-207,Cidades Sustentáveis e Resilientes,Mobilidade Urbana Sustentável,Médias e Grandes Cidades,OGU,OGU,2023,GO,GOIANIA,Centro-Oeste,"040209767",Seleção Normal,40112915.64,0,40112915.64,selecionada,,Novo PAC - Retomada,"",
M-208,Cidades Sustentáveis e Resilientes,Mobilidade Urbana Sustentável,Médias e Grandes Cidades,OGU,OGU,2023,SP,SAO PAULO,Sudeste,"042574827",Seleção Normal,6764976.57,0,6764976.57,selecionada,,Novo PAC - Retomada,"",
M-209,Cidades Sustentáveis e Resilientes,Mobilidade Urbana Sustentável,Médias e Grandes Cidades,OGU,OGU,2023,SP,SAO PAULO,Sudeste,"043847494",Seleção Normal,88319886.1,0,88319886.1,selecionada,,Novo PAC - Retomada,"",
M-210,Cidades Sustentáveis e Resilientes,Mobilidade Urbana Sustentável,Médias e Grandes Cidades,FIN,FIN: FGTS,2023,SP,SAO BERNARDO DO CAMPO,Sudeste,"054545763",Seleção Normal,0,87074570,87074570,selecionada,,Novo PAC - Retomada,"",
M-211,Cidades Sustentáveis e Resilientes,Mobilidade Urbana Sustentável,Médias e Grandes Cidades,FIN,FIN: FGTS,2023,RJ,RIO DE JANEIRO,Sudeste,"039856088",Seleção Normal,0,34516030,34516030,selecionada,,Novo PAC - Retomada,"",
M-212,Cidades Sustentáveis e Resilientes,Mobilidade Urbana Sustentável,Médias e Grandes Cidades,FIN,FIN: FGTS,2023,SE,ARACAJU,Nordeste,"041170404",Seleção Normal,0,18971248.27,18971248.27,selecionada,,Novo PAC - Retomada,"",
M-213,Cidades Sustentáveis e Resilientes,Mobilidade Urbana Sustentável,Médias e Grandes Cidades,FIN,FIN: FGTS,2023,SP,SOROCABA,Sudeste,"040847025",Seleção Normal,0,27643641,27643641,selecionada,,Novo PAC - Retomada,"",
M-214,Cidades Sustentáveis e Resilientes,Mobilidade Urbana Sustentável,Médias e Grandes Cidades,FIN,FIN: FGTS,2023,MG,UBERLANDIA,Sudeste,"041122162",Seleção Normal,0,37164691.06,37164691.06,selecionada,,Novo PAC - Retomada,"",
M-215,Cidades Sustentáveis e Resilientes,Esgotamento Sanitário,Esgotamento Sanitário,OGU,OGU,2023,PA,ANANINDEUA,Norte,"022726264",Seleção Normal,0.83,0,0.83,selecionada,,Novo PAC - Retomada,"",
M-216,Cidades Sustentáveis e Resilientes,Esgotamento Sanitário,Esgotamento Sanitário,OGU,OGU,2023,BA,TEIXEIRA DE FREITAS,Nordeste,"042444202",Seleção Normal,151358568.06,0,151358568.06,selecionada,,Novo PAC - Retomada,"",
M-217,Cidades Sustentáveis e Resilientes,Esgotamento Sanitário,Esgotamento Sanitário,FIN,FIN: BNDES,2023,BA,SENHOR DO BONFIM,Nordeste,"14204311001",Seleção Normal,0,58115000,58115000,selecionada,,Novo PAC - Retomada,"",
M-218,Cidades Sustentáveis e Resilientes,Esgotamento Sanitário,Esgotamento Sanitário,OGU,OGU,2023,RN,NATAL,Nordeste,"042443510",Seleção Normal,4835327,0,4835327,selecionada,,Novo PAC - Retomada,"",
M-219,Cidades Sustentáveis e Resilientes,Esgotamento Sanitário,Esgotamento Sanitário,FIN,FIN: FGTS,2023,GO,RIO VERDE,Centro-Oeste,"042321318",Seleção Normal,0,7573286.16,7573286.16,selecionada,,Novo PAC - Retomada,"",
M-220,Cidades Sustentáveis e Resilientes,Mobilidade Urbana Sustentável,Médias e Grandes Cidades,FIN,FIN: BNDES,2023,CE,FORTALEZA,Nordeste,"5315722",Seleção Normal,0,585000000,585000000,selecionada,,Novo PAC - Retomada,"",
M-221,Cidades Sustentáveis e Resilientes,Mobilidade Urbana Sustentável,Médias e Grandes Cidades,FIN,FIN: FGTS,2023,PI,TERESINA,Nordeste,"044391961",Seleção Normal,0,43939955,43939955,selecionada,,Novo PAC - Retomada,"",
M-222,Cidades Sustentáveis e Resilientes,Mobilidade Urbana Sustentável,Médias e Grandes Cidades,FIN,FIN: FGTS,2023,MG,CONTAGEM,Sudeste,"051798673",Seleção Normal,0,60810032,60810032,selecionada,,Novo PAC - Retomada,"",
M-223,Cidades Sustentáveis e Resilientes,Mobilidade Urbana Sustentável,Médias e Grandes Cidades,OGU,OGU,2023,DF,BRASILIA,Centro-Oeste,"040974880",Seleção Normal,0,0,0,selecionada,,Novo PAC - Retomada,"",
M-224,Cidades Sustentáveis e Resilientes,Mobilidade Urbana Sustentável,Médias e Grandes Cidades,OGU,OGU,2023,PR,CURITIBA,Sul,"043653363",Seleção Normal,134679247,0,134679247,selecionada,,Novo PAC - Retomada,"",
M-225,Cidades Sustentáveis e Resilientes,Resíduos Sólidos,Resíduos Sólidos,FIN,FIN: FGTS,2023,MG,BELO HORIZONTE,Sudeste,"052132002",Seleção Normal,0,16694231.02,16694231.02,selecionada,,Novo PAC - Retomada,"",
M-226,Cidades Sustentáveis e Resilientes,Esgotamento Sanitário,Esgotamento Sanitário,OGU,OGU,2023,SC,LAGES,Sul,"035096785",Seleção Normal,27331949.34,0,27331949.34,selecionada,,Novo PAC - Retomada,"",
M-227,Cidades Sustentáveis e Resilientes,Mobilidade Urbana Sustentável,Médias e Grandes Cidades,FIN,FIN: FGTS,2023,SP,SANTOS,Sudeste,"041065483",Seleção Normal,0,67158258.33,67158258.33,selecionada,,Novo PAC - Retomada,"",
M-228,Cidades Sustentáveis e Resilientes,Mobilidade Urbana Sustentável,Médias e Grandes Cidades,FIN,FIN: FGTS,2023,MG,CONTAGEM,Sudeste,"039612560",Seleção Normal,0,46842474.3,46842474.3,selecionada,,Novo PAC - Retomada,"",
M-229,Cidades Sustentáveis e Resilientes,Esgotamento Sanitário,Esgotamento Sanitário,FIN,FIN: BNDES,2023,PR,ARAPONGAS,Sul,"14205371001",Seleção Normal,0,14823811.73,14823811.73,selecionada,,Novo PAC - Retomada,"",
M-230,Cidades Sustentáveis e Resilientes,Esgotamento Sanitário,Esgotamento Sanitário,OGU,OGU,2023,PE,OLINDA,Nordeste,"035098838",Seleção Normal,38975899.33,0,38975899.33,selecionada,,Novo PAC - Retomada,"",
M-231,Cidades Sustentáveis e Resilientes,Esgotamento Sanitário,Esgotamento Sanitário,OGU,OGU,2023,AC,RIO BRANCO,Norte,"022260595",Seleção Normal,1396568.73,0,1396568.73,selecionada,,Novo PAC - Retomada,"",
M-232,Cidades Sustentáveis e Resilientes,Esgotamento Sanitário,Esgotamento Sanitário,FIN,FIN: FGTS,2023,RN,MACAIBA,Nordeste,"024846442",Seleção Normal,0,3254958.53,3254958.53,selecionada,,Novo PAC - Retomada,"",
M-233,Cidades Sustentáveis e Resilientes,Mobilidade Urbana Sustentável,Médias e Grandes Cidades,FIN,FIN: FGTS,2023,GO,GOIANIA,Centro-Oeste,"039625769",Seleção Normal,0,7337569.76,7337569.76,selecionada,,Novo PAC - Retomada,"",
M-234,Cidades Sustentáveis e Resilientes,Mobilidade Urbana Sustentável,Médias e Grandes Cidades,FIN,FIN: FGTS,2023,SP,SAO BERNARDO DO CAMPO,Sudeste,"039665255",Seleção Normal,0,29864823.15,29864823.15,selecionada,,Novo PAC - Retomada,"",
M-235,Cidades Sustentáveis e Resilientes,Mobilidade Urbana Sustentável,Médias e Grandes Cidades,FIN,FIN: FGTS,2023,BA,SALVADOR,Nordeste,"044334524",Seleção Normal,0,195289044.61,195289044.61,selecionada,,Novo PAC - Retomada,"",
M-236,Cidades Sustentáveis e Resilientes,Esgotamento Sanitário,Esgotamento Sanitário,OGU,OGU,2023,BA,IRECE,Nordeste,"042438845",Seleção Normal,74664802.17,0,74664802.17,selecionada,,Novo PAC - Retomada,"",
M-237,Cidades Sustentáveis e Resilientes,Urbanização de Favelas,Urbanização de Favelas,FIN,FIN: FGTS,2023,PA,ANANINDEUA,Norte,"022902294",Seleção Normal,0,16310180.77,16310180.77,selecionada,,Novo PAC - Retomada,"",
M-238,Cidades Sustentáveis e Resilientes,Esgotamento Sanitário,Esgotamento Sanitário,FIN,FIN: FGTS,2023,PA,BELEM,Norte,"022849608",Seleção Normal,0,3843334.18,3843334.18,selecionada,,Novo PAC - Retomada,"",
M-239,Cidades Sustentáveis e Resilientes,Esgotamento Sanitário,Esgotamento Sanitário,FIN,FIN: FGTS,2023,BA,SALVADOR,Nordeste,"029612439",Seleção Normal,0,47605972.65,47605972.65,selecionada,,Novo PAC - Retomada,"",
M-240,Cidades Sustentáveis e Resilientes,Esgotamento Sanitário,Esgotamento Sanitário,FIN,FIN: FGTS,2023,PR,PALMAS,Sul,"060220185",Seleção Normal,0,46979875,46979875,selecionada,,Novo PAC - Retomada,"",
M-241,Cidades Sustentáveis e Resilientes,Esgotamento Sanitário,Esgotamento Sanitário,FIN,FIN: BNDES,2023,RS,HORIZONTINA,Sul,"12205241005",Seleção Normal,0,12817217.43,12817217.43,selecionada,,Novo PAC - Retomada,"",
M-242,Cidades Sustentáveis e Resilientes,Esgotamento Sanitário,Esgotamento Sanitário,FIN,FIN: FGTS,2023,RS,NOVO HAMBURGO,Sul,"029620390",Seleção Normal,0,26237331,26237331,selecionada,,Novo PAC - Retomada,"",
M-243,Cidades Sustentáveis e Resilientes,Esgotamento Sanitário,Esgotamento Sanitário,FIN,FIN: FGTS,2023,MG,BELO HORIZONTE,Sudeste,"035012373",Seleção Normal,0,7333221.01,7333221.01,selecionada,,Novo PAC - Retomada,"",
M-244,Cidades Sustentáveis e Resilientes,Esgotamento Sanitário,Esgotamento Sanitário,FIN,FIN: BNDES,2023,RS,CACHOEIRINHA,Sul,"11208011019002",Seleção Normal,0,20299042.65,20299042.65,selecionada,,Novo PAC - Retomada,"",
M-245,Cidades Sustentáveis e Resilientes,Esgotamento Sanitário,Esgotamento Sanitário,FIN,FIN: FGTS,2023,RS,PASSO FUNDO,Sul,"042559252",Seleção Normal,0,43868202.15,43868202.15,selecionada,,Novo PAC - Retomada,"",
M-246,Cidades Sustentáveis e Resilientes,Esgotamento Sanitário,Esgotamento Sanitário,FIN,FIN: FGTS,2023,SP,SAO PAULO,Sudeste,"041054993",Seleção Normal,0,300223839.42,300223839.42,selecionada,,Novo PAC - Retomada,"",
M-247,Cidades Sustentáveis e Resilientes,Esgotamento Sanitário,Esgotamento Sanitário,FIN,FIN: FGTS,2023,SP,SAO PAULO,Sudeste,"042768281",Seleção Normal,0,33612553.04,33612553.04,selecionada,,Novo PAC - Retomada,"",
M-248,Cidades Sustentáveis e Resilientes,Esgotamento Sanitário,Esgotamento Sanitário,FIN,FIN: FGTS,2023,MG,ITABIRA,Sudeste,"042699982",Seleção Normal,0,6618727.91,6618727.91,selecionada,,Novo PAC - Retomada,"",
M-249,Cidades Sustentáveis e Resilientes,Esgotamento Sanitário,Esgotamento Sanitário,FIN,FIN: FGTS,2023,MG,DIVINO,Sudeste,"050645073",Seleção Normal,0,8896835.72,8896835.72,selecionada,,Novo PAC - Retomada,"",
M-250,Cidades Sustentáveis e Resilientes,Urbanização de Favelas,Urbanização de Favelas,FIN,FIN: FGTS,2023,PA,ANANINDEUA,Norte,"022906068",Seleção Normal,0,6576002.9,6576002.9,selecionada,,Novo PAC - Retomada,"",
M-251,Cidades Sustentáveis e Resilientes,Urbanização de Favelas,Urbanização de Favelas,FIN,FIN: FGTS,2023,PB,JOAO PESSOA,Nordeste,"035033084",Seleção Normal,0,6675103.52,6675103.52,selecionada,,Novo PAC - Retomada,"",
M-252,Cidades Sustentáveis e Resilientes,Esgotamento Sanitário,Esgotamento Sanitário,FIN,FIN: FGTS,2023,TO,PARAISO DO TOCANTINS,Norte,"038467562",Seleção Normal,0,6986199.16,6986199.16,selecionada,,Novo PAC - Retomada,"",
M-253,Cidades Sustentáveis e Resilientes,Esgotamento Sanitário,Esgotamento Sanitário,FIN,FIN: FGTS,2023,TO,MIRACEMA DO TOCANTINS,Norte,"041113173",Seleção Normal,0,2972207.77,2972207.77,selecionada,,Novo PAC - Retomada,"",
M-254,Cidades Sustentáveis e Resilientes,Esgotamento Sanitário,Esgotamento Sanitário,FIN,FIN: FGTS,2023,MG,ALEM PARAIBA,Sudeste,"050643803",Seleção Normal,0,43568004.73,43568004.73,selecionada,,Novo PAC - Retomada,"",
M-255,Cidades Sustentáveis e Resilientes,Mobilidade Urbana Sustentável,Médias e Grandes Cidades,FIN,FIN: FGTS,2023,DF,BRASILIA,Centro-Oeste,"039462569",Seleção Normal,0,170604224.17,170604224.17,selecionada,,Novo PAC - Retomada,"",
M-256,Cidades Sustentáveis e Resilientes,Esgotamento Sanitário,Esgotamento Sanitário,FIN,FIN: FGTS,2023,MS,AQUIDAUANA,Centro-Oeste,"050567903",Seleção Normal,0,5069949.75,5069949.75,selecionada,,Novo PAC - Retomada,"",
M-257,Cidades Sustentáveis e Resilientes,Resíduos Sólidos,Resíduos Sólidos,FIN,FIN: FGTS,2023,SP,SAO CAETANO DO SUL,Sudeste,"050599206",Seleção Normal,0,6653733.24,6653733.24,selecionada,,Novo PAC - Retomada,"",
M-258,Cidades Sustentáveis e Resilientes,Esgotamento Sanitário,Esgotamento Sanitário,FIN,FIN: FGTS,2023,MS,MARACAJU,Centro-Oeste,"050569507",Seleção Normal,0,4942292.04,4942292.04,selecionada,,Novo PAC - Retomada,"",
M-259,Cidades Sustentáveis e Resilientes,Esgotamento Sanitário,Esgotamento Sanitário,FIN,FIN: FGTS,2023,MS,SIDROLANDIA,Centro-Oeste,"051088493",Seleção Normal,0,6882532.29,6882532.29,selecionada,,Novo PAC - Retomada,"",
M-260,Cidades Sustentáveis e Resilientes,Esgotamento Sanitário,Esgotamento Sanitário,FIN,FIN: FGTS,2023,PR,NOVA SANTA ROSA,Sul,"050524448",Seleção Normal,0,21646828.81,21646828.81,selecionada,,Novo PAC - Retomada,"",
M-261,Cidades Sustentáveis e Resilientes,Esgotamento Sanitário,Esgotamento Sanitário,FIN,FIN: BNDES,2023,RS,SAO LUIZ GONZAGA,Sul,"18203741002",Seleção Normal,0,22406000,22406000,selecionada,,Novo PAC - Retomada,"",
M-262,Cidades Sustentáveis e Resilientes,Esgotamento Sanitário,Esgotamento Sanitário,FIN,FIN: FGTS,2023,SP,AVARE,Sudeste,"050592697",Seleção Normal,0,4934695.26,4934695.26,selecionada,,Novo PAC - Retomada,"",
M-263,Cidades Sustentáveis e Resilientes,Esgotamento Sanitário,Esgotamento Sanitário,FIN,FIN: FGTS,2023,SP,MAIRIPORA,Sudeste,"050595444",Seleção Normal,0,33566289.17,33566289.17,selecionada,,Novo PAC - Retomada,"",
M-264,Cidades Sustentáveis e Resilientes,Esgotamento Sanitário,Esgotamento Sanitário,FIN,FIN: FGTS,2023,MG,ABAETE,Sudeste,"052104676",Seleção Normal,0,17674982.78,17674982.78,selecionada,,Novo PAC - Retomada,"",
M-265,Cidades Sustentáveis e Resilientes,Mobilidade Urbana Sustentável,Médias e Grandes Cidades,FIN,FIN: FGTS,2023,SP,OSASCO,Sudeste,"041065598",Seleção Normal,0,113197222,113197222,selecionada,,Novo PAC - Retomada,"",
M-266,Cidades Sustentáveis e Resilientes,Esgotamento Sanitário,Esgotamento Sanitário,FIN,FIN: FGTS,2023,MG,PATOS DE MINAS,Sudeste,"052105370",Seleção Normal,0,8546590.9,8546590.9,selecionada,,Novo PAC - Retomada,"",
M-267,Cidades Sustentáveis e Resilientes,Esgotamento Sanitário,Esgotamento Sanitário,FIN,FIN: FGTS,2023,MS,ITAPORA,Centro-Oeste,"052144839",Seleção Normal,0,6860444.92,6860444.92,selecionada,,Novo PAC - Retomada,"",
M-268,Cidades Sustentáveis e Resilientes,Esgotamento Sanitário,Esgotamento Sanitário,FIN,FIN: FGTS,2023,MS,RIO NEGRO,Centro-Oeste,"052128134",Seleção Normal,0,1828906.56,1828906.56,selecionada,,Novo PAC - Retomada,"",
M-269,Cidades Sustentáveis e Resilientes,Esgotamento Sanitário,Esgotamento Sanitário,FIN,FIN: FGTS,2023,CE,JIJOCA DE JERICOACOARA,Nordeste,"052072024",Seleção Normal,0,25871032.38,25871032.38,selecionada,,Novo PAC - Retomada,"",
M-270,Cidades Sustentáveis e Resilientes,Esgotamento Sanitário,Esgotamento Sanitário,FIN,FIN: FGTS,2023,SP,SANTA GERTRUDES,Sudeste,"059766132",Seleção Normal,0,2853335.33,2853335.33,selecionada,,Novo PAC - Retomada,"",
M-271,Cidades Sustentáveis e Resilientes,Esgotamento Sanitário,Esgotamento Sanitário,FIN,FIN: FGTS,2023,TO,PEIXE,Norte,"059765335",Seleção Normal,0,6232501,6232501,selecionada,,Novo PAC - Retomada,"",
M-272,Cidades Sustentáveis e Resilientes,Esgotamento Sanitário,Esgotamento Sanitário,FIN,FIN: FGTS,2023,MS,CAMAPUA,Centro-Oeste,"052127005",Seleção Normal,0,8617019.13,8617019.13,selecionada,,Novo PAC - Retomada,"",
M-273,Cidades Sustentáveis e Resilientes,Esgotamento Sanitário,Esgotamento Sanitário,FIN,FIN: FGTS,2023,MS,MIRANDA,Centro-Oeste,"052131319",Seleção Normal,0,10996351.53,10996351.53,selecionada,,Novo PAC - Retomada,"",
M-274,Cidades Sustentáveis e Resilientes,Esgotamento Sanitário,Esgotamento Sanitário,FIN,FIN: FGTS,2023,PA,SANTAREM,Norte,"052128790",Seleção Normal,0,48538747.44,48538747.44,selecionada,,Novo PAC - Retomada,"",
M-275,Cidades Sustentáveis e Resilientes,Esgotamento Sanitário,Esgotamento Sanitário,FIN,FIN: FGTS,2023,SC,SAO BENTO DO SUL,Sul,"052665237",Seleção Normal,0,10630971.26,10630971.26,selecionada,,Novo PAC - Retomada,"",
M-276,Cidades Sustentáveis e Resilientes,Esgotamento Sanitário,Esgotamento Sanitário,FIN,FIN: FGTS,2023,TO,GUARAI,Norte,"059776032",Seleção Normal,0,21228856.05,21228856.05,selecionada,,Novo PAC - Retomada,"",
M-277,Cidades Sustentáveis e Resilientes,Esgotamento Sanitário,Esgotamento Sanitário,FIN,FIN: FGTS,2023,PE,RECIFE,Nordeste,"052054598",Seleção Normal,0,52858836.31,52858836.31,selecionada,,Novo PAC - Retomada,"",
M-278,Cidades Sustentáveis e Resilientes,Esgotamento Sanitário,Esgotamento Sanitário,FIN,FIN: FGTS,2023,SC,PORTO UNIAO,Sul,"060015920",Seleção Normal,0,23607774.02,23607774.02,selecionada,,Novo PAC - Retomada,"",
M-279,Cidades Sustentáveis e Resilientes,Esgotamento Sanitário,Esgotamento Sanitário,OGU,OGU,2023,RN,NATAL,Nordeste,"040871578",Seleção Normal,131251173.12,0,131251173.12,selecionada,,Novo PAC - Retomada,"",
M-280,Cidades Sustentáveis e Resilientes,Esgotamento Sanitário,Esgotamento Sanitário,OGU,OGU,2023,MS,CORUMBA,Centro-Oeste,"042438063",Seleção Normal,104430.28,0,104430.28,selecionada,,Novo PAC - Retomada,"",
M-281,Cidades Sustentáveis e Resilientes,Esgotamento Sanitário,Esgotamento Sanitário,OGU,OGU,2023,RS,SANT'ANA DO LIVRAMENTO,Sul,"035092793",Seleção Normal,10327300.49,0,10327300.49,selecionada,,Novo PAC - Retomada,"",
M-282,Cidades Sustentáveis e Resilientes,Esgotamento Sanitário,Esgotamento Sanitário,FIN,FIN: FGTS,2023,SP,CAMPINAS,Sudeste,"052679449",Seleção Normal,0,119717974.87,119717974.87,selecionada,,Novo PAC - Retomada,"",
M-283,Cidades Sustentáveis e Resilientes,Esgotamento Sanitário,Esgotamento Sanitário,OGU,OGU,2023,MA,SAO LUIS,Nordeste,"040867931",Seleção Normal,101776924.46,0,101776924.46,selecionada,,Novo PAC - Retomada,"",
M-284,Cidades Sustentáveis e Resilientes,Esgotamento Sanitário,Esgotamento Sanitário,OGU,OGU,2023,ES,COLATINA,Sudeste,"042442827",Seleção Normal,0,0,0,selecionada,,Novo PAC - Retomada,"",
M-285,Cidades Sustentáveis e Resilientes,Esgotamento Sanitário,Esgotamento Sanitário,OGU,OGU,2023,RS,SAO LEOPOLDO,Sul,"044275240",Seleção Normal,74942831.1,0,74942831.1,selecionada,,Novo PAC - Retomada,"",
M-286,Cidades Sustentáveis e Resilientes,Esgotamento Sanitário,Esgotamento Sanitário,OGU,OGU,2023,RN,CAICO,Nordeste,"035095104",Seleção Normal,3705690,0,3705690,selecionada,,Novo PAC - Retomada,"",
M-287,Cidades Sustentáveis e Resilientes,Esgotamento Sanitário,Esgotamento Sanitário,OGU,OGU,2023,PR,SARANDI,Sul,"042438395",Seleção Normal,477582.58,0,477582.58,selecionada,,Novo PAC - Retomada,"",
M-288,Cidades Sustentáveis e Resilientes,Esgotamento Sanitário,Esgotamento Sanitário,OGU,OGU,2023,GO,GOIANIA,Centro-Oeste,"040867827",Seleção Normal,24813560.15,0,24813560.15,selecionada,,Novo PAC - Retomada,"",
M-289,Cidades Sustentáveis e Resilientes,Esgotamento Sanitário,Esgotamento Sanitário,OGU,OGU,2023,MA,SAO LUIS,Nordeste,"021834892",Seleção Normal,15530436.48,0,15530436.48,selecionada,,Novo PAC - Retomada,"",
M-290,Cidades Sustentáveis e Resilientes,Esgotamento Sanitário,Esgotamento Sanitário,OGU,OGU,2023,CE,SOBRAL,Nordeste,"042442931",Seleção Normal,7728471.49,0,7728471.49,selecionada,,Novo PAC - Retomada,"",
M-291,Cidades Sustentáveis e Resilientes,Esgotamento Sanitário,Esgotamento Sanitário,OGU,OGU,2023,MS,TRES LAGOAS,Centro-Oeste,"042438177",Seleção Normal,24174871.97,0,24174871.97,selecionada,,Novo PAC - Retomada,"",
M-292,Cidades Sustentáveis e Resilientes,Esgotamento Sanitário,Esgotamento Sanitário,OGU,OGU,2023,MG,JOAO MONLEVADE,Sudeste,"035092460",Seleção Normal,5487220.29,0,5487220.29,selecionada,,Novo PAC - Retomada,"",
M-293,Cidades Sustentáveis e Resilientes,Esgotamento Sanitário,Esgotamento Sanitário,OGU,OGU,2023,MG,RIBEIRAO DAS NEVES,Sudeste,"044275136",Seleção Normal,46627493.65,0,46627493.65,selecionada,,Novo PAC - Retomada,"",
M-294,Cidades Sustentáveis e Resilientes,Esgotamento Sanitário,Esgotamento Sanitário,OGU,OGU,2023,RN,PARNAMIRIM,Nordeste,"042440004",Seleção Normal,57650906.4,0,57650906.4,selecionada,,Novo PAC - Retomada,"",
M-295,Cidades Sustentáveis e Resilientes,Esgotamento Sanitário,Esgotamento Sanitário,OGU,OGU,2023,SC,JOINVILLE,Sul,"040868738",Seleção Normal,20856177.62,0,20856177.62,selecionada,,Novo PAC - Retomada,"",
M-296,Cidades Sustentáveis e Resilientes,Urbanização de Favelas,Urbanização de Favelas,FIN,FIN: FGTS,2023,RO,PORTO VELHO,Norte,"023867140",Seleção Normal,0,10354155.42,10354155.42,selecionada,,Novo PAC - Retomada,"",
M-297,Cidades Sustentáveis e Resilientes,Esgotamento Sanitário,Esgotamento Sanitário,OGU,OGU,2023,RJ,BELFORD ROXO,Sudeste,"042444649",Seleção Normal,4582651.96,0,4582651.96,selecionada,,Novo PAC - Retomada,"",
M-298,Cidades Sustentáveis e Resilientes,Esgotamento Sanitário,Esgotamento Sanitário,OGU,OGU,2023,ES,COLATINA,Sudeste,"035085641",Seleção Normal,5009012.18,0,5009012.18,selecionada,,Novo PAC - Retomada,"",
M-299,Cidades Sustentáveis e Resilientes,Esgotamento Sanitário,Esgotamento Sanitário,OGU,OGU,2023,RN,MOSSORO,Nordeste,"035096452",Seleção Normal,9283645.8,0,9283645.8,selecionada,,Novo PAC - Retomada,"",
M-300,Cidades Sustentáveis e Resilientes,Esgotamento Sanitário,Esgotamento Sanitário,OGU,OGU,2023,BA,CAMACARI,Nordeste,"035097709",Seleção Normal,0,0,0,selecionada,,Novo PAC - Retomada,"",
M-301,Cidades Sustentáveis e Resilientes,Mobilidade Urbana Sustentável,Médias e Grandes Cidades,FIN,FIN: FGTS,2023,SP,RIBEIRAO PRETO,Sudeste,"041239033",Seleção Normal,0,93142931.4,93142931.4,selecionada,,Novo PAC - Retomada,"",
M-302,Cidades Sustentáveis e Resilientes,Mobilidade Urbana Sustentável,Médias e Grandes Cidades,FIN,FIN: FGTS,2023,SP,CAMPINAS,Sudeste,"041119322",Seleção Normal,0,9778237.91,9778237.91,selecionada,,Novo PAC - Retomada,"",
M-303,Cidades Sustentáveis e Resilientes,Mobilidade Urbana Sustentável,Médias e Grandes Cidades,FIN,FIN: FGTS,2023,PE,RECIFE,Nordeste,"039764138",Seleção Normal,0,352651134.36,352651134.36,selecionada,,Novo PAC - Retomada,"",
M-304,Cidades Sustentáveis e Resilientes,Esgotamento Sanitário,Esgotamento Sanitário,OGU,OGU,2023,PE,OLINDA,Nordeste,"022263550",Seleção Normal,39021318.26,0,39021318.26,selecionada,,Novo PAC - Retomada,"",
M-305,Cidades Sustentáveis e Resilientes,Esgotamento Sanitário,Esgotamento Sanitário,OGU,OGU,2023,BA,SALVADOR,Nordeste,"021870411",Seleção Normal,0,0,0,selecionada,,Novo PAC - Retomada,"",
M-306,Cidades Sustentáveis e Resilientes,Esgotamento Sanitário,Esgotamento Sanitário,OGU,OGU,2023,MG,CONTAGEM,Sudeste,"039847653",Seleção Normal,10975079.53,0,10975079.53,selecionada,,Novo PAC - Retomada,"",
M-307,Cidades Sustentáveis e Resilientes,Esgotamento Sanitário,Esgotamento Sanitário,OGU,OGU,2023,PI,PARNAIBA,Nordeste,"021877240",Seleção Normal,0,0,0,selecionada,,Novo PAC - Retomada,"",
M-308,Cidades Sustentáveis e Resilientes,Esgotamento Sanitário,Esgotamento Sanitário,OGU,OGU,2023,GO,SANTO ANTONIO DO DESCOBERTO,Centro-Oeste,"042444085",Seleção Normal,13999000,0,13999000,selecionada,,Novo PAC - Retomada,"",
M-309,Cidades Sustentáveis e Resilientes,Urbanização de Favelas,Urbanização de Favelas,OGU,OGU,2023,BA,SALVADOR,Nordeste,"021885547",Seleção Normal,16995366.72,0,16995366.72,selecionada,,Novo PAC - Retomada,"",
M-310,Cidades Sustentáveis e Resilientes,Urbanização de Favelas,Urbanização de Favelas,OGU,OGU,2023,MA,SAO LUIS,Nordeste,"022291322",Seleção Normal,4970703.74,0,4970703.74,selecionada,,Novo PAC - Retomada,"",
M-311,Cidades Sustentáveis e Resilientes,Urbanização de Favelas,Urbanização de Favelas,OGU,OGU,2023,PA,BELEM,Norte,"021874506",Seleção Normal,12119031.42,0,12119031.42,selecionada,,Novo PAC - Retomada,"",
M-312,Cidades Sustentáveis e Resilientes,Urbanização de Favelas,Urbanização de Favelas,OGU,OGU,2023,RS,SANTA MARIA,Sul,"021881556",Seleção Normal,3868672.95,0,3868672.95,selecionada,,Novo PAC - Retomada,"",
M-313,Cidades Sustentáveis e Resilientes,Urbanização de Favelas,Urbanização de Favelas,OGU,OGU,2023,SP,SAO VICENTE,Sudeste,"021884624",Seleção Normal,0,0,0,selecionada,,Novo PAC - Retomada,"",
M-314,Cidades Sustentáveis e Resilientes,Urbanização de Favelas,Urbanização de Favelas,OGU,OGU,2023,SP,SANTO ANDRE,Sudeste,"022266744",Seleção Normal,1397741.96,0,1397741.96,selecionada,,Novo PAC - Retomada,"",
M-315,Cidades Sustentáveis e Resilientes,Urbanização de Favelas,Urbanização de Favelas,OGU,OGU,2023,SP,VARZEA PAULISTA,Sudeste,"031965560",Seleção Normal,0,0,0,selecionada,,Novo PAC - Retomada,"",
M-316,Cidades Sustentáveis e Resilientes,Urbanização de Favelas,Urbanização de Favelas,OGU,OGU,2023,MG,CONTAGEM,Sudeste,"030152616",Seleção Normal,0,0,0,selecionada,,Novo PAC - Retomada,"",
M-317,Cidades Sustentáveis e Resilientes,Urbanização de Favelas,Urbanização de Favelas,OGU,OGU,2023,PE,CABO DE SANTO AGOSTINHO,Nordeste,"030154323",Seleção Normal,5722932.83,0,5722932.83,selecionada,,Novo PAC - Retomada,"",
M-318,Cidades Sustentáveis e Resilientes,Urbanização de Favelas,Urbanização de Favelas,OGU,OGU,2023,MG,SANTANA DO PARAISO,Sudeste,"035225176",Seleção Normal,0,0,0,selecionada,,Novo PAC - Retomada,"",
M-319,Cidades Sustentáveis e Resilientes,Urbanização de Favelas,Urbanização de Favelas,FIN,FIN: FGTS,2023,RS,SANTA CRUZ DO SUL,Sul,"029435140",Seleção Normal,0,5299659.37,5299659.37,selecionada,,Novo PAC - Retomada,"",
M-320,Cidades Sustentáveis e Resilientes,Esgotamento Sanitário,Esgotamento Sanitário,OGU,OGU,2023,GO,AGUAS LINDAS DE GOIAS,Centro-Oeste,"040872710",Seleção Normal,2638086.65,0,2638086.65,selecionada,,Novo PAC - Retomada,"",
M-321,Cidades Sustentáveis e Resilientes,Esgotamento Sanitário,Esgotamento Sanitário,OGU,OGU,2023,CE,FORTALEZA,Nordeste,"029383124",Seleção Normal,23529480.21,0,23529480.21,selecionada,,Novo PAC - Retomada,"",
M-322,Cidades Sustentáveis e Resilientes,Esgotamento Sanitário,Esgotamento Sanitário,FIN,FIN: FGTS,2023,MG,ITAMARANDIBA,Sudeste,"050644264",Seleção Normal,0,1985704.04,1985704.04,selecionada,,Novo PAC - Retomada,"",
M-323,Cidades Sustentáveis e Resilientes,Esgotamento Sanitário,Esgotamento Sanitário,FIN,FIN: FGTS,2023,MS,GUIA LOPES DA LAGUNA,Centro-Oeste,"050569161",Seleção Normal,0,2810393.15,2810393.15,selecionada,,Novo PAC - Retomada,"",
M-324,Água Para Todos,Abastecimento de Água,Abastecimento de Água - Urbano,FIN,FIN: FGTS,2023,TO,SAO MIGUEL DO TOCANTINS,Norte,"059774312",Seleção Normal,0,4007871.07,4007871.07,selecionada,,Novo PAC - Retomada,"",
M-325,Cidades Sustentáveis e Resilientes,Mobilidade Urbana Sustentável,Médias e Grandes Cidades,OGU,OGU,2023,SP,CAMPINAS,Sudeste,"042736769",Seleção Normal,0,0,0,selecionada,,Novo PAC - Retomada,"",
M-326,Cidades Sustentáveis e Resilientes,Esgotamento Sanitário,Esgotamento Sanitário,FIN,FIN: FGTS,2023,MS,NOVA ANDRADINA,Centro-Oeste,"050569943",Seleção Normal,0,8591822.45,8591822.45,selecionada,,Novo PAC - Retomada,"",
M-327,Cidades Sustentáveis e Resilientes,Esgotamento Sanitário,Esgotamento Sanitário,OGU,OGU,2023,CE,TAUA,Nordeste,"035094951",Seleção Normal,4083654.04,0,4083654.04,selecionada,,Novo PAC - Retomada,"",
M-328,Cidades Sustentáveis e Resilientes,Esgotamento Sanitário,Esgotamento Sanitário,FIN,FIN: FGTS,2023,PR,GUAIRA,Sul,"050524002",Seleção Normal,0,28943907.58,28943907.58,selecionada,,Novo PAC - Retomada,"",
M-329,Cidades Sustentáveis e Resilientes,Urbanização de Favelas,Urbanização de Favelas,FIN,FIN: FGTS,2023,PB,JOAO PESSOA,Nordeste,"022902630",Seleção Normal,0,7264418.84,7264418.84,selecionada,,Novo PAC - Retomada,"",
M-330,Cidades Sustentáveis e Resilientes,Urbanização de Favelas,Urbanização de Favelas,FIN,FIN: FGTS,2023,DF,BRASILIA,Centro-Oeste,"026222534",Seleção Normal,0,83863663.07,83863663.07,selecionada,,Novo PAC - Retomada,"",
M-331,Cidades Sustentáveis e Resilientes,Urbanização de Favelas,Urbanização de Favelas,FIN,FIN: FGTS,2023,SP,SAO BERNARDO DO CAMPO,Sudeste,"034981412",Seleção Normal,0,18097753.74,18097753.74,selecionada,,Novo PAC - Retomada,"",
M-332,Cidades Sustentáveis e Resilientes,Esgotamento Sanitário,Esgotamento Sanitário,FIN,FIN: FGTS,2023,PR,VITORINO,Sul,"050524990",Seleção Normal,0,5984511.25,5984511.25,selecionada,,Novo PAC - Retomada,"",
M-333,Cidades Sustentáveis e Resilientes,Esgotamento Sanitário,Esgotamento Sanitário,OGU,OGU,2023,PB,JOAO PESSOA,Nordeste,"035088041",Seleção Normal,6045398.23,0,6045398.23,selecionada,,Novo PAC - Retomada,"",
M-334,Cidades Sustentáveis e Resilientes,Esgotamento Sanitário,Esgotamento Sanitário,OGU,OGU,2023,RN,MOSSORO,Nordeste,"042440440",Seleção Normal,3001492.81,0,3001492.81,selecionada,,Novo PAC - Retomada,"",
M-335,Cidades Sustentáveis e Resilientes,Esgotamento Sanitário,Esgotamento Sanitário,OGU,OGU,2023,RS,PELOTAS,Sul,"035088606",Seleção Normal,673689.92,0,673689.92,selecionada,,Novo PAC - Retomada,"",
M-336,Água Para Todos,Abastecimento de Água,Abastecimento de Água - Urbano,FIN,FIN: BNDES,2023,PR,PARANAVAI,Sul,"14205371005",Seleção Normal,0,43728447,43728447,selecionada,,Novo PAC - Retomada,"",
M-337,Cidades Sustentáveis e Resilientes,Esgotamento Sanitário,Esgotamento Sanitário,OGU,OGU,2023,MG,MURIAE,Sudeste,"042441916",Seleção Normal,25472350.3,0,25472350.3,selecionada,,Novo PAC - Retomada,"",
M-338,Cidades Sustentáveis e Resilientes,Esgotamento Sanitário,Esgotamento Sanitário,OGU,OGU,2023,SC,GASPAR,Sul,"044274651",Seleção Normal,36649189.93,0,36649189.93,selecionada,,Novo PAC - Retomada,"",
M-339,Cidades Sustentáveis e Resilientes,Esgotamento Sanitário,Esgotamento Sanitário,OGU,OGU,2023,MG,FORMIGA,Sudeste,"035092241",Seleção Normal,1392478.21,0,1392478.21,selecionada,,Novo PAC - Retomada,"",
M-340,Cidades Sustentáveis e Resilientes,Esgotamento Sanitário,Esgotamento Sanitário,OGU,OGU,2023,BA,EUNAPOLIS,Nordeste,"044274879",Seleção Normal,146949169.93,0,146949169.93,selecionada,,Novo PAC - Retomada,"",
M-341,Cidades Sustentáveis e Resilientes,Esgotamento Sanitário,Esgotamento Sanitário,OGU,OGU,2023,PE,OLINDA,Nordeste,"035086333",Seleção Normal,29294623.66,0,29294623.66,selecionada,,Novo PAC - Retomada,"",
M-342,Cidades Sustentáveis e Resilientes,Esgotamento Sanitário,Esgotamento Sanitário,OGU,OGU,2023,GO,ANAPOLIS,Centro-Oeste,"040869199",Seleção Normal,44855699.56,0,44855699.56,selecionada,,Novo PAC - Retomada,"",
M-343,Cidades Sustentáveis e Resilientes,Esgotamento Sanitário,Esgotamento Sanitário,OGU,OGU,2023,GO,SENADOR CANEDO,Centro-Oeste,"042439538",Seleção Normal,26178656.23,0,26178656.23,selecionada,,Novo PAC - Retomada,"",
M-344,Cidades Sustentáveis e Resilientes,Esgotamento Sanitário,Esgotamento Sanitário,FIN,FIN: FGTS,2023,BA,SALVADOR,Nordeste,"022869731",Seleção Normal,0,14614310.34,14614310.34,selecionada,,Novo PAC - Retomada,"",
M-345,Cidades Sustentáveis e Resilientes,Esgotamento Sanitário,Esgotamento Sanitário,FIN,FIN: FGTS,2023,SC,BIGUACU,Sul,"035018637",Seleção Normal,0,26852991.84,26852991.84,selecionada,,Novo PAC - Retomada,"",
M-346,Cidades Sustentáveis e Resilientes,Esgotamento Sanitário,Esgotamento Sanitário,FIN,FIN: FGTS,2023,PB,AREIA,Nordeste,"037728270",Seleção Normal,0,8037644.71,8037644.71,selecionada,,Novo PAC - Retomada,"",
M-347,Cidades Sustentáveis e Resilientes,Esgotamento Sanitário,Esgotamento Sanitário,FIN,FIN: BNDES,2023,RS,XANGRI-LA,Sul,"12205241009",Seleção Normal,0,14651179.4,14651179.4,selecionada,,Novo PAC - Retomada,"",
M-348,Cidades Sustentáveis e Resilientes,Esgotamento Sanitário,Esgotamento Sanitário,FIN,FIN: FGTS,2023,GO,CRISTALINA,Centro-Oeste,"041051719",Seleção Normal,0,11442861.27,11442861.27,selecionada,,Novo PAC - Retomada,"",
M-349,Cidades Sustentáveis e Resilientes,Esgotamento Sanitário,Esgotamento Sanitário,FIN,FIN: BNDES,2023,PR,UNIAO DA VITORIA,Sul,"14205371004",Seleção Normal,0,18600304.78,18600304.78,selecionada,,Novo PAC - Retomada,"",
M-350,Cidades Sustentáveis e Resilientes,Esgotamento Sanitário,Esgotamento Sanitário,FIN,FIN: FGTS,2023,SP,SAO PAULO,Sudeste,"042775125",Seleção Normal,0,126930722.12,126930722.12,selecionada,,Novo PAC - Retomada,"",
M-351,Cidades Sustentáveis e Resilientes,Esgotamento Sanitário,Esgotamento Sanitário,FIN,FIN: FGTS,2023,PE,RECIFE,Nordeste,"041460675",Seleção Normal,0,23613616.24,23613616.24,selecionada,,Novo PAC - Retomada,"",
M-352,Cidades Sustentáveis e Resilientes,Esgotamento Sanitário,Esgotamento Sanitário,FIN,FIN: FGTS,2023,MG,CARMO DA CACHOEIRA,Sudeste,"050644828",Seleção Normal,0,6238140.55,6238140.55,selecionada,,Novo PAC - Retomada,"",
M-353,Cidades Sustentáveis e Resilientes,Esgotamento Sanitário,Esgotamento Sanitário,OGU,OGU,2023,MG,VICOSA,Sudeste,"035092910",Seleção Normal,3130842,0,3130842,selecionada,,Novo PAC - Retomada,"",
M-354,Cidades Sustentáveis e Resilientes,Esgotamento Sanitário,Esgotamento Sanitário,OGU,OGU,2023,SP,SAO CARLOS,Sudeste,"042441133",Seleção Normal,11018921.54,0,11018921.54,selecionada,,Novo PAC - Retomada,"",
M-355,Cidades Sustentáveis e Resilientes,Esgotamento Sanitário,Esgotamento Sanitário,OGU,OGU,2023,CE,CAMOCIM,Nordeste,"042443174",Seleção Normal,6490612.72,0,6490612.72,selecionada,,Novo PAC - Retomada,"",
M-356,Cidades Sustentáveis e Resilientes,Esgotamento Sanitário,Esgotamento Sanitário,OGU,OGU,2023,MG,SETE LAGOAS,Sudeste,"042440556",Seleção Normal,37487447.76,0,37487447.76,selecionada,,Novo PAC - Retomada,"",
M-357,Cidades Sustentáveis e Resilientes,Esgotamento Sanitário,Esgotamento Sanitário,OGU,OGU,2023,BA,CAMACARI,Nordeste,"040872938",Seleção Normal,80729000,0,80729000,selecionada,,Novo PAC - Retomada,"",
M-358,Cidades Sustentáveis e Resilientes,Esgotamento Sanitário,Esgotamento Sanitário,OGU,OGU,2023,GO,LUZIANIA,Centro-Oeste,"044169961",Seleção Normal,50346714.71,0,50346714.71,selecionada,,Novo PAC - Retomada,"",
M-359,Cidades Sustentáveis e Resilientes,Esgotamento Sanitário,Esgotamento Sanitário,OGU,OGU,2023,BA,LAURO DE FREITAS,Nordeste,"035096567",Seleção Normal,508835.4,0,508835.4,selecionada,,Novo PAC - Retomada,"",
M-360,Cidades Sustentáveis e Resilientes,Esgotamento Sanitário,Esgotamento Sanitário,OGU,OGU,2023,GO,CIDADE OCIDENTAL,Centro-Oeste,"042444199",Seleção Normal,18891926.37,0,18891926.37,selecionada,,Novo PAC - Retomada,"",
M-361,Cidades Sustentáveis e Resilientes,Esgotamento Sanitário,Esgotamento Sanitário,OGU,OGU,2023,SP,DIADEMA,Sudeste,"021882466",Seleção Normal,0,0,0,selecionada,,Novo PAC - Retomada,"",
M-362,Cidades Sustentáveis e Resilientes,Esgotamento Sanitário,Esgotamento Sanitário,OGU,OGU,2023,PE,PAULISTA,Nordeste,"022391899",Seleção Normal,495941.2,0,495941.2,selecionada,,Novo PAC - Retomada,"",
M-363,Cidades Sustentáveis e Resilientes,Esgotamento Sanitário,Esgotamento Sanitário,OGU,OGU,2023,RS,VIAMAO,Sul,"022435068",Seleção Normal,1689700.12,0,1689700.12,selecionada,,Novo PAC - Retomada,"",
M-364,Cidades Sustentáveis e Resilientes,Esgotamento Sanitário,Esgotamento Sanitário,OGU,OGU,2023,RS,BENTO GONCALVES,Sul,"035096015",Seleção Normal,0,0,0,selecionada,,Novo PAC - Retomada,"",
M-365,Cidades Sustentáveis e Resilientes,Esgotamento Sanitário,Esgotamento Sanitário,OGU,OGU,2023,BA,DIAS D'AVILA,Nordeste,"042443842",Seleção Normal,71985455.97,0,71985455.97,selecionada,,Novo PAC - Retomada,"",
M-366,Cidades Sustentáveis e Resilientes,Esgotamento Sanitário,Esgotamento Sanitário,OGU,OGU,2023,CE,FORTALEZA,Nordeste,"021872129",Seleção Normal,35344301.99,0,35344301.99,selecionada,,Novo PAC - Retomada,"",
M-367,Cidades Sustentáveis e Resilientes,Esgotamento Sanitário,Esgotamento Sanitário,OGU,OGU,2023,SP,MOGI GUACU,Sudeste,"042439205",Seleção Normal,9234855.18,0,9234855.18,selecionada,,Novo PAC - Retomada,"",
M-368,Cidades Sustentáveis e Resilientes,Esgotamento Sanitário,Esgotamento Sanitário,OGU,OGU,2023,GO,GOIANIA,Centro-Oeste,"022602562",Seleção Normal,7900384.77,0,7900384.77,selecionada,,Novo PAC - Retomada,"",
M-369,Cidades Sustentáveis e Resilientes,Esgotamento Sanitário,Esgotamento Sanitário,OGU,OGU,2023,SE,ARACAJU,Nordeste,"041318129",Seleção Normal,13005273.23,0,13005273.23,selecionada,,Novo PAC - Retomada,"",
M-370,Cidades Sustentáveis e Resilientes,Esgotamento Sanitário,Esgotamento Sanitário,OGU,OGU,2023,AP,MACAPA,Norte,"022655142",Seleção Normal,0,0,0,selecionada,,Novo PAC - Retomada,"",
M-371,Cidades Sustentáveis e Resilientes,Esgotamento Sanitário,Esgotamento Sanitário,OGU,OGU,2023,PE,OLINDA,Nordeste,"021859827",Seleção Normal,784.15,0,784.15,selecionada,,Novo PAC - Retomada,"",
M-372,Cidades Sustentáveis e Resilientes,Esgotamento Sanitário,Esgotamento Sanitário,OGU,OGU,2023,SP,JACAREI,Sudeste,"042443405",Seleção Normal,70254130.82,0,70254130.82,selecionada,,Novo PAC - Retomada,"",
M-373,Cidades Sustentáveis e Resilientes,Esgotamento Sanitário,Esgotamento Sanitário,OGU,OGU,2023,GO,NOVO GAMA,Centro-Oeste,"042444754",Seleção Normal,25483355.27,0,25483355.27,selecionada,,Novo PAC - Retomada,"",
M-374,Cidades Sustentáveis e Resilientes,Esgotamento Sanitário,Esgotamento Sanitário,OGU,OGU,2023,AC,RIO BRANCO,Norte,"035096129",Seleção Normal,2668356.87,0,2668356.87,selecionada,,Novo PAC - Retomada,"",
M-375,Cidades Sustentáveis e Resilientes,Esgotamento Sanitário,Esgotamento Sanitário,OGU,OGU,2023,PE,OLINDA,Nordeste,"022391785",Seleção Normal,0.07,0,0.07,selecionada,,Novo PAC - Retomada,"",
M-376,Cidades Sustentáveis e Resilientes,Esgotamento Sanitário,Esgotamento Sanitário,OGU,OGU,2023,ES,VIANA,Sudeste,"035098492",Seleção Normal,9035379.11,0,9035379.11,selecionada,,Novo PAC - Retomada,"",
M-377,Cidades Sustentáveis e Resilientes,Esgotamento Sanitário,Esgotamento Sanitário,OGU,OGU,2023,SC,ITAJAI,Sul,"035096899",Seleção Normal,18950472.83,0,18950472.83,selecionada,,Novo PAC - Retomada,"",
M-378,Cidades Sustentáveis e Resilientes,Esgotamento Sanitário,Esgotamento Sanitário,FIN,FIN: FGTS,2023,TO,ARAGUAINA,Norte,"059774750",Seleção Normal,0,131713983.11,131713983.11,selecionada,,Novo PAC - Retomada,"",
M-379,Cidades Sustentáveis e Resilientes,Esgotamento Sanitário,Esgotamento Sanitário,OGU,OGU,2023,RN,NATAL,Nordeste,"040871026",Seleção Normal,88201536.98,0,88201536.98,selecionada,,Novo PAC - Retomada,"",
M-380,Cidades Sustentáveis e Resilientes,Esgotamento Sanitário,Esgotamento Sanitário,FIN,FIN: FGTS,2023,SC,JOINVILLE,Sul,"052317364",Seleção Normal,0,25233203.53,25233203.53,selecionada,,Novo PAC - Retomada,"",
M-381,Cidades Sustentáveis e Resilientes,Esgotamento Sanitário,Esgotamento Sanitário,OGU,OGU,2023,SP,JUNDIAI,Sudeste,"042439642",Seleção Normal,3186859.37,0,3186859.37,selecionada,,Novo PAC - Retomada,"",
M-382,Cidades Sustentáveis e Resilientes,Esgotamento Sanitário,Esgotamento Sanitário,OGU,OGU,2023,BA,SIMOES FILHO,Nordeste,"021824556",Seleção Normal,5503263.28,0,5503263.28,selecionada,,Novo PAC - Retomada,"",
M-383,Cidades Sustentáveis e Resilientes,Esgotamento Sanitário,Esgotamento Sanitário,FIN,FIN: FGTS,2023,TO,MIRACEMA DO TOCANTINS,Norte,"059774645",Seleção Normal,0,31281275.13,31281275.13,selecionada,,Novo PAC - Retomada,"",
M-384,Cidades Sustentáveis e Resilientes,Esgotamento Sanitário,Esgotamento Sanitário,FIN,FIN: FGTS,2023,PR,CENTENARIO DO SUL,Sul,"060219836",Seleção Normal,0,1395412,1395412,selecionada,,Novo PAC - Retomada,"",
M-385,Cidades Sustentáveis e Resilientes,Esgotamento Sanitário,Esgotamento Sanitário,FIN,FIN: FGTS,2023,SC,JOINVILLE,Sul,"0602.740-01",Seleção Normal,0,11991201.01,11991201.01,selecionada,,Novo PAC - Retomada,"",
M-386,Cidades Sustentáveis e Resilientes,Esgotamento Sanitário,Esgotamento Sanitário,FIN,FIN: FGTS,2023,SP,SUMARE,Sudeste,"060417490",Seleção Normal,0,302034757.13,302034757.13,selecionada,,Novo PAC - Retomada,"",
M-387,Cidades Sustentáveis e Resilientes,Esgotamento Sanitário,Esgotamento Sanitário,FIN,FIN: FGTS,2023,MS,PARANAIBA,Centro-Oeste,"050570188",Seleção Normal,0,7741849.12,7741849.12,selecionada,,Novo PAC - Retomada,"",
M-388,Cidades Sustentáveis e Resilientes,Esgotamento Sanitário,Esgotamento Sanitário,FIN,FIN: FGTS,2023,MG,CONCEICAO DO PARA,Sudeste,"050644932",Seleção Normal,0,10298504.54,10298504.54,selecionada,,Novo PAC - Retomada,"",
M-389,Cidades Sustentáveis e Resilientes,Esgotamento Sanitário,Esgotamento Sanitário,FIN,FIN: FGTS,2023,MS,AMAMBAI,Centro-Oeste,"050568250",Seleção Normal,0,10439643.81,10439643.81,selecionada,,Novo PAC - Retomada,"",
M-390,Cidades Sustentáveis e Resilientes,Esgotamento Sanitário,Esgotamento Sanitário,FIN,FIN: FGTS,2023,MS,JARDIM,Centro-Oeste,"050569389",Seleção Normal,0,4407013.93,4407013.93,selecionada,,Novo PAC - Retomada,"",
M-391,Cidades Sustentáveis e Resilientes,Esgotamento Sanitário,Esgotamento Sanitário,FIN,FIN: BNDES,2023,SC,ITAJAI,Sul,"22857430001",Seleção Normal,0,18594063.92,18594063.92,selecionada,,Novo PAC - Retomada,"",
M-392,Cidades Sustentáveis e Resilientes,Esgotamento Sanitário,Esgotamento Sanitário,FIN,FIN: BNDES,2023,RS,IMBE,Sul,"12205241006",Seleção Normal,0,1219067.48,1219067.48,selecionada,,Novo PAC - Retomada,"",
M-393,Cidades Sustentáveis e Resilientes,Esgotamento Sanitário,Esgotamento Sanitário,FIN,FIN: FGTS,2023,MS,CHAPADAO DO SUL,Centro-Oeste,"050569057",Seleção Normal,0,5287166.58,5287166.58,selecionada,,Novo PAC - Retomada,"",
M-394,Cidades Sustentáveis e Resilientes,Esgotamento Sanitário,Esgotamento Sanitário,FIN,FIN: FGTS,2023,MS,NAVIRAI,Centro-Oeste,"050569611",Seleção Normal,0,17272759.52,17272759.52,selecionada,,Novo PAC - Retomada,"",
M-395,Cidades Sustentáveis e Resilientes,Esgotamento Sanitário,Esgotamento Sanitário,FIN,FIN: FGTS,2023,SP,CABREUVA,Sudeste,"050592700",Seleção Normal,0,31788665.25,31788665.25,selecionada,,Novo PAC - Retomada,"",
M-396,Cidades Sustentáveis e Resilientes,Esgotamento Sanitário,Esgotamento Sanitário,FIN,FIN: FGTS,2023,RJ,RESENDE,Sudeste,"047381093",Seleção Normal,0,13895812.29,13895812.29,selecionada,,Novo PAC - Retomada,"",
M-397,Cidades Sustentáveis e Resilientes,Esgotamento Sanitário,Esgotamento Sanitário,FIN,FIN: FGTS,2023,MS,COSTA RICA,Centro-Oeste,"052148371",Seleção Normal,0,8650804,8650804,selecionada,,Novo PAC - Retomada,"",
M-398,Cidades Sustentáveis e Resilientes,Esgotamento Sanitário,Esgotamento Sanitário,FIN,FIN: FGTS,2023,CE,CAUCAIA,Nordeste,"052070535",Seleção Normal,0,21188623.77,21188623.77,selecionada,,Novo PAC - Retomada,"",
M-399,Cidades Sustentáveis e Resilientes,Esgotamento Sanitário,Esgotamento Sanitário,FIN,FIN: FGTS,2023,MG,CALDAS,Sudeste,"052104894",Seleção Normal,0,12228032.21,12228032.21,selecionada,,Novo PAC - Retomada,"",
M-400,Cidades Sustentáveis e Resilientes,Esgotamento Sanitário,Esgotamento Sanitário,FIN,FIN: FGTS,2023,MS,IVINHEMA,Centro-Oeste,"052132116",Seleção Normal,0,2282820.28,2282820.28,selecionada,,Novo PAC - Retomada,"",
M-401,Cidades Sustentáveis e Resilientes,Esgotamento Sanitário,Esgotamento Sanitário,FIN,FIN: FGTS,2023,SP,JUNDIAI,Sudeste,"052029686",Seleção Normal,0,9386126.88,9386126.88,selecionada,,Novo PAC - Retomada,"",
M-402,Cidades Sustentáveis e Resilientes,Esgotamento Sanitário,Esgotamento Sanitário,FIN,FIN: FGTS,2023,PR,CASTRO,Sul,"059863850",Seleção Normal,0,42370000,42370000,selecionada,,Novo PAC - Retomada,"",
M-403,Cidades Sustentáveis e Resilientes,Esgotamento Sanitário,Esgotamento Sanitário,OGU,OGU,2023,MG,BETIM,Sudeste,"021859377",Seleção Normal,0,0,0,selecionada,,Novo PAC - Retomada,"",
M-404,Cidades Sustentáveis e Resilientes,Esgotamento Sanitário,Esgotamento Sanitário,FIN,FIN: FGTS,2023,SC,ITAPOA,Sul,"060417618",Seleção Normal,0,42733261.07,42733261.07,selecionada,,Novo PAC - Retomada,"",
M-405,Cidades Sustentáveis e Resilientes,Esgotamento Sanitário,Esgotamento Sanitário,FIN,FIN: FGTS,2023,PR,SANTO ANTONIO DA PLATINA,Sul,"060220416",Seleção Normal,0,41135000,41135000,selecionada,,Novo PAC - Retomada,"",
M-406,Cidades Sustentáveis e Resilientes,Esgotamento Sanitário,Esgotamento Sanitário,FIN,FIN: FGTS,2023,MS,CAARAPO,Centro-Oeste,"052146550",Seleção Normal,0,11403582.31,11403582.31,selecionada,,Novo PAC - Retomada,"",
M-407,Cidades Sustentáveis e Resilientes,Esgotamento Sanitário,Esgotamento Sanitário,FIN,FIN: FGTS,2023,MS,LAGUNA CARAPA,Centro-Oeste,"052131423",Seleção Normal,0,3413228.01,3413228.01,selecionada,,Novo PAC - Retomada,"",
M-408,Cidades Sustentáveis e Resilientes,Esgotamento Sanitário,Esgotamento Sanitário,FIN,FIN: FGTS,2023,MS,SELVIRIA,Centro-Oeste,"052127441",Seleção Normal,0,7574573.23,7574573.23,selecionada,,Novo PAC - Retomada,"",
M-409,Cidades Sustentáveis e Resilientes,Esgotamento Sanitário,Esgotamento Sanitário,FIN,FIN: FGTS,2023,TO,COLINAS DO TOCANTINS,Norte,"059774531",Seleção Normal,0,4500817.07,4500817.07,selecionada,,Novo PAC - Retomada,"",
M-410,Cidades Sustentáveis e Resilientes,Esgotamento Sanitário,Esgotamento Sanitário,FIN,FIN: FGTS,2023,PR,CORNELIO PROCOPIO,Sul,"060220071",Seleção Normal,0,38000000,38000000,selecionada,,Novo PAC - Retomada,"",
M-411,Cidades Sustentáveis e Resilientes,Esgotamento Sanitário,Esgotamento Sanitário,FIN,FIN: FGTS,2023,RJ,RIO DE JANEIRO,Sudeste,"054425153",Seleção Normal,0,325695258,325695258,selecionada,,Novo PAC - Retomada,"",
M-412,Cidades Sustentáveis e Resilientes,Esgotamento Sanitário,Esgotamento Sanitário,FIN,FIN: FGTS,2023,SP,SAO MIGUEL ARCANJO,Sudeste,"050593493",Seleção Normal,0,3463284.95,3463284.95,selecionada,,Novo PAC - Retomada,"",
M-413,Cidades Sustentáveis e Resilientes,Esgotamento Sanitário,Esgotamento Sanitário,FIN,FIN: FGTS,2023,MT,CONFRESA,Centro-Oeste,"045935047",Seleção Normal,0,14183005.23,14183005.23,selecionada,,Novo PAC - Retomada,"",
M-414,Cidades Sustentáveis e Resilientes,Esgotamento Sanitário,Esgotamento Sanitário,FIN,FIN: FGTS,2023,MG,CRUZILIA,Sudeste,"052104907",Seleção Normal,0,13622813.39,13622813.39,selecionada,,Novo PAC - Retomada,"",
M-415,Cidades Sustentáveis e Resilientes,Esgotamento Sanitário,Esgotamento Sanitário,FIN,FIN: FGTS,2023,MS,ANASTACIO,Centro-Oeste,"052147356",Seleção Normal,0,2770155.48,2770155.48,selecionada,,Novo PAC - Retomada,"",
M-416,Cidades Sustentáveis e Resilientes,Esgotamento Sanitário,Esgotamento Sanitário,FIN,FIN: FGTS,2023,MS,MUNDO NOVO,Centro-Oeste,"052131205",Seleção Normal,0,5163998.54,5163998.54,selecionada,,Novo PAC - Retomada,"",
M-417,Cidades Sustentáveis e Resilientes,Esgotamento Sanitário,Esgotamento Sanitário,FIN,FIN: FGTS,2023,TO,GURUPI,Norte,"059765555",Seleção Normal,0,85764392.67,85764392.67,selecionada,,Novo PAC - Retomada,"",
M-418,Cidades Sustentáveis e Resilientes,Esgotamento Sanitário,Esgotamento Sanitário,FIN,FIN: FGTS,2023,MS,BRASILANDIA,Centro-Oeste,"052146664",Seleção Normal,0,7112240.28,7112240.28,selecionada,,Novo PAC - Retomada,"",
M-419,Cidades Sustentáveis e Resilientes,Esgotamento Sanitário,Esgotamento Sanitário,FIN,FIN: FGTS,2023,MS,LADARIO,Centro-Oeste,"052131642",Seleção Normal,0,3385225.82,3385225.82,selecionada,,Novo PAC - Retomada,"",
M-420,Cidades Sustentáveis e Resilientes,Esgotamento Sanitário,Esgotamento Sanitário,FIN,FIN: FGTS,2023,MS,PEDRO GOMES,Centro-Oeste,"052128353",Seleção Normal,0,1060903.64,1060903.64,selecionada,,Novo PAC - Retomada,"",
M-421,Cidades Sustentáveis e Resilientes,Esgotamento Sanitário,Esgotamento Sanitário,FIN,FIN: BNDES,2023,RS,PORTO ALEGRE,Sul,"080120504",Seleção Normal,0,4929082.92,4929082.92,selecionada,,Novo PAC - Retomada,"",
M-422,Cidades Sustentáveis e Resilientes,Esgotamento Sanitário,Esgotamento Sanitário,FIN,FIN: FGTS,2023,SE,LAGARTO,Nordeste,"042854751",Seleção Normal,0,35087535,35087535,selecionada,,Novo PAC - Retomada,"",
M-423,Cidades Sustentáveis e Resilientes,Esgotamento Sanitário,Esgotamento Sanitário,FIN,FIN: FGTS,2023,TO,GURUPI,Norte,"041112930",Seleção Normal,0,11420966.8,11420966.8,selecionada,,Novo PAC - Retomada,"",
M-424,Cidades Sustentáveis e Resilientes,Esgotamento Sanitário,Esgotamento Sanitário,FIN,FIN: FGTS,2023,MG,MATEUS LEME,Sudeste,"050643917",Seleção Normal,0,4610653.88,4610653.88,selecionada,,Novo PAC - Retomada,"",
M-425,Cidades Sustentáveis e Resilientes,Esgotamento Sanitário,Esgotamento Sanitário,FIN,FIN: FGTS,2023,BA,SANTO AMARO,Nordeste,"022870207",Seleção Normal,0,3846693.26,3846693.26,selecionada,,Novo PAC - Retomada,"",
M-426,Cidades Sustentáveis e Resilientes,Esgotamento Sanitário,Esgotamento Sanitário,FIN,FIN: FGTS,2023,RN,PARNAMIRIM,Nordeste,"019050158",Seleção Normal,0,6364501.99,6364501.99,selecionada,,Novo PAC - Retomada,"",
M-427,Cidades Sustentáveis e Resilientes,Esgotamento Sanitário,Esgotamento Sanitário,FIN,FIN: FGTS,2023,RJ,RIO DE JANEIRO,Sudeste,"029617998",Seleção Normal,0,18523583.9,18523583.9,selecionada,,Novo PAC - Retomada,"",
M-428,Cidades Sustentáveis e Resilientes,Esgotamento Sanitário,Esgotamento Sanitário,FIN,FIN: FGTS,2023,DF,BRASILIA,Centro-Oeste,"041026680",Seleção Normal,0,20661586.72,20661586.72,selecionada,,Novo PAC - Retomada,"",
M-429,Cidades Sustentáveis e Resilientes,Esgotamento Sanitário,Esgotamento Sanitário,FIN,FIN: FGTS,2023,TO,ARAGUAINA,Norte,"038468254",Seleção Normal,0,3021792.72,3021792.72,selecionada,,Novo PAC - Retomada,"",
M-430,Cidades Sustentáveis e Resilientes,Esgotamento Sanitário,Esgotamento Sanitário,FIN,FIN: FGTS,2023,RJ,MACAE,Sudeste,"040956144",Seleção Normal,0,95809470.06,95809470.06,selecionada,,Novo PAC - Retomada,"",
M-431,Cidades Sustentáveis e Resilientes,Esgotamento Sanitário,Esgotamento Sanitário,FIN,FIN: FGTS,2023,TO,DIANOPOLIS,Norte,"041113391",Seleção Normal,0,4712352.41,4712352.41,selecionada,,Novo PAC - Retomada,"",
M-432,Cidades Sustentáveis e Resilientes,Esgotamento Sanitário,Esgotamento Sanitário,FIN,FIN: FGTS,2023,MG,ESTRELA DO SUL,Sudeste,"050645187",Seleção Normal,0,5366397.72,5366397.72,selecionada,,Novo PAC - Retomada,"",
M-433,Cidades Sustentáveis e Resilientes,Esgotamento Sanitário,Esgotamento Sanitário,FIN,FIN: FGTS,2023,MG,SARZEDO,Sudeste,"050644597",Seleção Normal,0,23027554.42,23027554.42,selecionada,,Novo PAC - Retomada,"",
M-434,Cidades Sustentáveis e Resilientes,Esgotamento Sanitário,Esgotamento Sanitário,FIN,FIN: FGTS,2023,PR,FORMOSA DO OESTE,Sul,"050524668",Seleção Normal,0,21715244.27,21715244.27,selecionada,,Novo PAC - Retomada,"",
M-435,Cidades Sustentáveis e Resilientes,Esgotamento Sanitário,Esgotamento Sanitário,FIN,FIN: FGTS,2023,PR,SAUDADE DO IGUACU,Sul,"050525039",Seleção Normal,0,12897602.54,12897602.54,selecionada,,Novo PAC - Retomada,"",
M-436,Cidades Sustentáveis e Resilientes,Esgotamento Sanitário,Esgotamento Sanitário,FIN,FIN: FGTS,2023,SP,JUNDIAI,Sudeste,"050566657",Seleção Normal,0,11986596.2,11986596.2,selecionada,,Novo PAC - Retomada,"",
M-437,Cidades Sustentáveis e Resilientes,Esgotamento Sanitário,Esgotamento Sanitário,FIN,FIN: FGTS,2023,SC,ITAJAI,Sul,"050526055",Seleção Normal,0,18457508.03,18457508.03,selecionada,,Novo PAC - Retomada,"",
M-438,Cidades Sustentáveis e Resilientes,Esgotamento Sanitário,Esgotamento Sanitário,FIN,FIN: FGTS,2023,TO,PORTO NACIONAL,Norte,"059764745",Seleção Normal,0,49055957.19,49055957.19,selecionada,,Novo PAC - Retomada,"",
M-439,Cidades Sustentáveis e Resilientes,Esgotamento Sanitário,Esgotamento Sanitário,FIN,FIN: FGTS,2023,TO,DIANOPOLIS,Norte,"059765449",Seleção Normal,0,23298306.47,23298306.47,selecionada,,Novo PAC - Retomada,"",
M-440,Cidades Sustentáveis e Resilientes,Esgotamento Sanitário,Esgotamento Sanitário,FIN,FIN: FGTS,2023,MS,CARACOL,Centro-Oeste,"052145429",Seleção Normal,0,3569633.46,3569633.46,selecionada,,Novo PAC - Retomada,"",
M-441,Cidades Sustentáveis e Resilientes,Esgotamento Sanitário,Esgotamento Sanitário,FIN,FIN: FGTS,2023,MS,NIOAQUE,Centro-Oeste,"052131088",Seleção Normal,0,6317543.31,6317543.31,selecionada,,Novo PAC - Retomada,"",
M-442,Cidades Sustentáveis e Resilientes,Esgotamento Sanitário,Esgotamento Sanitário,FIN,FIN: FGTS,2023,PE,RECIFE,Nordeste,"052144507",Seleção Normal,0,35082911,35082911,selecionada,,Novo PAC - Retomada,"",
M-443,Cidades Sustentáveis e Resilientes,Esgotamento Sanitário,Esgotamento Sanitário,FIN,FIN: FGTS,2023,SP,MOGI GUACU,Sudeste,"018998148",Seleção Normal,0,1160323.36,1160323.36,selecionada,,Novo PAC - Retomada,"",
M-444,Cidades Sustentáveis e Resilientes,Esgotamento Sanitário,Esgotamento Sanitário,FIN,FIN: FGTS,2023,SC,RIO DO SUL,Sul,"035019098",Seleção Normal,0,33124389.32,33124389.32,selecionada,,Novo PAC - Retomada,"",
M-445,Cidades Sustentáveis e Resilientes,Esgotamento Sanitário,Esgotamento Sanitário,FIN,FIN: BNDES,2023,RS,CARLOS BARBOSA,Sul,"12205241004",Seleção Normal,0,15721982.01,15721982.01,selecionada,,Novo PAC - Retomada,"",
M-446,Cidades Sustentáveis e Resilientes,Esgotamento Sanitário,Esgotamento Sanitário,FIN,FIN: FGTS,2023,RS,SANTA MARIA,Sul,"041087118",Seleção Normal,0,77937947.08,77937947.08,selecionada,,Novo PAC - Retomada,"",
M-447,Cidades Sustentáveis e Resilientes,Esgotamento Sanitário,Esgotamento Sanitário,FIN,FIN: FGTS,2023,TO,AGUIARNOPOLIS,Norte,"059765773",Seleção Normal,0,4964891.26,4964891.26,selecionada,,Novo PAC - Retomada,"",
M-448,Cidades Sustentáveis e Resilientes,Esgotamento Sanitário,Esgotamento Sanitário,OGU,OGU,2023,AC,RIO BRANCO,Norte,"042111479",Seleção Normal,13538353.42,0,13538353.42,selecionada,,Novo PAC - Retomada,"",
M-449,Cidades Sustentáveis e Resilientes,Esgotamento Sanitário,Esgotamento Sanitário,OGU,OGU,2023,SE,ARACAJU,Nordeste,"042440118",Seleção Normal,45567693.97,0,45567693.97,selecionada,,Novo PAC - Retomada,"",
M-450,Cidades Sustentáveis e Resilientes,Esgotamento Sanitário,Esgotamento Sanitário,FIN,FIN: FGTS,2023,SP,ITATIBA,Sudeste,"050591453",Seleção Normal,0,17636537.2,17636537.2,selecionada,,Novo PAC - Retomada,"",
M-451,Cidades Sustentáveis e Resilientes,Esgotamento Sanitário,Esgotamento Sanitário,FIN,FIN: FGTS,2023,PR,MEDIANEIRA,Sul,"050524334",Seleção Normal,0,26607373.42,26607373.42,selecionada,,Novo PAC - Retomada,"",
M-452,Cidades Sustentáveis e Resilientes,Esgotamento Sanitário,Esgotamento Sanitário,FIN,FIN: FGTS,2023,SP,SOROCABA,Sudeste,"050527184",Seleção Normal,0,43477916,43477916,selecionada,,Novo PAC - Retomada,"",
M-453,Cidades Sustentáveis e Resilientes,Esgotamento Sanitário,Esgotamento Sanitário,FIN,FIN: FGTS,2023,SP,MOGI DAS CRUZES,Sudeste,"050596241",Seleção Normal,0,10396100.24,10396100.24,selecionada,,Novo PAC - Retomada,"",
M-454,Cidades Sustentáveis e Resilientes,Esgotamento Sanitário,Esgotamento Sanitário,FIN,FIN: FGTS,2023,SP,ARUJA,Sudeste,"050594855",Seleção Normal,0,32386674.04,32386674.04,selecionada,,Novo PAC - Retomada,"",
M-455,Cidades Sustentáveis e Resilientes,Esgotamento Sanitário,Esgotamento Sanitário,FIN,FIN: FGTS,2023,SP,FRANCISCO MORATO,Sudeste,"050595778",Seleção Normal,0,18136312.86,18136312.86,selecionada,,Novo PAC - Retomada,"",
M-456,Água Para Todos,Abastecimento de Água,Abastecimento de Água - Urbano,OGU,OGU,2023,PA,BREVES,Norte,"035078693",Seleção Normal,1774860.22,0,1774860.22,selecionada,,Novo PAC - Retomada,"",
M-457,Água Para Todos,Abastecimento de Água,Abastecimento de Água - Urbano,OGU,OGU,2023,MG,UBERABA,Sudeste,"035075418",Seleção Normal,28953854.1,0,28953854.1,selecionada,,Novo PAC - Retomada,"",
M-458,Água Para Todos,Abastecimento de Água,Abastecimento de Água - Urbano,OGU,OGU,2023,BA,VITORIA DA CONQUISTA,Nordeste,"039494080",Seleção Normal,28895990.44,0,28895990.44,selecionada,,Novo PAC - Retomada,"",
M-459,Água Para Todos,Abastecimento de Água,Abastecimento de Água - Urbano,OGU,OGU,2023,RO,PORTO VELHO,Norte,"022279377",Seleção Normal,1017.01,0,1017.01,selecionada,,Novo PAC - Retomada,"",
M-460,Água Para Todos,Abastecimento de Água,Abastecimento de Água - Urbano,OGU,OGU,2023,RO,PORTO VELHO,Norte,"040866029",Seleção Normal,931682.41,0,931682.41,selecionada,,Novo PAC - Retomada,"",
M-461,Água Para Todos,Abastecimento de Água,Abastecimento de Água - Urbano,OGU,OGU,2023,PA,MARABA,Norte,"042462732",Seleção Normal,89502327.58,0,89502327.58,selecionada,,Novo PAC - Retomada,"",
M-462,Água Para Todos,Abastecimento de Água,Abastecimento de Água - Urbano,OGU,OGU,2023,RO,CACOAL,Norte,"042436805",Seleção Normal,39380119.43,0,39380119.43,selecionada,,Novo PAC - Retomada,"",
M-463,Água Para Todos,Abastecimento de Água,Abastecimento de Água - Urbano,OGU,OGU,2023,AC,RIO BRANCO,Norte,"041101670",Seleção Normal,10327910.34,0,10327910.34,selecionada,,Novo PAC - Retomada,"",
M-464,Água Para Todos,Abastecimento de Água,Abastecimento de Água - Urbano,OGU,OGU,2023,SP,MOGI GUACU,Sudeste,"035077909",Seleção Normal,1252256.36,0,1252256.36,selecionada,,Novo PAC - Retomada,"",
M-465,Água Para Todos,Abastecimento de Água,Abastecimento de Água - Urbano,OGU,OGU,2023,BA,VITORIA DA CONQUISTA,Nordeste,"039494194",Seleção Normal,92275184.01,0,92275184.01,selecionada,,Novo PAC - Retomada,"",
M-466,Água Para Todos,Abastecimento de Água,Abastecimento de Água - Urbano,FIN,FIN: FGTS,2023,PE,RECIFE,Nordeste,"029609692",Seleção Normal,0,35051864.21,35051864.21,selecionada,,Novo PAC - Retomada,"",
M-467,Cidades Sustentáveis e Resilientes,Esgotamento Sanitário,Esgotamento Sanitário,FIN,FIN: FGTS,2023,CE,FORTALEZA,Nordeste,"052071227",Seleção Normal,0,64237487.84,64237487.84,selecionada,,Novo PAC - Retomada,"",
M-468,Cidades Sustentáveis e Resilientes,Esgotamento Sanitário,Esgotamento Sanitário,FIN,FIN: FGTS,2023,MG,IPUIUNA,Sudeste,"052105152",Seleção Normal,0,15553102.91,15553102.91,selecionada,,Novo PAC - Retomada,"",
M-469,Cidades Sustentáveis e Resilientes,Esgotamento Sanitário,Esgotamento Sanitário,FIN,FIN: FGTS,2023,MS,ARAL MOREIRA,Centro-Oeste,"052146996",Seleção Normal,0,2022645.42,2022645.42,selecionada,,Novo PAC - Retomada,"",
M-470,Cidades Sustentáveis e Resilientes,Esgotamento Sanitário,Esgotamento Sanitário,FIN,FIN: FGTS,2023,MS,RIO BRILHANTE,Centro-Oeste,"052128248",Seleção Normal,0,7322627.22,7322627.22,selecionada,,Novo PAC - Retomada,"",
M-471,Cidades Sustentáveis e Resilientes,Esgotamento Sanitário,Esgotamento Sanitário,FIN,FIN: FGTS,2023,RS,URUGUAIANA,Sul,"059766351",Seleção Normal,0,3245404.65,3245404.65,selecionada,,Novo PAC - Retomada,"",
M-472,Cidades Sustentáveis e Resilientes,Prevenção a Desastres,Contenção de Encostas,OGU,OGU,2023,SP,SAO PAULO,Sudeste,"035153797",Seleção Normal,806242.62,0,806242.62,selecionada,,Novo PAC - Retomada,"",
M-473,Cidades Sustentáveis e Resilientes,Prevenção a Desastres,Contenção de Encostas,OGU,OGU,2023,RJ,NOVA FRIBURGO,Sudeste,"039611877",Seleção Normal,50501388.23,0,50501388.23,selecionada,,Novo PAC - Retomada,"",
M-474,Cidades Sustentáveis e Resilientes,Prevenção a Desastres,Contenção de Encostas,OGU,OGU,2023,MG,GOVERNADOR VALADARES,Sudeste,"039848012",Seleção Normal,5377054.25,0,5377054.25,selecionada,,Novo PAC - Retomada,"",
M-475,Cidades Sustentáveis e Resilientes,Prevenção a Desastres,Contenção de Encostas,OGU,OGU,2023,MG,OURO PRETO,Sudeste,"039848459",Seleção Normal,27426861.38,0,27426861.38,selecionada,,Novo PAC - Retomada,"",
M-476,Cidades Sustentáveis e Resilientes,Prevenção a Desastres,Contenção de Encostas,OGU,OGU,2023,MG,TIMOTEO,Sudeste,"039848896",Seleção Normal,13044472.12,0,13044472.12,selecionada,,Novo PAC - Retomada,"",
M-477,Cidades Sustentáveis e Resilientes,Prevenção a Desastres,Drenagem Urbana,OGU,OGU,2023,SP,SANTOS,Sudeste,"035102052",Seleção Normal,116155005.86,0,116155005.86,selecionada,,Novo PAC - Retomada,"",
M-478,Cidades Sustentáveis e Resilientes,Prevenção a Desastres,Contenção de Encostas,OGU,OGU,2023,PE,CABO DE SANTO AGOSTINHO,Nordeste,"040231612",Seleção Normal,15403425.45,0,15403425.45,selecionada,,Novo PAC - Retomada,"",
M-479,Cidades Sustentáveis e Resilientes,Prevenção a Desastres,Contenção de Encostas,OGU,OGU,2023,PE,RECIFE,Nordeste,"040232187",Seleção Normal,87298908.77,0,87298908.77,selecionada,,Novo PAC - Retomada,"",
M-480,Cidades Sustentáveis e Resilientes,Prevenção a Desastres,Contenção de Encostas,OGU,OGU,2023,RJ,RIO DE JANEIRO,Sudeste,"040232523",Seleção Normal,52835184.11,0,52835184.11,selecionada,,Novo PAC - Retomada,"",
M-481,Cidades Sustentáveis e Resilientes,Prevenção a Desastres,Contenção de Encostas,OGU,OGU,2023,SP,MAUA,Sudeste,"042126836",Seleção Normal,6113434.77,0,6113434.77,selecionada,,Novo PAC - Retomada,"",
M-482,Cidades Sustentáveis e Resilientes,Prevenção a Desastres,Drenagem Urbana,OGU,OGU,2023,BA,SANTO ANTONIO DE JESUS,Nordeste,"029271824",Seleção Normal,3206973.99,0,3206973.99,selecionada,,Novo PAC - Retomada,"",
M-483,Cidades Sustentáveis e Resilientes,Prevenção a Desastres,Drenagem Urbana,OGU,OGU,2023,RN,NATAL,Nordeste,"035100563",Seleção Normal,9928734.88,0,9928734.88,selecionada,,Novo PAC - Retomada,"",
M-484,Cidades Sustentáveis e Resilientes,Prevenção a Desastres,Drenagem Urbana,OGU,OGU,2023,RJ,NOVA FRIBURGO,Sudeste,"036793883",Seleção Normal,149994761.81,0,149994761.81,selecionada,,Novo PAC - Retomada,"",
M-485,Cidades Sustentáveis e Resilientes,Prevenção a Desastres,Drenagem Urbana,OGU,OGU,2023,PI,OEIRAS,Nordeste,"033907343",Seleção Normal,989.1,0,989.1,selecionada,,Novo PAC - Retomada,"",
M-486,Cidades Sustentáveis e Resilientes,Prevenção a Desastres,Drenagem Urbana,OGU,OGU,2023,MS,CAMPO GRANDE,Centro-Oeste,"035103295",Seleção Normal,10912819.08,0,10912819.08,selecionada,,Novo PAC - Retomada,"",
M-487,Cidades Sustentáveis e Resilientes,Prevenção a Desastres,Drenagem Urbana,OGU,OGU,2023,PR,CURITIBA,Sul,"040249585",Seleção Normal,0,0,0,selecionada,,Novo PAC - Retomada,"",
M-488,Cidades Sustentáveis e Resilientes,Prevenção a Desastres,Drenagem Urbana,OGU,OGU,2023,BA,SALVADOR,Nordeste,"045966983",Seleção Normal,99726264.8,0,99726264.8,selecionada,,Novo PAC - Retomada,"",
M-489,Cidades Sustentáveis e Resilientes,Prevenção a Desastres,Drenagem Urbana,OGU,OGU,2023,RS,PORTO ALEGRE,Sul,"040249920",Seleção Normal,65480698.46,0,65480698.46,selecionada,,Novo PAC - Retomada,"",
M-490,Cidades Sustentáveis e Resilientes,Prevenção a Desastres,Drenagem Urbana,FIN,FIN: FGTS,2023,RS,RIO GRANDE,Sul,"029358096",Seleção Normal,0,7123349.98,7123349.98,selecionada,,Novo PAC - Retomada,"",
M-491,Cidades Sustentáveis e Resilientes,Prevenção a Desastres,Drenagem Urbana,FIN,FIN: FGTS,2023,MG,CONTAGEM,Sudeste,"051451494",Seleção Normal,0,105851943.96,105851943.96,selecionada,,Novo PAC - Retomada,"",
M-492,Cidades Sustentáveis e Resilientes,Prevenção a Desastres,Drenagem Urbana,FIN,FIN: FGTS,2023,SP,GUARUJA,Sudeste,"050586789",Seleção Normal,0,43151048.04,43151048.04,selecionada,,Novo PAC - Retomada,"",
M-493,Cidades Sustentáveis e Resilientes,Prevenção a Desastres,Drenagem Urbana,FIN,FIN: FGTS,2023,MS,TRES LAGOAS,Centro-Oeste,"052103109",Seleção Normal,0,37853837.49,37853837.49,selecionada,,Novo PAC - Retomada,"",
M-494,Cidades Sustentáveis e Resilientes,Prevenção a Desastres,Contenção de Encostas,OGU,OGU,2023,RJ,TERESOPOLIS,Sudeste,"036793665",Seleção Normal,9295592.76,0,9295592.76,selecionada,,Novo PAC - Retomada,"",
M-495,Cidades Sustentáveis e Resilientes,Prevenção a Desastres,Contenção de Encostas,OGU,OGU,2023,RJ,TERESOPOLIS,Sudeste,"039612018",Seleção Normal,42757778.4,0,42757778.4,selecionada,,Novo PAC - Retomada,"",
M-496,Cidades Sustentáveis e Resilientes,Prevenção a Desastres,Contenção de Encostas,OGU,OGU,2023,MG,BELO HORIZONTE,Sudeste,"039611659",Seleção Normal,14052102.61,0,14052102.61,selecionada,,Novo PAC - Retomada,"",
M-497,Cidades Sustentáveis e Resilientes,Prevenção a Desastres,Contenção de Encostas,OGU,OGU,2023,MG,BETIM,Sudeste,"039847871",Seleção Normal,8875323.47,0,8875323.47,selecionada,,Novo PAC - Retomada,"",
M-498,Cidades Sustentáveis e Resilientes,Prevenção a Desastres,Contenção de Encostas,OGU,OGU,2023,MG,MANHUMIRIM,Sudeste,"039848230",Seleção Normal,8290012.51,0,8290012.51,selecionada,,Novo PAC - Retomada,"",
M-499,Cidades Sustentáveis e Resilientes,Prevenção a Desastres,Contenção de Encostas,OGU,OGU,2023,MG,CATAGUASES,Sudeste,"039848678",Seleção Normal,15073267.35,0,15073267.35,selecionada,,Novo PAC - Retomada,"",
M-500,Cidades Sustentáveis e Resilientes,Prevenção a Desastres,Contenção de Encostas,OGU,OGU,2023,MG,ALEM PARAIBA,Sudeste,"039849037",Seleção Normal,8254787.46,0,8254787.46,selecionada,,Novo PAC - Retomada,"",
M-501,Cidades Sustentáveis e Resilientes,Prevenção a Desastres,Contenção de Encostas,OGU,OGU,2023,MG,SABARA,Sudeste,"039849360",Seleção Normal,3728371.99,0,3728371.99,selecionada,,Novo PAC - Retomada,"",
M-502,Cidades Sustentáveis e Resilientes,Prevenção a Desastres,Contenção de Encostas,OGU,OGU,2023,PE,OLINDA,Nordeste,"040231944",Seleção Normal,40890891.34,0,40890891.34,selecionada,,Novo PAC - Retomada,"",
M-503,Cidades Sustentáveis e Resilientes,Prevenção a Desastres,Contenção de Encostas,OGU,OGU,2023,RJ,RIO DE JANEIRO,Sudeste,"040232304",Seleção Normal,41842467.65,0,41842467.65,selecionada,,Novo PAC - Retomada,"",
M-504,Cidades Sustentáveis e Resilientes,Prevenção a Desastres,Contenção de Encostas,OGU,OGU,2023,SP,SAO PAULO,Sudeste,"040376463",Seleção Normal,54485526.19,0,54485526.19,selecionada,,Novo PAC - Retomada,"",
M-505,Cidades Sustentáveis e Resilientes,Prevenção a Desastres,Contenção de Encostas,OGU,OGU,2023,MG,BELO HORIZONTE,Sudeste,"035156108",Seleção Normal,0,0,0,selecionada,,Novo PAC - Retomada,"",
M-506,Cidades Sustentáveis e Resilientes,Prevenção a Desastres,Drenagem Urbana,OGU,OGU,2023,RJ,PETROPOLIS,Sudeste,"036794138",Seleção Normal,21320054.63,0,21320054.63,selecionada,,Novo PAC - Retomada,"",
M-507,Cidades Sustentáveis e Resilientes,Prevenção a Desastres,Drenagem Urbana,OGU,OGU,2023,MG,MURIAE,Sudeste,"035105915",Seleção Normal,5370009.12,0,5370009.12,selecionada,,Novo PAC - Retomada,"",
M-508,Cidades Sustentáveis e Resilientes,Prevenção a Desastres,Drenagem Urbana,OGU,OGU,2023,PR,PINHAIS,Sul,"040250166",Seleção Normal,42786550.58,0,42786550.58,selecionada,,Novo PAC - Retomada,"",
M-509,Cidades Sustentáveis e Resilientes,Prevenção a Desastres,Drenagem Urbana,OGU,OGU,2023,ES,VILA VELHA,Sudeste,"040249147",Seleção Normal,110768061.05,0,110768061.05,selecionada,,Novo PAC - Retomada,"",
M-510,Cidades Sustentáveis e Resilientes,Prevenção a Desastres,Drenagem Urbana,OGU,OGU,2023,PR,FAZENDA RIO GRANDE,Sul,"044676695",Seleção Normal,24065695.32,0,24065695.32,selecionada,,Novo PAC - Retomada,"",
M-511,Cidades Sustentáveis e Resilientes,Prevenção a Desastres,Drenagem Urbana,OGU,OGU,2023,SC,JOINVILLE,Sul,"035102616",Seleção Normal,38787210.33,0,38787210.33,selecionada,,Novo PAC - Retomada,"",
M-512,Cidades Sustentáveis e Resilientes,Prevenção a Desastres,Drenagem Urbana,OGU,OGU,2023,PR,CURITIBA,Sul,"040249699",Seleção Normal,5549996.78,0,5549996.78,selecionada,,Novo PAC - Retomada,"",
M-513,Cidades Sustentáveis e Resilientes,Prevenção a Desastres,Drenagem Urbana,OGU,OGU,2023,SP,BOTUCATU,Sudeste,"035103631",Seleção Normal,0,0,0,selecionada,,Novo PAC - Retomada,"",
M-514,Cidades Sustentáveis e Resilientes,Prevenção a Desastres,Drenagem Urbana,FIN,FIN: FGTS,2023,CE,FORTALEZA,Nordeste,"028795505",Seleção Normal,0,10944707.5,10944707.5,selecionada,,Novo PAC - Retomada,"",
M-515,Cidades Sustentáveis e Resilientes,Prevenção a Desastres,Drenagem Urbana,FIN,FIN: FGTS,2023,MG,BELO HORIZONTE,Sudeste,"039776195",Seleção Normal,0,213039707.32,213039707.32,selecionada,,Novo PAC - Retomada,"",
M-516,Cidades Sustentáveis e Resilientes,Prevenção a Desastres,Drenagem Urbana,FIN,FIN: FGTS,2023,MG,POUSO ALEGRE,Sudeste,"051283863",Seleção Normal,0,5849298.69,5849298.69,selecionada,,Novo PAC - Retomada,"",
M-517,Cidades Sustentáveis e Resilientes,Prevenção a Desastres,Drenagem Urbana,FIN,FIN: FGTS,2023,MG,BELO HORIZONTE,Sudeste,"052118786",Seleção Normal,0,139398295.64,139398295.64,selecionada,,Novo PAC - Retomada,"",
M-518,Cidades Sustentáveis e Resilientes,Prevenção a Desastres,Contenção de Encostas,OGU,OGU,2023,MG,JUIZ DE FORA,Sudeste,"039848126",Seleção Normal,18426797.11,0,18426797.11,selecionada,,Novo PAC - Retomada,"",
M-519,Cidades Sustentáveis e Resilientes,Prevenção a Desastres,Contenção de Encostas,OGU,OGU,2023,MG,IBIRITE,Sudeste,"039848564",Seleção Normal,30355370.38,0,30355370.38,selecionada,,Novo PAC - Retomada,"",
M-520,Cidades Sustentáveis e Resilientes,Prevenção a Desastres,Contenção de Encostas,OGU,OGU,2023,MG,NOVA LIMA,Sudeste,"039848909",Seleção Normal,10611372.75,0,10611372.75,selecionada,,Novo PAC - Retomada,"",
M-521,Cidades Sustentáveis e Resilientes,Prevenção a Desastres,Contenção de Encostas,OGU,OGU,2023,MG,SANTA LUZIA,Sudeste,"039849256",Seleção Normal,6502964.28,0,6502964.28,selecionada,,Novo PAC - Retomada,"",
M-522,Cidades Sustentáveis e Resilientes,Prevenção a Desastres,Contenção de Encostas,OGU,OGU,2023,PE,JABOATAO DOS GUARARAPES,Nordeste,"040231830",Seleção Normal,21269490.7,0,21269490.7,selecionada,,Novo PAC - Retomada,"",
M-523,Cidades Sustentáveis e Resilientes,Prevenção a Desastres,Contenção de Encostas,OGU,OGU,2023,BA,SALVADOR,Nordeste,"040232291",Seleção Normal,8873462.28,0,8873462.28,selecionada,,Novo PAC - Retomada,"",
M-524,Cidades Sustentáveis e Resilientes,Prevenção a Desastres,Contenção de Encostas,OGU,OGU,2023,RJ,RIO DE JANEIRO,Sudeste,"040232637",Seleção Normal,33838206.4,0,33838206.4,selecionada,,Novo PAC - Retomada,"",
M-525,Cidades Sustentáveis e Resilientes,Prevenção a Desastres,Contenção de Encostas,OGU,OGU,2023,SP,SAO BERNARDO DO CAMPO,Sudeste,"042126940",Seleção Normal,1535500.72,0,1535500.72,selecionada,,Novo PAC - Retomada,"",
M-526,Cidades Sustentáveis e Resilientes,Prevenção a Desastres,Drenagem Urbana,OGU,OGU,2023,BA,SALVADOR,Nordeste,"040248788",Seleção Normal,64191780.23,0,64191780.23,selecionada,,Novo PAC - Retomada,"",
M-527,Cidades Sustentáveis e Resilientes,Prevenção a Desastres,Drenagem Urbana,OGU,OGU,2023,PR,CURITIBA,Sul,"035103077",Seleção Normal,35374249.67,0,35374249.67,selecionada,,Novo PAC - Retomada,"",
M-528,Cidades Sustentáveis e Resilientes,Prevenção a Desastres,Drenagem Urbana,OGU,OGU,2023,PI,TERESINA,Nordeste,"035100458",Seleção Normal,53348904.58,0,53348904.58,selecionada,,Novo PAC - Retomada,"",
M-529,Cidades Sustentáveis e Resilientes,Prevenção a Desastres,Drenagem Urbana,OGU,OGU,2023,PB,PATOS,Nordeste,"041831659",Seleção Normal,1682224.24,0,1682224.24,selecionada,,Novo PAC - Retomada,"",
M-530,Cidades Sustentáveis e Resilientes,Prevenção a Desastres,Drenagem Urbana,OGU,OGU,2023,RJ,TERESOPOLIS,Sudeste,"036794242",Seleção Normal,43352487.45,0,43352487.45,selecionada,,Novo PAC - Retomada,"",
M-531,Cidades Sustentáveis e Resilientes,Prevenção a Desastres,Drenagem Urbana,OGU,OGU,2023,RJ,NOVA FRIBURGO,Sudeste,"036794024",Seleção Normal,59586722.57,0,59586722.57,selecionada,,Novo PAC - Retomada,"",
M-532,Cidades Sustentáveis e Resilientes,Prevenção a Desastres,Drenagem Urbana,OGU,OGU,2023,MG,BELO HORIZONTE,Sudeste,"035099299",Seleção Normal,30616086.72,0,30616086.72,selecionada,,Novo PAC - Retomada,"",
M-533,Cidades Sustentáveis e Resilientes,Prevenção a Desastres,Drenagem Urbana,FIN,FIN: FGTS,2023,PA,BELEM,Norte,"022849826",Seleção Normal,0,15679856,15679856,selecionada,,Novo PAC - Retomada,"",
M-534,Cidades Sustentáveis e Resilientes,Prevenção a Desastres,Drenagem Urbana,FIN,FIN: FGTS,2023,MG,BELO HORIZONTE,Sudeste,"035014645",Seleção Normal,0,6895736.43,6895736.43,selecionada,,Novo PAC - Retomada,"",
M-535,Cidades Sustentáveis e Resilientes,Prevenção a Desastres,Drenagem Urbana,FIN,FIN: FGTS,2023,MG,SANTA VITORIA,Sudeste,"050548909",Seleção Normal,0,3871049.83,3871049.83,selecionada,,Novo PAC - Retomada,"",
M-536,Cidades Sustentáveis e Resilientes,Prevenção a Desastres,Drenagem Urbana,FIN,FIN: FGTS,2023,SP,SANTOS,Sudeste,"050604113",Seleção Normal,0,57081040.56,57081040.56,selecionada,,Novo PAC - Retomada,"",
M-537,Cidades Sustentáveis e Resilientes,Prevenção a Desastres,Drenagem Urbana,FIN,FIN: FGTS,2023,MG,ARAGUARI,Sudeste,"052969491",Seleção Normal,0,95491276.78,95491276.78,selecionada,,Novo PAC - Retomada,"",
M-538,Cidades Sustentáveis e Resilientes,Prevenção a Desastres,Contenção de Encostas,OGU,OGU,2023,RJ,PETROPOLIS,Sudeste,"039611763",Seleção Normal,5060958.33,0,5060958.33,selecionada,,Novo PAC - Retomada,"",
M-539,Cidades Sustentáveis e Resilientes,Prevenção a Desastres,Contenção de Encostas,OGU,OGU,2023,MG,CONTAGEM,Sudeste,"039847985",Seleção Normal,25869437.87,0,25869437.87,selecionada,,Novo PAC - Retomada,"",
M-540,Cidades Sustentáveis e Resilientes,Prevenção a Desastres,Contenção de Encostas,OGU,OGU,2023,MG,EWBANK DA CAMARA,Sudeste,"039848344",Seleção Normal,6100656.43,0,6100656.43,selecionada,,Novo PAC - Retomada,"",
M-541,Cidades Sustentáveis e Resilientes,Prevenção a Desastres,Contenção de Encostas,OGU,OGU,2023,MG,MURIAE,Sudeste,"039848782",Seleção Normal,16732796.88,0,16732796.88,selecionada,,Novo PAC - Retomada,"",
M-542,Cidades Sustentáveis e Resilientes,Prevenção a Desastres,Contenção de Encostas,OGU,OGU,2023,MG,JOAO MONLEVADE,Sudeste,"039849141",Seleção Normal,11874472.12,0,11874472.12,selecionada,,Novo PAC - Retomada,"",
M-543,Cidades Sustentáveis e Resilientes,Prevenção a Desastres,Contenção de Encostas,OGU,OGU,2023,PE,ABREU E LIMA,Nordeste,"040231508",Seleção Normal,9447323.39,0,9447323.39,selecionada,,Novo PAC - Retomada,"",
M-544,Cidades Sustentáveis e Resilientes,Prevenção a Desastres,Contenção de Encostas,OGU,OGU,2023,PE,PAULISTA,Nordeste,"040232073",Seleção Normal,4992469.51,0,4992469.51,selecionada,,Novo PAC - Retomada,"",
M-545,Cidades Sustentáveis e Resilientes,Prevenção a Desastres,Contenção de Encostas,OGU,OGU,2023,RJ,RIO DE JANEIRO,Sudeste,"040232418",Seleção Normal,98026028.21,0,98026028.21,selecionada,,Novo PAC - Retomada,"",
M-546,Cidades Sustentáveis e Resilientes,Prevenção a Desastres,Contenção de Encostas,OGU,OGU,2023,SP,DIADEMA,Sudeste,"042126722",Seleção Normal,7574476,0,7574476,selecionada,,Novo PAC - Retomada,"",
M-547,Cidades Sustentáveis e Resilientes,Prevenção a Desastres,Drenagem Urbana,OGU,OGU,2023,ES,VILA VELHA,Sudeste,"029272517",Seleção Normal,30046895.57,0,30046895.57,selecionada,,Novo PAC - Retomada,"",
M-548,Cidades Sustentáveis e Resilientes,Prevenção a Desastres,Drenagem Urbana,OGU,OGU,2023,PR,CURITIBA,Sul,"040249470",Seleção Normal,242425077.37,0,242425077.37,selecionada,,Novo PAC - Retomada,"",
M-549,Cidades Sustentáveis e Resilientes,Prevenção a Desastres,Drenagem Urbana,OGU,OGU,2023,SC,BRUSQUE,Sul,"029275252",Seleção Normal,6502999.67,0,6502999.67,selecionada,,Novo PAC - Retomada,"",
M-550,Cidades Sustentáveis e Resilientes,Prevenção a Desastres,Drenagem Urbana,OGU,OGU,2023,RJ,RIO DE JANEIRO,Sudeste,"035104989",Seleção Normal,56688000,0,56688000,selecionada,,Novo PAC - Retomada,"",
M-551,Cidades Sustentáveis e Resilientes,Prevenção a Desastres,Drenagem Urbana,OGU,OGU,2023,PE,OLINDA,Nordeste,"029273532",Seleção Normal,9320870.83,0,9320870.83,selecionada,,Novo PAC - Retomada,"",
M-552,Cidades Sustentáveis e Resilientes,Prevenção a Desastres,Drenagem Urbana,OGU,OGU,2023,MG,BELO HORIZONTE,Sudeste,"043538449",Seleção Normal,38731626.23,0,38731626.23,selecionada,,Novo PAC - Retomada,"",
M-553,Cidades Sustentáveis e Resilientes,Prevenção a Desastres,Drenagem Urbana,OGU,OGU,2023,PR,SAO JOSE DOS PINHAIS,Sul,"035105351",Seleção Normal,23091125.89,0,23091125.89,selecionada,,Novo PAC - Retomada,"",
M-554,Cidades Sustentáveis e Resilientes,Prevenção a Desastres,Drenagem Urbana,FIN,FIN: FGTS,2023,RJ,RIO DE JANEIRO,Sudeste,"029355259",Seleção Normal,0,44295452.81,44295452.81,selecionada,,Novo PAC - Retomada,"",
M-555,Cidades Sustentáveis e Resilientes,Prevenção a Desastres,Drenagem Urbana,FIN,FIN: FGTS,2023,BA,LAURO DE FREITAS,Nordeste,"040614641",Seleção Normal,0,41369854.84,41369854.84,selecionada,,Novo PAC - Retomada,"",
M-556,Cidades Sustentáveis e Resilientes,Prevenção a Desastres,Drenagem Urbana,FIN,FIN: FGTS,2023,SP,SAO PAULO,Sudeste,"050597267",Seleção Normal,0,197754910,197754910,selecionada,,Novo PAC - Retomada,"",
M-557,Cidades Sustentáveis e Resilientes,Prevenção a Desastres,Drenagem Urbana,FIN,FIN: FGTS,2023,PI,TERESINA,Nordeste,"050593839",Seleção Normal,0,72269841.19,72269841.19,selecionada,,Novo PAC - Retomada,"",
